id,user_id,pose_id,url,verified,created_at,deleted_at,verified_at,analyze_data
23921,12895,2,https://dqktdb1dhykn6.cloudfront.net/12895-mjUT9Locw.jpg,1,"2019-12-08 23:32:07",NULL,"2019-12-11 23:05:49",NULL
8124,52807,1,https://dqktdb1dhykn6.cloudfront.net/52807-b2t97egO8.jpg,1,"2019-11-06 11:31:14",NULL,"2019-11-06 18:54:28",NULL
61491,54044,2,https://dqktdb1dhykn6.cloudfront.net/54044-ER6u30xmM.jpg,1,"2020-02-05 20:24:34",NULL,"2020-02-08 19:13:57",NULL
126510,81222,2,https://dqktdb1dhykn6.cloudfront.net/81222-ZsntmkPA7.image/jpeg,1,"2020-05-13 17:52:29",NULL,"2020-05-14 23:36:24",NULL
28638,95892,2,https://dqktdb1dhykn6.cloudfront.net/95892-qXChWTNGG.jpg,1,"2019-12-16 05:34:44",NULL,"2019-12-19 03:45:50",NULL
32098,115325,2,https://dqktdb1dhykn6.cloudfront.net/115325-ueenWkgzL.jpg,1,"2019-12-22 21:22:40",NULL,"2020-01-02 01:08:49",NULL
80482,159176,2,https://dqktdb1dhykn6.cloudfront.net/159176-zGd3llclW.jpg,1,"2020-03-07 02:01:20",NULL,"2020-03-07 14:32:05",NULL
209831,168406,1,https://dqktdb1dhykn6.cloudfront.net/168406-93dNKJuCT.image/jpg,1,"2020-08-17 01:34:43",NULL,"2020-08-17 22:14:13",NULL
44054,171425,1,https://dqktdb1dhykn6.cloudfront.net/171425-DYZPC0qOj.jpg,1,"2020-01-12 15:35:37",NULL,"2020-01-15 01:11:48",NULL
150752,201608,2,https://dqktdb1dhykn6.cloudfront.net/201608-23EmLclKj.image/jpg,1,"2020-06-10 23:04:12",NULL,"2020-06-12 02:25:07",NULL
75059,262230,2,https://dqktdb1dhykn6.cloudfront.net/262230-yODxEuKgL.jpg,1,"2020-02-26 20:37:09",NULL,"2020-02-27 03:23:57",NULL
218610,288123,2,https://dqktdb1dhykn6.cloudfront.net/288123-HfoT80Kx2.image/jpg,1,"2020-08-23 21:19:55",NULL,"2020-08-26 20:46:54",NULL
218619,288123,2,https://dqktdb1dhykn6.cloudfront.net/288123-1aXZ5AIU4.image/jpg,1,"2020-08-23 21:23:45",NULL,"2020-08-26 20:47:15",NULL
219375,288123,2,https://dqktdb1dhykn6.cloudfront.net/288123-ds4zFMt4u.image/jpg,0,"2020-08-24 03:59:15",NULL,NULL,NULL
219687,288123,1,https://dqktdb1dhykn6.cloudfront.net/288123-8jzkqZ6Mv.image/jpg,0,"2020-08-24 08:33:55",NULL,NULL,NULL
219986,288123,1,https://dqktdb1dhykn6.cloudfront.net/288123-lWAlofi2r.image/jpg,1,"2020-08-24 16:03:38",NULL,"2020-08-26 22:28:46",NULL
87174,351815,1,https://dqktdb1dhykn6.cloudfront.net/351815-8WJFf7x2r.jpg,1,"2020-03-18 19:16:05",NULL,"2020-03-19 01:07:05",NULL
18598,407551,1,https://dqktdb1dhykn6.cloudfront.net/407551-REnyQVATo.jpg,1,"2019-11-30 08:58:59",NULL,"2019-12-10 00:29:35",NULL
15295,446236,2,https://dqktdb1dhykn6.cloudfront.net/446236-spAi5MGZJ.jpg,1,"2019-11-25 23:49:49",NULL,"2019-12-01 01:26:29",NULL
3166,463119,1,https://dqktdb1dhykn6.cloudfront.net/463119-787fRj6cb.jpg,1,"2019-10-05 01:11:38",NULL,"2019-10-05 01:31:06",NULL
151626,463584,2,https://dqktdb1dhykn6.cloudfront.net/463584-LRRsSQahA.image/jpeg,1,"2020-06-11 12:59:05",NULL,"2020-06-12 15:21:24",NULL
41605,497834,2,https://dqktdb1dhykn6.cloudfront.net/497834-X6B0wvxWR.jpg,1,"2020-01-08 22:32:20",NULL,"2020-01-09 07:14:12",NULL
41606,497834,2,https://dqktdb1dhykn6.cloudfront.net/497834-btmKlpe3w.jpg,1,"2020-01-08 22:32:50",NULL,"2020-01-09 07:14:16",NULL
158590,535372,2,https://dqktdb1dhykn6.cloudfront.net/535372-TxmBak1DB.image/jpeg,0,"2020-06-17 02:29:24",NULL,NULL,"{"isR":false,"rScore":0.3748971223831177,"isAdultContent":false,"adultScore":0.2748008370399475,"faces":[]}"
159469,535372,2,https://dqktdb1dhykn6.cloudfront.net/535372-rHIim7Oko.image/jpeg,1,"2020-06-17 22:51:58",NULL,"2020-06-19 19:12:56",NULL
104364,555853,1,https://dqktdb1dhykn6.cloudfront.net/555853-nF2FEKBC0.image/jpg,1,"2020-04-12 10:26:53",NULL,"2020-04-19 23:21:56",NULL
128930,563322,2,https://dqktdb1dhykn6.cloudfront.net/563322-FL4IAuVkS.image/jpeg,1,"2020-05-17 02:06:30",NULL,"2020-05-18 21:42:45",NULL
40481,566518,1,https://dqktdb1dhykn6.cloudfront.net/566518-2cZxMcBWZ.jpg,1,"2020-01-07 00:12:33",NULL,"2020-01-08 21:07:15",NULL
76517,579634,2,https://dqktdb1dhykn6.cloudfront.net/579634-M0Wki3gA1.jpg,1,"2020-02-29 09:12:02",NULL,"2020-02-29 17:54:02",NULL
60903,583649,1,https://dqktdb1dhykn6.cloudfront.net/583649-rb5xpvh4M.jpg,1,"2020-02-04 23:20:19",NULL,"2020-02-08 16:26:58",NULL
2243,584416,1,https://dqktdb1dhykn6.cloudfront.net/584416-QnAa7Ep0F.jpg,1,"2019-09-29 21:39:22",NULL,"2019-10-01 01:29:26",NULL
24713,589111,1,https://dqktdb1dhykn6.cloudfront.net/589111-nhAwx4m3j.jpg,0,"2019-12-10 04:13:04","2019-12-12 21:06:08","2019-12-12 21:06:08",NULL
136943,589111,2,https://dqktdb1dhykn6.cloudfront.net/589111-H452SNX97.image/jpg,1,"2020-05-27 06:26:03",NULL,"2020-05-28 23:29:38",NULL
43570,595602,1,https://dqktdb1dhykn6.cloudfront.net/595602-EpBikIkrj.jpg,1,"2020-01-11 23:14:49",NULL,"2020-01-14 03:56:51",NULL
43572,595602,1,https://dqktdb1dhykn6.cloudfront.net/595602-0E7EGJ00R.jpg,1,"2020-01-11 23:16:57",NULL,"2020-01-14 03:57:04",NULL
43573,595602,1,https://dqktdb1dhykn6.cloudfront.net/595602-lB5KOfXFX.jpg,0,"2020-01-11 23:19:29","2020-01-14 03:57:14","2020-01-14 03:57:14",NULL
186295,639474,1,https://dqktdb1dhykn6.cloudfront.net/639474-15ICUyZnl.image/jpeg,1,"2020-07-20 03:50:21",NULL,"2020-07-20 23:54:42",NULL
36246,654328,2,https://dqktdb1dhykn6.cloudfront.net/654328-aD1H8YQUn.jpg,1,"2019-12-30 22:21:40",NULL,"2020-01-04 03:51:54",NULL
80460,685282,1,https://dqktdb1dhykn6.cloudfront.net/685282-3cTpLQkG2.jpg,0,"2020-03-07 01:17:15","2020-03-07 14:22:10","2020-03-07 14:22:10",NULL
121965,685282,1,https://dqktdb1dhykn6.cloudfront.net/685282-X9Ah7Puju.image/jpeg,1,"2020-05-07 02:03:20",NULL,"2020-05-07 02:42:36",NULL
15997,687229,2,https://dqktdb1dhykn6.cloudfront.net/687229-939rSy8jk.jpg,1,"2019-11-26 23:45:52",NULL,"2019-12-03 01:35:49",NULL
280144,687229,2,https://dqktdb1dhykn6.cloudfront.net/687229-LhBA6z47S.image/jpeg,1,"2020-10-06 16:28:25",NULL,"2020-10-06 18:24:28",NULL
3708,728028,1,https://dqktdb1dhykn6.cloudfront.net/728028-35tPAhibn.jpg,0,"2019-10-08 01:50:59","2019-10-08 03:56:16","2019-10-08 03:56:11",NULL
3748,728028,1,https://dqktdb1dhykn6.cloudfront.net/728028-NkhawHMh5.jpg,1,"2019-10-08 04:36:40",NULL,"2019-10-09 00:45:51",NULL
250014,738787,2,https://dqktdb1dhykn6.cloudfront.net/738787-HM1tXxh19.image/jpeg,1,"2020-09-08 05:09:04",NULL,"2020-09-11 21:05:45",NULL
250015,738787,2,https://dqktdb1dhykn6.cloudfront.net/738787-S3hMmgr4g.image/jpeg,1,"2020-09-08 05:09:12",NULL,"2020-09-11 21:05:47",NULL
250016,738787,2,https://dqktdb1dhykn6.cloudfront.net/738787-iWPwvuhcc.image/jpeg,1,"2020-09-08 05:09:24",NULL,"2020-09-11 21:05:47",NULL
250018,738787,2,https://dqktdb1dhykn6.cloudfront.net/738787-xFn9gFRIQ.image/jpeg,1,"2020-09-08 05:09:37",NULL,"2020-09-11 21:05:49",NULL
9915,760524,1,https://dqktdb1dhykn6.cloudfront.net/760524-YEENmZ2mE.jpg,1,"2019-11-12 20:03:02",NULL,"2019-11-13 01:41:35",NULL
25219,775762,1,https://dqktdb1dhykn6.cloudfront.net/775762-9Sx591ruC.jpg,0,"2019-12-11 02:59:57","2019-12-12 21:34:44","2019-12-12 21:34:44",NULL
26727,775762,1,https://dqktdb1dhykn6.cloudfront.net/775762-xIs6kyPHK.jpg,1,"2019-12-13 20:59:56",NULL,"2019-12-14 02:35:24",NULL
28129,794230,1,https://dqktdb1dhykn6.cloudfront.net/794230-OtVWPHiJH.jpg,1,"2019-12-15 20:31:40",NULL,"2019-12-19 01:51:57",NULL
28458,794666,2,https://dqktdb1dhykn6.cloudfront.net/794666-GcJa34B3y.jpg,1,"2019-12-16 02:36:56",NULL,"2019-12-19 03:29:22",NULL
28551,794666,1,https://dqktdb1dhykn6.cloudfront.net/794666-Oa3MeY5u2.jpg,1,"2019-12-16 04:22:25",NULL,"2019-12-19 03:38:58",NULL
51754,814462,2,https://dqktdb1dhykn6.cloudfront.net/814462-Bnk14YzrV.jpg,1,"2020-01-24 04:52:37",NULL,"2020-01-28 05:05:23",NULL
57672,841174,2,https://dqktdb1dhykn6.cloudfront.net/841174-6IGT5ez5G.jpg,1,"2020-02-01 03:58:12",NULL,"2020-02-06 03:07:38",NULL
57986,841601,2,https://dqktdb1dhykn6.cloudfront.net/841601-nguXKc3OF.jpg,1,"2020-02-01 15:28:36",NULL,"2020-02-06 03:40:55",NULL
70514,844601,1,https://dqktdb1dhykn6.cloudfront.net/844601-abRfOOo35.jpg,1,"2020-02-19 22:44:46",NULL,"2020-02-21 03:14:00",NULL
62728,847566,2,https://dqktdb1dhykn6.cloudfront.net/847566-XzuhY53uK.jpg,1,"2020-02-07 18:13:16",NULL,"2020-02-12 03:52:46",NULL
65627,851276,2,https://dqktdb1dhykn6.cloudfront.net/851276-lzJinR28X.jpg,1,"2020-02-11 05:22:25",NULL,"2020-02-14 04:50:23",NULL
65647,851276,1,https://dqktdb1dhykn6.cloudfront.net/851276-mEj8UXbkN.jpg,1,"2020-02-11 05:42:09",NULL,"2020-02-14 04:51:05",NULL
65650,851276,2,https://dqktdb1dhykn6.cloudfront.net/851276-HTKfrFYO7.jpg,1,"2020-02-11 05:46:51",NULL,"2020-02-14 04:51:12",NULL
65729,851276,1,https://dqktdb1dhykn6.cloudfront.net/851276-CmJr7wON7.jpg,1,"2020-02-11 09:00:18",NULL,"2020-02-14 04:58:26",NULL
65730,851276,2,https://dqktdb1dhykn6.cloudfront.net/851276-oovyltRmU.jpg,1,"2020-02-11 09:07:05",NULL,"2020-02-14 04:58:27",NULL
66735,851276,1,https://dqktdb1dhykn6.cloudfront.net/851276-b65MOgbb2.jpg,1,"2020-02-13 01:28:26",NULL,"2020-02-14 05:58:42",NULL
66736,851276,1,https://dqktdb1dhykn6.cloudfront.net/851276-OJf2lZOn5.jpg,1,"2020-02-13 01:30:18",NULL,"2020-02-14 05:58:50",NULL
67022,851276,1,https://dqktdb1dhykn6.cloudfront.net/851276-FQiaiyEHK.jpg,1,"2020-02-13 08:27:20",NULL,"2020-03-18 22:31:30",NULL
67224,851276,1,https://dqktdb1dhykn6.cloudfront.net/851276-7NrsS9lIF.jpg,1,"2020-02-13 21:12:32",NULL,"2020-03-18 22:32:01",NULL
67225,851276,1,https://dqktdb1dhykn6.cloudfront.net/851276-zCpXqZ2PP.jpg,1,"2020-02-13 21:14:57",NULL,"2020-03-18 22:32:03",NULL
70777,857319,1,https://dqktdb1dhykn6.cloudfront.net/857319-lah1heG2T.jpg,1,"2020-02-20 04:40:01",NULL,"2020-02-21 03:27:39",NULL
73841,861879,2,https://dqktdb1dhykn6.cloudfront.net/861879-YzKFFcV0P.jpg,1,"2020-02-24 19:08:57",NULL,"2020-02-26 04:21:14",NULL
79366,870019,1,https://dqktdb1dhykn6.cloudfront.net/870019-6wukMRDMH.jpg,0,"2020-03-04 22:47:05","2020-03-05 02:27:47","2020-03-05 02:27:47",NULL
297338,870019,2,https://dqktdb1dhykn6.cloudfront.net/870019-HFl5RTzIH.image/jpg,1,"2020-10-28 04:34:31",NULL,"2020-10-28 16:39:55",NULL
79474,870194,1,https://dqktdb1dhykn6.cloudfront.net/870194-XD0Y6E2tb.jpg,1,"2020-03-05 02:31:15",NULL,"2020-03-05 02:33:49",NULL
85976,880366,2,https://dqktdb1dhykn6.cloudfront.net/880366-BSv16pytD.jpg,1,"2020-03-16 18:25:54",NULL,"2020-03-17 02:05:58",NULL
91488,889057,2,https://dqktdb1dhykn6.cloudfront.net/889057-Wv7YDGw6I.jpg,1,"2020-03-25 06:47:16",NULL,"2020-03-31 21:06:15",NULL
94977,894547,1,https://dqktdb1dhykn6.cloudfront.net/894547-kEGpD2IXT.jpg,1,"2020-03-30 14:19:23",NULL,"2020-04-07 04:07:05",NULL
98131,899463,2,https://dqktdb1dhykn6.cloudfront.net/899463-xuULrTYFI.image/jpeg,1,"2020-04-04 06:27:15",NULL,"2020-04-11 17:23:58",NULL
98326,899776,1,https://dqktdb1dhykn6.cloudfront.net/899776-4CymJ8aAj.image/jpg,1,"2020-04-04 18:28:39",NULL,"2020-04-06 21:31:01",NULL
103227,906812,1,https://dqktdb1dhykn6.cloudfront.net/906812-aS5ZKFIw9.image/jpeg,1,"2020-04-10 23:01:39",NULL,"2020-04-13 19:16:18",NULL
304644,906812,2,https://dqktdb1dhykn6.cloudfront.net/906812-duIsE0Mwy.image/jpeg,1,"2020-11-06 20:53:38",NULL,"2020-11-12 18:30:21",NULL
114342,924365,2,https://dqktdb1dhykn6.cloudfront.net/924365-mIuEzuhzi.image/jpeg,1,"2020-04-26 08:16:03",NULL,"2020-04-27 22:57:09",NULL
126265,942935,2,https://dqktdb1dhykn6.cloudfront.net/942935-lOw3u7C2S.image/jpeg,1,"2020-05-13 05:20:44",NULL,"2020-05-14 23:09:17",NULL
127314,944529,2,https://dqktdb1dhykn6.cloudfront.net/944529-xMco0FQ9S.image/jpeg,1,"2020-05-14 20:47:43",NULL,"2020-05-15 00:49:56",NULL
262415,944529,1,https://dqktdb1dhykn6.cloudfront.net/944529-Wws2xsAqs.image/jpeg,0,"2020-09-18 02:29:20",NULL,NULL,NULL
268090,944529,2,https://dqktdb1dhykn6.cloudfront.net/944529-D8FWoGjnv.image/jpeg,1,"2020-09-24 01:41:40",NULL,"2020-09-24 17:13:23",NULL
198847,951264,1,https://dqktdb1dhykn6.cloudfront.net/951264-O6Cx8Xg7u.image/jpeg,1,"2020-08-05 06:12:40",NULL,"2020-08-05 14:44:34",NULL
198848,951264,1,https://dqktdb1dhykn6.cloudfront.net/951264-StgBOR2EA.image/jpeg,1,"2020-08-05 06:13:14",NULL,"2020-08-05 14:44:36",NULL
198849,951264,1,https://dqktdb1dhykn6.cloudfront.net/951264-Kz8z0OSFI.image/jpeg,1,"2020-08-05 06:13:47",NULL,"2020-08-05 14:44:37",NULL
198854,951264,1,https://dqktdb1dhykn6.cloudfront.net/951264-YGhQmy6SR.image/jpeg,1,"2020-08-05 06:20:46",NULL,"2020-08-05 14:44:54",NULL
136352,958038,2,https://dqktdb1dhykn6.cloudfront.net/958038-LVYnl2XyH.image/jpeg,1,"2020-05-26 17:50:27",NULL,"2020-05-28 03:12:55",NULL
137410,959620,2,https://dqktdb1dhykn6.cloudfront.net/959620-BwMReNUx1.image/jpg,0,"2020-05-28 01:52:15",NULL,NULL,NULL
137423,959620,2,https://dqktdb1dhykn6.cloudfront.net/959620-FJwYHSJ5R.image/jpg,1,"2020-05-28 02:07:42",NULL,"2020-05-29 03:15:47",NULL
262938,964716,1,https://dqktdb1dhykn6.cloudfront.net/964716-km0N8Ve5S.image/jpeg,1,"2020-09-18 18:18:27",NULL,"2020-09-18 18:22:05",NULL
146613,971608,2,https://dqktdb1dhykn6.cloudfront.net/971608-HyzdbiYiW.image/jpg,1,"2020-06-08 03:25:27",NULL,"2020-06-10 13:52:26","{"isR":false,"rScore":0.007067171856760979,"isAdultContent":false,"adultScore":0.0036711678840219975,"faces":[{"age":19,"gender":"Male","faceRectangle":{"left":289,"top":471,"width":511,"height":511}}]}"
159820,982264,2,https://dqktdb1dhykn6.cloudfront.net/982264-F8ENwrszW.image/jpeg,1,"2020-06-18 04:06:14",NULL,"2020-06-18 15:23:47","{"isR":false,"rScore":0.027770301327109337,"isAdultContent":false,"adultScore":0.027042951434850693,"faces":[{"age":27,"gender":"Male","faceRectangle":{"left":808,"top":1515,"width":1461,"height":1461}}]}"
172961,997331,2,https://dqktdb1dhykn6.cloudfront.net/997331-Grn0c4IQo.image/jpeg,1,"2020-07-03 06:12:35",NULL,"2020-07-03 17:13:28",NULL
179483,1005474,1,https://dqktdb1dhykn6.cloudfront.net/1005474-9RM3ANhC7.image/jpeg,1,"2020-07-11 06:20:51",NULL,"2020-07-11 15:27:56",NULL
182084,1006551,2,https://dqktdb1dhykn6.cloudfront.net/1006551-aySnyC4C3.image/jpg,1,"2020-07-14 18:16:49",NULL,"2020-07-14 21:43:04",NULL
215461,1022227,1,https://dqktdb1dhykn6.cloudfront.net/1022227-mxAbkyG2v.image/jpg,1,"2020-08-21 14:18:30",NULL,"2020-08-21 21:16:12",NULL
194359,1024264,2,https://dqktdb1dhykn6.cloudfront.net/1024264-ewDzI24r2.image/jpg,1,"2020-07-30 14:08:40",NULL,"2020-07-30 14:10:56",NULL
277410,1024264,2,https://dqktdb1dhykn6.cloudfront.net/1024264-sC0VwireW.image/jpg,1,"2020-10-04 01:59:02",NULL,"2020-10-05 17:03:16",NULL
199184,1030286,2,https://dqktdb1dhykn6.cloudfront.net/1030286-l8qd5gtxO.image/jpeg,1,"2020-08-05 21:48:47",NULL,"2020-08-05 22:15:30",NULL
267128,1030286,1,https://dqktdb1dhykn6.cloudfront.net/1030286-cmY5tQwLH.image/jpeg,1,"2020-09-23 00:09:08",NULL,"2020-09-23 17:57:02",NULL
329292,1030286,2,https://dqktdb1dhykn6.cloudfront.net/1030286-bQqoHgLNy.image/jpeg,1,"2020-12-08 17:42:17",NULL,"2020-12-09 18:03:38",NULL
200645,1032072,2,https://dqktdb1dhykn6.cloudfront.net/1032072-fp9A5Lvi5.image/jpg,1,"2020-08-07 23:06:50",NULL,"2020-08-10 16:39:01",NULL
216230,1045093,1,https://dqktdb1dhykn6.cloudfront.net/1045093-HK4gesgUR.image/jpg,1,"2020-08-22 04:43:13",NULL,"2020-08-24 23:24:20",NULL
216382,1045093,2,https://dqktdb1dhykn6.cloudfront.net/1045093-uPVb2cw6v.image/jpg,1,"2020-08-22 07:33:34",NULL,"2020-08-24 23:31:37",NULL
216507,1045093,2,https://dqktdb1dhykn6.cloudfront.net/1045093-0VF3W9m7v.image/jpg,1,"2020-08-22 13:00:32",NULL,"2020-08-24 23:36:21",NULL
216697,1045093,2,https://dqktdb1dhykn6.cloudfront.net/1045093-Th6GE0E48.image/jpg,1,"2020-08-22 17:05:47",NULL,"2020-08-24 23:42:17",NULL
217306,1045093,2,https://dqktdb1dhykn6.cloudfront.net/1045093-K6Ltif5Qk.image/jpg,0,"2020-08-23 01:40:46",NULL,NULL,NULL
217703,1045093,2,https://dqktdb1dhykn6.cloudfront.net/1045093-ZzW8HyHib.image/jpg,0,"2020-08-23 05:20:34",NULL,NULL,NULL
218005,1045093,2,https://dqktdb1dhykn6.cloudfront.net/1045093-fkBATm2F0.image/jpg,0,"2020-08-23 13:23:14",NULL,NULL,NULL
218504,1045093,2,https://dqktdb1dhykn6.cloudfront.net/1045093-Yc8BfZ64V.image/jpg,1,"2020-08-23 20:20:47",NULL,"2020-08-26 20:28:57",NULL
218543,1045093,2,https://dqktdb1dhykn6.cloudfront.net/1045093-inUqxdB0B.image/jpg,1,"2020-08-23 20:45:04",NULL,"2020-08-26 20:30:42",NULL
218707,1045093,2,https://dqktdb1dhykn6.cloudfront.net/1045093-IF654BWSu.image/jpg,1,"2020-08-23 22:13:30",NULL,"2020-08-26 20:54:45",NULL
218736,1045093,2,https://dqktdb1dhykn6.cloudfront.net/1045093-sVEiOiVPX.image/jpg,1,"2020-08-23 22:27:05",NULL,"2020-08-26 21:06:36",NULL
219258,1045093,2,https://dqktdb1dhykn6.cloudfront.net/1045093-02Hgi1Gx3.image/jpg,1,"2020-08-24 03:01:27",NULL,"2020-08-26 21:47:54",NULL
219357,1045093,2,https://dqktdb1dhykn6.cloudfront.net/1045093-mMnW3InBg.image/jpg,1,"2020-08-24 03:50:08",NULL,"2020-08-26 21:55:11",NULL
220816,1045093,2,https://dqktdb1dhykn6.cloudfront.net/1045093-nnfrWDmfX.image/jpg,1,"2020-08-25 01:35:53",NULL,"2020-08-27 18:59:06",NULL
221153,1045093,2,https://dqktdb1dhykn6.cloudfront.net/1045093-IJ0AdXe7X.image/jpg,1,"2020-08-25 03:57:01",NULL,"2020-08-27 22:12:21",NULL
221528,1045093,2,https://dqktdb1dhykn6.cloudfront.net/1045093-1UHj2Swhd.image/jpg,1,"2020-08-25 08:20:08",NULL,"2020-08-27 22:30:35",NULL
222613,1045093,2,https://dqktdb1dhykn6.cloudfront.net/1045093-mEqoxmp4H.image/jpg,1,"2020-08-25 23:49:02",NULL,"2020-08-28 21:30:00",NULL
223269,1045093,2,https://dqktdb1dhykn6.cloudfront.net/1045093-Z4GzYQMMG.image/jpg,1,"2020-08-26 04:47:58",NULL,"2020-08-28 22:22:10",NULL
224044,1045093,2,https://dqktdb1dhykn6.cloudfront.net/1045093-RpcEWg5bv.image/jpg,1,"2020-08-26 17:43:20",NULL,"2020-08-31 21:29:31",NULL
224538,1045093,2,https://dqktdb1dhykn6.cloudfront.net/1045093-Gn7wZAJ4z.image/jpg,1,"2020-08-26 22:36:48",NULL,"2020-08-31 21:58:16",NULL
225049,1045093,2,https://dqktdb1dhykn6.cloudfront.net/1045093-Kym0PsSbw.image/jpg,0,"2020-08-27 03:26:09",NULL,NULL,NULL
225066,1045093,2,https://dqktdb1dhykn6.cloudfront.net/1045093-yYkjJPY3h.image/jpg,1,"2020-08-27 03:37:38",NULL,"2020-08-31 22:43:17",NULL
226114,1045093,2,https://dqktdb1dhykn6.cloudfront.net/1045093-J4rJfzJx4.image/jpg,0,"2020-08-27 19:42:25",NULL,NULL,NULL
226574,1045093,2,https://dqktdb1dhykn6.cloudfront.net/1045093-qjC6iFnBk.image/jpg,1,"2020-08-28 00:18:25",NULL,"2020-09-01 20:57:05",NULL
226975,1045093,2,https://dqktdb1dhykn6.cloudfront.net/1045093-oLn8mHbjH.image/jpg,1,"2020-08-28 03:31:37",NULL,"2020-09-01 21:53:17",NULL
227595,1045093,2,https://dqktdb1dhykn6.cloudfront.net/1045093-o40T1jm1U.image/jpg,1,"2020-08-28 14:34:44",NULL,"2020-09-02 18:02:44",NULL
228068,1045093,2,https://dqktdb1dhykn6.cloudfront.net/1045093-yIfK03yi2.image/jpg,1,"2020-08-28 20:33:52",NULL,"2020-09-02 20:46:33",NULL
228379,1045093,2,https://dqktdb1dhykn6.cloudfront.net/1045093-OgxarxvL2.image/jpg,1,"2020-08-28 23:22:59",NULL,"2020-09-02 21:02:50",NULL
228899,1045093,2,https://dqktdb1dhykn6.cloudfront.net/1045093-4bwS7No5k.image/jpg,1,"2020-08-29 04:04:15",NULL,"2020-09-02 21:21:49",NULL
229289,1045093,2,https://dqktdb1dhykn6.cloudfront.net/1045093-oo7nPO3rO.image/jpg,1,"2020-08-29 10:16:21",NULL,"2020-09-02 21:30:07",NULL
229826,1045093,2,https://dqktdb1dhykn6.cloudfront.net/1045093-b8atsG06G.image/jpg,1,"2020-08-29 18:11:29",NULL,"2020-09-02 22:20:24",NULL
229986,1045093,2,https://dqktdb1dhykn6.cloudfront.net/1045093-IHZpQwKXF.image/jpg,1,"2020-08-29 19:50:40",NULL,"2020-09-02 22:25:20",NULL
230466,1045093,2,https://dqktdb1dhykn6.cloudfront.net/1045093-tEXNe2WBd.image/jpg,1,"2020-08-30 00:19:03",NULL,"2020-09-02 22:54:01",NULL
230890,1045093,2,https://dqktdb1dhykn6.cloudfront.net/1045093-V9kmaB9QG.image/jpg,1,"2020-08-30 03:47:19",NULL,"2020-09-03 15:24:48",NULL
231158,1045093,2,https://dqktdb1dhykn6.cloudfront.net/1045093-0qf8ho2dm.image/jpg,0,"2020-08-30 05:46:02",NULL,NULL,NULL
232183,1045093,2,https://dqktdb1dhykn6.cloudfront.net/1045093-pYfjPFaDS.image/jpg,1,"2020-08-30 19:48:26",NULL,"2020-09-03 17:18:56",NULL
232429,1045093,2,https://dqktdb1dhykn6.cloudfront.net/1045093-vg5Az1vXN.image/jpg,1,"2020-08-30 21:45:51",NULL,"2020-09-03 17:39:08",NULL
232458,1045093,2,https://dqktdb1dhykn6.cloudfront.net/1045093-1EsYszTwo.image/jpg,1,"2020-08-30 22:01:14",NULL,"2020-09-03 17:41:31",NULL
232956,1045093,2,https://dqktdb1dhykn6.cloudfront.net/1045093-wBpynaaCz.image/jpg,1,"2020-08-31 01:13:04",NULL,"2020-09-03 18:30:26",NULL
233185,1045093,2,https://dqktdb1dhykn6.cloudfront.net/1045093-oopPvpMUb.image/jpg,1,"2020-08-31 02:42:29",NULL,"2020-09-03 18:53:30",NULL
235519,1045093,2,https://dqktdb1dhykn6.cloudfront.net/1045093-vx2gJCrhX.image/jpg,1,"2020-09-01 04:22:18",NULL,"2020-09-03 22:20:43",NULL
235783,1045093,2,https://dqktdb1dhykn6.cloudfront.net/1045093-x76QE0FOZ.image/jpg,1,"2020-09-01 08:30:37",NULL,"2020-09-03 22:31:38",NULL
235795,1045093,2,https://dqktdb1dhykn6.cloudfront.net/1045093-gvTZGWFGt.image/jpg,1,"2020-09-01 08:53:46",NULL,"2020-09-03 22:31:51",NULL
236297,1045093,2,https://dqktdb1dhykn6.cloudfront.net/1045093-dIjfe5Ahd.image/jpg,1,"2020-09-01 17:16:35",NULL,"2020-09-03 22:46:20",NULL
236298,1045093,2,https://dqktdb1dhykn6.cloudfront.net/1045093-CqRSjvpgu.image/jpg,0,"2020-09-01 17:17:11",NULL,NULL,NULL
236299,1045093,2,https://dqktdb1dhykn6.cloudfront.net/1045093-65GQrJRCM.image/jpg,1,"2020-09-01 17:17:59",NULL,"2020-09-03 22:46:24",NULL
237284,1045093,2,https://dqktdb1dhykn6.cloudfront.net/1045093-Q4qNiyfqH.image/jpg,0,"2020-09-02 03:26:03",NULL,NULL,NULL
237292,1045093,2,https://dqktdb1dhykn6.cloudfront.net/1045093-zfgHYseHV.image/jpg,1,"2020-09-02 03:30:24",NULL,"2020-09-04 18:18:39",NULL
238175,1045093,2,https://dqktdb1dhykn6.cloudfront.net/1045093-sUM80cpnA.image/jpg,1,"2020-09-02 17:57:46",NULL,"2020-09-04 19:06:07",NULL
238352,1045093,2,https://dqktdb1dhykn6.cloudfront.net/1045093-1Sf3gf04N.image/jpg,1,"2020-09-02 19:52:23",NULL,"2020-09-04 19:12:57",NULL
238407,1045093,2,https://dqktdb1dhykn6.cloudfront.net/1045093-zUO3hYtYi.image/jpg,0,"2020-09-02 20:28:37",NULL,NULL,NULL
238645,1045093,2,https://dqktdb1dhykn6.cloudfront.net/1045093-ADaxg3Je6.image/jpg,1,"2020-09-02 22:44:23",NULL,"2020-09-04 19:40:13",NULL
238675,1045093,2,https://dqktdb1dhykn6.cloudfront.net/1045093-VAFKOSWY3.image/jpg,1,"2020-09-02 22:57:08",NULL,"2020-09-04 19:42:19",NULL
238893,1045093,2,https://dqktdb1dhykn6.cloudfront.net/1045093-lOqUmUaIv.image/jpg,1,"2020-09-03 00:52:19",NULL,"2020-09-04 19:58:02",NULL
239160,1045093,2,https://dqktdb1dhykn6.cloudfront.net/1045093-MzMf5Q9AE.image/jpg,1,"2020-09-03 03:01:55",NULL,"2020-09-08 20:02:41",NULL
239222,1045093,2,https://dqktdb1dhykn6.cloudfront.net/1045093-Wq53iuANN.image/jpg,1,"2020-09-03 03:32:56",NULL,"2020-09-08 20:05:38",NULL
239436,1045093,2,https://dqktdb1dhykn6.cloudfront.net/1045093-NwBEuq53O.image/jpg,1,"2020-09-03 05:09:57",NULL,"2020-09-08 20:21:12",NULL
239710,1045093,2,https://dqktdb1dhykn6.cloudfront.net/1045093-WrGTJ9fRu.image/jpg,1,"2020-09-03 10:05:24",NULL,"2020-09-08 20:38:31",NULL
239727,1045093,2,https://dqktdb1dhykn6.cloudfront.net/1045093-IaZM8q9JU.image/jpg,1,"2020-09-03 10:43:09",NULL,"2020-09-08 20:39:05",NULL
239728,1045093,2,https://dqktdb1dhykn6.cloudfront.net/1045093-gSv54Uu2r.image/jpg,1,"2020-09-03 10:43:11",NULL,"2020-09-08 20:39:08",NULL
240240,1045093,2,https://dqktdb1dhykn6.cloudfront.net/1045093-oZvhIxGsf.image/jpg,1,"2020-09-03 18:43:37",NULL,"2020-09-08 20:57:50",NULL
240333,1045093,2,https://dqktdb1dhykn6.cloudfront.net/1045093-xA1f2p9oD.image/jpg,1,"2020-09-03 19:50:37",NULL,"2020-09-08 20:59:59",NULL
240858,1045093,2,https://dqktdb1dhykn6.cloudfront.net/1045093-BGjEjt7y6.image/jpg,1,"2020-09-04 00:46:43",NULL,"2020-09-08 21:16:26",NULL
241082,1045093,2,https://dqktdb1dhykn6.cloudfront.net/1045093-kTSdO7ScK.image/jpg,1,"2020-09-04 03:05:43",NULL,"2020-09-08 21:20:57",NULL
241939,1045093,2,https://dqktdb1dhykn6.cloudfront.net/1045093-Tz8ENXcRf.image/jpg,1,"2020-09-04 17:00:47",NULL,"2020-09-08 22:12:20",NULL
242152,1045093,2,https://dqktdb1dhykn6.cloudfront.net/1045093-gAlOKQoAr.image/jpg,1,"2020-09-04 19:27:28",NULL,"2020-09-08 22:18:02",NULL
242177,1045093,2,https://dqktdb1dhykn6.cloudfront.net/1045093-oeLJfHZ8b.image/jpg,1,"2020-09-04 19:47:30",NULL,"2020-09-08 22:19:01",NULL
242419,1045093,2,https://dqktdb1dhykn6.cloudfront.net/1045093-23AIabGXR.image/jpg,1,"2020-09-04 22:54:32",NULL,"2020-09-08 22:39:26",NULL
242972,1045093,2,https://dqktdb1dhykn6.cloudfront.net/1045093-2ep4pJd23.image/jpg,1,"2020-09-05 03:57:53",NULL,"2020-09-09 16:22:04",NULL
243109,1045093,2,https://dqktdb1dhykn6.cloudfront.net/1045093-LyE0MuR7U.image/jpg,1,"2020-09-05 05:15:32",NULL,"2020-09-09 16:27:24",NULL
243947,1045093,2,https://dqktdb1dhykn6.cloudfront.net/1045093-IKNa0diTl.image/jpg,1,"2020-09-05 19:48:15",NULL,"2020-09-09 21:38:29",NULL
244219,1045093,2,https://dqktdb1dhykn6.cloudfront.net/1045093-VvQ3oXtEG.image/jpg,1,"2020-09-05 22:22:39",NULL,"2020-09-09 22:58:23",NULL
245066,1045093,2,https://dqktdb1dhykn6.cloudfront.net/1045093-Qxjjtsckz.image/jpg,1,"2020-09-06 04:57:34",NULL,"2020-09-10 17:47:48",NULL
245816,1045093,2,https://dqktdb1dhykn6.cloudfront.net/1045093-uzzd7Cc3Q.image/jpg,1,"2020-09-06 16:25:58",NULL,"2020-09-10 18:21:53",NULL
246312,1045093,2,https://dqktdb1dhykn6.cloudfront.net/1045093-0LKfsW9RP.image/jpg,1,"2020-09-06 20:12:54",NULL,"2020-09-10 18:53:10",NULL
246958,1045093,2,https://dqktdb1dhykn6.cloudfront.net/1045093-5HJw2GLCj.image/jpg,1,"2020-09-07 00:32:03",NULL,"2020-09-10 19:26:23",NULL
247553,1045093,2,https://dqktdb1dhykn6.cloudfront.net/1045093-E2DnlqKie.image/jpg,1,"2020-09-07 04:17:39",NULL,"2020-09-10 19:42:23",NULL
247720,1045093,2,https://dqktdb1dhykn6.cloudfront.net/1045093-C13Vlmee8.image/jpg,1,"2020-09-07 05:34:12",NULL,"2020-09-10 19:47:40",NULL
248559,1045093,2,https://dqktdb1dhykn6.cloudfront.net/1045093-Bm1etER12.image/jpg,1,"2020-09-07 18:15:26",NULL,"2020-09-11 19:45:20",NULL
248804,1045093,2,https://dqktdb1dhykn6.cloudfront.net/1045093-Zeg7e0gov.image/jpg,1,"2020-09-07 20:26:45",NULL,"2020-09-11 20:02:39",NULL
249085,1045093,2,https://dqktdb1dhykn6.cloudfront.net/1045093-8rrF7TAHP.image/jpg,1,"2020-09-07 22:34:56",NULL,"2020-09-11 20:14:11",NULL
249365,1045093,2,https://dqktdb1dhykn6.cloudfront.net/1045093-1zYu1DuIe.image/jpg,1,"2020-09-08 00:42:25",NULL,"2020-09-11 20:28:21",NULL
249776,1045093,2,https://dqktdb1dhykn6.cloudfront.net/1045093-WEoDb5JMJ.image/jpg,1,"2020-09-08 03:31:11",NULL,"2020-09-11 20:45:23",NULL
250853,1045093,2,https://dqktdb1dhykn6.cloudfront.net/1045093-PpkPsHiEV.image/jpg,1,"2020-09-08 17:21:54",NULL,"2020-09-11 21:36:50",NULL
251069,1045093,2,https://dqktdb1dhykn6.cloudfront.net/1045093-YxcgkYW6o.image/jpg,1,"2020-09-08 19:17:20",NULL,"2020-09-11 21:44:03",NULL
217595,1047816,2,https://dqktdb1dhykn6.cloudfront.net/1047816-C3e2fH7CC.image/jpg,1,"2020-08-23 04:36:13",NULL,"2020-08-25 16:37:13",NULL
217599,1047816,2,https://dqktdb1dhykn6.cloudfront.net/1047816-lopP9eOLV.image/jpg,1,"2020-08-23 04:37:45",NULL,"2020-08-25 16:38:44",NULL
217678,1047816,2,https://dqktdb1dhykn6.cloudfront.net/1047816-dza8wn1mK.image/jpg,1,"2020-08-23 05:08:24",NULL,"2020-08-25 16:52:20",NULL
218237,1047816,2,https://dqktdb1dhykn6.cloudfront.net/1047816-M4Qp3NZC1.image/jpg,1,"2020-08-23 17:37:55",NULL,"2020-08-26 20:13:04",NULL
221217,1047816,2,https://dqktdb1dhykn6.cloudfront.net/1047816-YOXn9ezFo.image/jpg,1,"2020-08-25 04:20:36",NULL,"2020-08-27 22:14:21",NULL
221228,1047816,2,https://dqktdb1dhykn6.cloudfront.net/1047816-DS8Zg1f10.image/jpg,1,"2020-08-25 04:26:38",NULL,"2020-08-27 22:14:36",NULL
222367,1047816,2,https://dqktdb1dhykn6.cloudfront.net/1047816-KFAH7qiI0.image/jpg,1,"2020-08-25 21:28:11",NULL,"2020-08-28 21:17:26",NULL
222408,1047816,2,https://dqktdb1dhykn6.cloudfront.net/1047816-VTgq3Hmko.image/jpg,1,"2020-08-25 21:53:49",NULL,"2020-08-28 21:19:22",NULL
222988,1047816,2,https://dqktdb1dhykn6.cloudfront.net/1047816-e4BX5Bc2A.image/jpg,1,"2020-08-26 02:43:54",NULL,"2020-08-28 22:10:38",NULL
223677,1047816,2,https://dqktdb1dhykn6.cloudfront.net/1047816-g1QsYKzCR.image/jpg,1,"2020-08-26 13:28:13",NULL,"2020-08-28 22:32:34",NULL
223748,1047816,2,https://dqktdb1dhykn6.cloudfront.net/1047816-H6bWErY5o.image/jpg,1,"2020-08-26 14:27:07",NULL,"2020-08-28 22:34:31",NULL
223890,1047816,2,https://dqktdb1dhykn6.cloudfront.net/1047816-8qbcCk4Sm.image/jpg,1,"2020-08-26 16:04:38",NULL,"2020-08-28 22:37:36",NULL
225151,1047816,2,https://dqktdb1dhykn6.cloudfront.net/1047816-3lq1KVb5F.image/jpg,1,"2020-08-27 04:10:57",NULL,"2020-08-31 22:54:04",NULL
225563,1047816,2,https://dqktdb1dhykn6.cloudfront.net/1047816-1F2fUG3rH.image/jpg,1,"2020-08-27 12:29:56",NULL,"2020-09-01 20:19:59",NULL
229982,1047816,2,https://dqktdb1dhykn6.cloudfront.net/1047816-Rn6PfFVg1.image/jpg,1,"2020-08-29 19:47:37",NULL,"2020-09-02 22:25:10",NULL
233488,1047816,2,https://dqktdb1dhykn6.cloudfront.net/1047816-w9R6Btwxu.image/jpg,1,"2020-08-31 04:49:50",NULL,"2020-09-03 20:32:43",NULL
229797,1055435,2,https://dqktdb1dhykn6.cloudfront.net/1055435-56YtUtEmC.image/jpg,1,"2020-08-29 17:51:36",NULL,"2020-09-02 18:22:41",NULL
252615,1055435,2,https://dqktdb1dhykn6.cloudfront.net/1055435-tS2iUZFOI.image/jpg,1,"2020-09-09 09:53:59",NULL,"2020-09-21 17:08:19",NULL
233888,1056590,1,https://dqktdb1dhykn6.cloudfront.net/1056590-kUoN9RiAn.image/jpg,1,"2020-08-31 12:14:01",NULL,"2020-09-03 20:50:54",NULL
239894,1061199,2,https://dqktdb1dhykn6.cloudfront.net/1061199-3JPHEPQpl.image/jpeg,1,"2020-09-03 14:15:45",NULL,"2020-09-08 20:44:14",NULL
255547,1070790,2,https://dqktdb1dhykn6.cloudfront.net/1070790-x59ceZ3i0.image/jpg,1,"2020-09-11 19:07:38",NULL,"2020-09-11 19:48:21",NULL
260656,1076016,2,https://dqktdb1dhykn6.cloudfront.net/1076016-4mRHWfKxu.image/jpg,1,"2020-09-16 03:34:27",NULL,"2020-09-20 01:21:19",NULL
262632,1078257,2,https://dqktdb1dhykn6.cloudfront.net/1078257-13HYizP4t.image/jpeg,1,"2020-09-18 05:48:07",NULL,"2020-09-23 15:40:59",NULL
264125,1079587,2,https://dqktdb1dhykn6.cloudfront.net/1079587-eR2aSu17T.image/jpg,1,"2020-09-20 00:06:07",NULL,"2020-09-23 16:26:55",NULL
271446,1080341,1,https://dqktdb1dhykn6.cloudfront.net/1080341-W16yp16rs.image/jpeg,1,"2020-09-27 16:21:42",NULL,"2020-09-28 19:19:16",NULL
265137,1080877,2,https://dqktdb1dhykn6.cloudfront.net/1080877-N336LC3Gi.image/jpeg,1,"2020-09-20 23:28:46",NULL,"2020-09-21 14:25:32",NULL
271767,1087511,1,https://dqktdb1dhykn6.cloudfront.net/1087511-3vFuO17ZM.image/jpeg,1,"2020-09-27 22:07:16",NULL,"2020-09-28 19:42:06",NULL
272813,1089343,2,https://dqktdb1dhykn6.cloudfront.net/1089343-0Dv90tGr0.image/jpg,1,"2020-09-28 23:09:32",NULL,"2020-09-29 17:09:11",NULL
274042,1090618,2,https://dqktdb1dhykn6.cloudfront.net/1090618-40JM10I8r.image/jpg,1,"2020-09-30 04:49:49",NULL,"2020-09-30 18:22:41",NULL
279038,1096120,2,https://dqktdb1dhykn6.cloudfront.net/1096120-3ZIbCgUOx.image/jpg,1,"2020-10-05 06:54:19",NULL,"2020-10-05 15:51:20",NULL
279094,1096190,2,https://dqktdb1dhykn6.cloudfront.net/1096190-s66WMhDdn.image/jpeg,1,"2020-10-05 09:56:11",NULL,"2020-10-05 14:44:50",NULL
316954,1096190,2,https://dqktdb1dhykn6.cloudfront.net/1096190-6wModmhcs.image/jpeg,1,"2020-11-22 17:52:54",NULL,"2020-11-23 20:22:54",NULL
284392,1102148,1,https://dqktdb1dhykn6.cloudfront.net/1102148-Azy7L7zkc.image/jpeg,1,"2020-10-11 18:41:08",NULL,"2020-10-16 18:46:29",NULL
287078,1102750,1,https://dqktdb1dhykn6.cloudfront.net/1102750-3er0WBn6M.image/jpeg,1,"2020-10-14 22:17:47",NULL,"2020-10-20 19:54:16",NULL
287934,1106190,2,https://dqktdb1dhykn6.cloudfront.net/1106190-tXb6bN59X.image/jpeg,1,"2020-10-16 01:27:42",NULL,"2020-10-20 20:21:34",NULL
288152,1106444,2,https://dqktdb1dhykn6.cloudfront.net/1106444-0g4nN3SxS.image/jpg,1,"2020-10-16 05:37:49",NULL,"2020-10-21 16:28:36",NULL
288655,1106982,1,https://dqktdb1dhykn6.cloudfront.net/1106982-wvACZ88Om.image/jpeg,1,"2020-10-17 01:30:45",NULL,"2020-10-21 17:54:26",NULL
294979,1114148,2,https://dqktdb1dhykn6.cloudfront.net/1114148-py3Al1W5z.image/jpeg,1,"2020-10-25 07:32:34",NULL,"2020-10-29 17:14:12",NULL
305838,1126365,2,https://dqktdb1dhykn6.cloudfront.net/1126365-kIefZ7EV3.image/jpg,1,"2020-11-08 06:18:12",NULL,"2020-11-16 18:49:16",NULL
308259,1129146,1,https://dqktdb1dhykn6.cloudfront.net/1129146-S7f7Ux8Jx.image/jpg,1,"2020-11-11 07:00:36",NULL,"2020-11-16 20:11:10",NULL
312424,1133759,2,https://dqktdb1dhykn6.cloudfront.net/1133759-c2xc7Xz5r.image/jpeg,1,"2020-11-16 15:57:35",NULL,"2020-11-16 17:05:35",NULL
312639,1133967,2,https://dqktdb1dhykn6.cloudfront.net/1133967-NTSSsFtaT.image/jpg,1,"2020-11-16 22:30:21",NULL,"2020-11-17 17:51:48",NULL
318731,1140345,2,https://dqktdb1dhykn6.cloudfront.net/1140345-25HxpRCt7.image/jpeg,1,"2020-11-24 20:37:08",NULL,"2020-11-24 23:35:16",NULL
327633,1140345,2,https://dqktdb1dhykn6.cloudfront.net/1140345-EmUqQq6Wk.image/jpeg,1,"2020-12-06 10:48:56",NULL,"2020-12-08 18:34:45",NULL
320384,1142071,2,https://dqktdb1dhykn6.cloudfront.net/1142071-uEmfQzFc5.image/jpg,1,"2020-11-27 02:17:06",NULL,"2020-11-30 18:32:58",NULL
320972,1142704,2,https://dqktdb1dhykn6.cloudfront.net/1142704-5ypchluD2.image/jpeg,1,"2020-11-27 22:41:10",NULL,"2020-11-30 19:12:23",NULL
324069,1144803,2,https://dqktdb1dhykn6.cloudfront.net/1144803-xp4sG5RlL.image/jpeg,1,"2020-12-01 20:16:52",NULL,"2020-12-01 20:42:26",NULL
325410,1147503,2,https://dqktdb1dhykn6.cloudfront.net/1147503-Zb1bEgx9N.image/jpg,1,"2020-12-03 16:08:28",NULL,"2020-12-03 18:01:49",NULL
