id,fb_id,gf_id,ak_id,auth_type,device_token,first_name,last_name,email,location,locale,lat,lng,lat_lng_updated_at,hometown,gender,age,birthdate,language,school,position,acct_status,drip_state,gated,height_ft,height_in,mission_location,dating_interest,pref_age_low,pref_age_high,pref_search_radius,created_at,modified_at,deleted_at,notif_match,notif_message,notif_reminders,notif_allowed,notif_notes,auto_archive_notes,distance_off,app_version,p_note_balance,p_enabled,p_double_take_last_used,p_ward_hop,p_ninja_mode,p_no_ads,gender_id,acct_status_id,paused,pref_height_min,pref_height_max,search_by_country,locality,admin_area,country,country_code,is_ig_connected,ig_token,ig_expires_at
12895,10207303559773949,NULL,NULL,NULL,<0dc2d008a3b6191a7438771b6f5db43d4bf872c221117020354ba78751780f3a>,Jaron,Carman,13jcarman@davis.k12.ut.us,"West Point, UT","Long Beach, California",41.1189,-112.076,"2020-03-24 21:47:13","West Point, Utah",male,25,"1994-10-27 18:00:00",en-US,,,active,3,0,5,7,"Long Beach California ",51,18,30,30,"2016-10-22 19:13:22","2020-03-24 23:19:05",NULL,1,1,1,1,1,0,0,0.93,NULL,0,"2020-03-24 15:18:55",0,0,NULL,1,3,0,36,95,0,"West Point",UT,"United States",US,0,NULL,NULL
52807,NULL,2TNX7f0tHtZeAQEPbUWkwTKKKIl2,NULL,facebook,<64fff9c41f3b6caacf6d8938cc5534c6ff85605a4eb1d40becbad30ca2fff437>,Han,Swald,johannes_schoenwald@hotmail.com,"Ramerberg, Deutschland","Munich, Germany",48.026,12.137,"2020-12-09 18:04:28","München ",male,33,"1987-01-04 00:00:00",de-DE,,"Teamleader ",active,NULL,1,6,0,"Berlin Germany Mission ",13,26,36,484,"2017-03-14 21:39:19","2020-12-09 18:04:28",NULL,1,1,1,1,1,0,0,3.93,NULL,0,"2020-04-14 22:31:42",0,0,0,1,3,0,36,95,0,Ramerberg,Bayern,Deutschland,DE,0,NULL,NULL
54044,NULL,IstBk6LXtpSSUuKI5O2OJlTMjqt1,NULL,facebook,<75a295e887ec1d578faeb868bbfa0790b87fa375eb982aecc44711d4502660b8>,Madisen,Busenbark,busenbark02@hotmail.com,"Stillwater, OK","Eagle Mountain, Utah",36.1371,-97.0689,"2020-12-07 05:10:44","St. George, UT",female,28,"1992-03-04 00:00:00",en-US,"BYU–Idaho/ Oklahoma State University","Marriage and Family Therapy Intern/ full-time MS student ",active,NULL,1,5,6,"Redlands, CA",69,24,41,495,"2017-03-19 02:46:34","2020-12-07 05:10:44",NULL,1,1,1,1,1,0,0,3.93,0,0,"2020-06-03 01:07:21",0,0,NULL,2,3,0,NULL,NULL,1,Stillwater,OK,"United States",US,0,NULL,NULL
81222,NULL,G8pw36zCRiXpsD8Tq4Sso4xzdY93,NULL,facebook,<b1bbdbb40aa34fe6e98b45639edba7a1157b041fd74a95dbee02530878e871b4>,Shawn,Ashton,,"Salem, UT","Canton, Georgia",40.031,-111.68,"2020-12-09 19:09:00","Canton, Georgia",male,24,"1996-02-16 00:00:00",en-US,BYU-Idaho,"School right now/lab assistant",active,NULL,0,5,8,"Modesto/Fresno California ",50,18,26,41,"2017-05-31 05:50:29","2020-12-09 19:09:00",NULL,1,1,1,1,1,0,0,3.93,NULL,0,"2020-06-03 05:32:25",0,0,0,1,3,0,NULL,NULL,0,Salem,UT,"United States",US,0,NULL,NULL
95892,NULL,pRX2JTncoFPbV5iELgAVUWLWQjt1,NULL,facebook,<94b4571d30657c9e5d6d1ee6234bf47be548ca3fba7fcb196803b0666d615d64>,Josh,Martin,joshmmartin14@hotmail.com,"Salt Lake City, UT","South Salt Lake, Utah",40.7221,-111.866,"2020-12-07 15:33:53","South Salt Lake, Utah",male,32,"1988-09-13 12:00:00",en_US,"Utah Valley University","Work for ups as a driver helper, Past Ride operator at lagoon ",active,NULL,0,6,1,"Didn’t Serve ",89,23,40,150,"2017-06-27 04:50:30","2020-12-07 15:33:53",NULL,1,1,1,1,1,0,0,1280503,NULL,0,"2020-01-13 00:47:50",0,0,0,1,3,0,36,95,0,"Salt Lake City",UT,"United States",US,0,NULL,NULL
115325,NULL,xahp0CM1QzW3OHtjSwZFqK2AqxH3,NULL,facebook,NULL,Corissa,Handy,bludanzer22@hotmail.com,"Syracuse, Utah","Syracuse, Utah",41.0839,-112.063,"2020-10-08 23:37:53","Syracuse, Utah",female,30,"1990-01-27 17:00:00",en_US,"Northridge High","Of course I work :)",active,3,0,5,4,"No mission, but very active in church",25,25,36,100,"2017-08-02 00:46:29","2020-10-08 23:37:53",NULL,1,1,0,0,1,0,0,1260602,NULL,0,"2020-01-07 05:03:10",0,0,NULL,2,3,0,36,95,0,Syracuse,Utah,"United States",US,0,NULL,NULL
159176,NULL,EqdAw8vPfjP1kQEsZh7AyPwRKWk1,NULL,facebook,<be399b6d8533c039d6fa4b815ecaa39acb3fdf40192a0fb8594427703d22cb60>,Neal,Ferrin,neal.ferrin@gmail.com,"Kalamazoo, MI","Englewood, Colorado",42.2837,-85.5802,"2020-12-01 02:30:39","Millville, Utah",male,30,"1990-03-18 03:00:00",en,"RVU medical school","Surgery Resident",active,NULL,0,5,10,"Des Moines, IA",50,18,35,120,"2017-10-09 22:02:28","2020-12-08 18:13:26",NULL,1,1,1,1,1,0,0,3.93,NULL,0,"2020-06-10 13:42:49",0,0,NULL,1,3,0,36,95,0,Kalamazoo,MI,"United States",US,0,NULL,NULL
168406,NULL,GqXVlJyNCZQWNEZZv9r3h4cY6cl2,NULL,facebook,NULL,Brian,Jones,bjonesswim@hotmail.com,"Provo, Utah",NULL,40.2449,-111.682,"2020-11-28 11:48:52","Magna, Utah",male,30,"1990-07-18 00:00:00",en_US,"Utah Valley University ","Youth Mentor YHA",active,NULL,0,6,1,"Tacoma Washington ",71,24,30,35,"2017-10-23 16:14:36","2020-12-05 06:28:49",NULL,1,1,0,0,1,0,0,1280503,0,0,"2020-05-15 11:31:38",0,0,0,1,3,0,36,95,0,Provo,Utah,"United States",US,0,NULL,NULL
171425,NULL,hMRabGZhmdbJunfIZ1TpZXkLCxJ3,NULL,facebook,"<240934fe ae0fc64c 716bdf93 637b4b1a 2d0e355e c41259b4 66a07e74 48643e61>",Fabiana,Pereira,fabianapereira.cg@hotmail.com,BR,"Campina Grande",-7.25503,-35.9015,"2020-12-06 04:20:36","CAMPINA GRANDE,BR",female,34,"1986-05-30 21:00:00",pt_BR,UFPB,"TRABALHO COM VENDAS ",active,NULL,0,5,1,"Não tive oportunidade de servir missão",99,42,58,621,"2017-10-29 02:18:49","2020-12-06 04:20:36",NULL,1,1,1,1,1,1,0,1280503,NULL,0,"2020-04-10 05:47:50",0,0,0,2,3,0,36,95,0,,Paraíba,Brasil,BR,0,NULL,NULL
201608,NULL,Tln9s2IQ4DU926VDv5RaTKJY7I72,NULL,facebook,NULL,Ginna,Fergus,ginnasue@gmail.com,"Raleigh, North Carolina","Durham, North Carolina",35.8289,-78.6178,"2020-12-09 20:08:37","Germantown, Maryland",female,39,"1981-08-10 00:00:00",en_US,"Seneca Valley High, Johns Hopkins ","Nuclear Medicine ",active,NULL,0,5,8,"Brazil, Santa Maria",50,32,46,250,"2017-12-11 18:09:37","2020-12-09 20:08:37",NULL,0,0,0,0,1,0,0,1280503,NULL,0,"2019-08-12 00:32:24",0,0,0,2,3,0,36,95,0,Raleigh,"North Carolina","United States",US,0,NULL,NULL
262230,NULL,wQ1mJbikE5S0CSHliDTDw2xIuS83,NULL,facebook,NULL,Miguel,Cruz,jmnc19@hotmail.com,"Arequipa, PE",Arequipa,-16.4066,-71.5175,"2020-12-07 15:10:23",Arequipa,male,37,"1983-09-03 10:00:00",es_PE,"Undergraduate university",Sales,active,NULL,0,6,0,"Mission Peru Lima sur",91,20,34,621,"2018-03-06 08:01:27","2020-12-07 15:10:23",NULL,1,1,0,0,1,0,0,1280503,NULL,0,"2020-05-29 06:23:10",0,0,NULL,1,3,0,36,84,0,Arequipa,Arequipa,Perú,PE,0,NULL,NULL
288123,NULL,gNe4mpjdO0YwyPXeHfoZrcA2AZg1,NULL,facebook,NULL,Courtney,Bigelow,bigelowgirl@hotmail.com,"Rigby, Idaho","Idaho Falls, Idaho",43.6353,-111.902,"2020-12-05 00:28:17","Vancouver, Washington",female,34,"1986-08-20 12:00:00",en_US,,"Dentist office ",active,NULL,0,5,3,"Denver, CO",90,30,45,250,"2018-04-20 01:25:15","2020-12-05 00:28:17",NULL,1,1,0,0,1,0,1,1280503,NULL,0,"2018-09-23 03:18:37",0,0,NULL,2,3,0,36,95,0,Rigby,Idaho,"United States",US,0,NULL,NULL
351815,NULL,qpDHBf0Gu5WT3hDo8b2lCZIOHwv2,NULL,facebook,<2cbe2d43274cb558b33082b4bab53277f4e8ba948ed24ab49b5cb445bba0b304>,Presley,Berry,pres7600@gmail.com,"Columbia, SC","Brentwood, Tennessee",33.9604,-80.8981,"2020-11-24 01:29:06","Nashville, TN",female,20,"2000-07-06 00:00:00",en-US,"Columbia State","Blaze Pizza",active,2,0,5,8,"California Ventura ",12,19,25,80,"2018-07-11 13:28:23","2020-11-24 01:29:06",NULL,1,1,1,1,1,0,0,3.92,NULL,1,"2020-04-04 18:30:12",0,0,1,2,3,0,NULL,NULL,0,Columbia,SC,"United States",US,0,NULL,NULL
407551,10102690651185429,NULL,NULL,NULL,NULL,Whitney,Smith,wsmitney@gmail.com,"Boise, Idaho","Provo, Utah",43.6042,-116.203,"2020-03-07 02:43:52","Boise, Idaho",female,33,"1986-04-29 16:00:00",en_US,"BYU/ Boise State","Office Administrator ",active,3,0,5,5,"Canada Toronto West",51,30,40,120,"2018-09-14 01:51:29","2020-04-05 11:09:27",NULL,0,0,0,0,1,0,0,1190503,NULL,0,"2019-08-18 04:37:42",0,0,0,2,3,0,36,95,0,Boise,Idaho,"United States",US,0,NULL,NULL
446236,NULL,111jANNPtcVgddCdEwASg76Px2l1,NULL,facebook,<7f47bcc00edcd1f217b10f83e8d38203a0b2cf6c806bff8ee179553c539899c2>,Kristal,Hyde,hideaway610@comcast.net,"Salt Lake City, UT","Salt Lake City, Utah",40.8408,-111.955,"2020-12-07 01:54:07","Salt Lake City, Utah",female,27,"1993-04-24 00:00:00",en-US,,"Private Events Coordinator ",active,NULL,0,5,4,,60,25,35,25,"2018-11-08 04:00:01","2020-12-07 01:54:07",NULL,1,1,1,1,1,0,0,3.93,NULL,0,"2020-05-20 03:09:17",0,0,NULL,2,3,0,NULL,NULL,0,"Salt Lake City",UT,"United States",US,0,NULL,NULL
463119,NULL,qv7XAe4Rc3TF9WT5BuvxtR2p52r1,NULL,facebook,NULL,Bennie,Lantz,benlantz@earthlink.net,"Clearfield, Utah","Farmington, Utah",41.1014,-112.018,"2020-09-14 13:48:03","Farmington, Utah",male,22,"1997-12-28 15:00:00",en_US,,"Service Writer at Young Subaru",active,3,0,5,9,"to steal your heart",33,19,26,30,"2018-12-03 18:31:35","2020-09-22 01:11:53",NULL,1,1,0,0,1,0,0,1260206,NULL,0,"2020-03-09 04:40:13",0,0,0,1,3,0,36,95,0,Clearfield,Utah,"United States",US,0,NULL,NULL
463584,NULL,Jty8VmKMm5Y7wNdRpOM9uS0wPib2,NULL,facebook,<24b7f2f68c6a49614c1a58ec5b38724bd63e5ecb76340663c689a6ccff79c8b0>,Joe,Grant,joegrant_6@msn.com,"Midvale, UT","Provo, Utah",40.6176,-111.894,"2020-12-09 17:18:20","Salem, Utah",male,32,"1988-03-27 06:00:00",en-US,"Spanish Fark High",Tesla,active,NULL,0,6,1,"D.C. North",49,23,35,50,"2018-12-04 09:21:42","2020-12-09 17:18:20",NULL,1,1,0,1,1,0,0,3.93,20,1,"2020-04-28 20:35:21",0,0,1,1,3,0,36,95,0,Midvale,UT,"United States",US,0,NULL,NULL
497834,1289149931183321,NULL,NULL,NULL,<5801a90c3b430599b21fe417b7f2f775df4ea390780b4c079e258e6e98efa4f8>,Jackson,Bennett,kjtate2@aol.com,"Provo, UT",,40.2411,-111.651,"2020-02-17 01:53:26","Nashville, Tennessee",male,23,"1997-02-15 00:00:00",en-US,BYU,,active,3,0,5,10,"Santiago, Chile",50,20,23,123,"2019-01-23 05:31:29","2020-02-17 01:53:26",NULL,1,1,1,1,1,0,0,0.93,NULL,0,"2020-01-11 16:29:51",0,0,0,1,3,0,NULL,NULL,0,Provo,UT,"United States",US,0,NULL,NULL
535372,2199150516969271,NULL,NULL,NULL,<fa4695e4295868d5f66633fa254097036cd974b0c52f11a29263f8de2ce9562e>,Topson,Faturoti,faturotitopebrown@gmail.com,"Palatka, FL",Ado-Ekiti,29.545,-81.7628,"2020-06-24 10:07:08","Lagos Nigeria ",male,28,"1992-06-29 01:00:00",en-US,"Corpus Christi ","Student/Footballer ",active,3,0,5,7,"Future ",84,18,40,50,"2019-03-08 23:30:32","2020-09-29 11:07:48",NULL,1,1,0,1,1,0,0,0.97,NULL,0,NULL,0,0,0,1,3,0,36,71,1,Palatka,FL,"United States",US,0,NULL,NULL
555853,NULL,T7Twqkr79MZGqSEuDC2hRDEG9av2,NULL,phone,NULL,"Nicole ",Jagodilla,NULL,"Barcelona, ES",NULL,41.3751,2.12381,"2020-11-04 05:35:57","Philippines ",female,29,"1991-02-01 04:00:00",en_US,BYUIdaho,"Au pair",active,3,0,4,7,"Manila, Philippines ",57,18,65,700,"2019-03-31 10:23:01","2020-11-04 05:35:57",NULL,1,1,0,0,1,0,1,1270602,NULL,0,"2020-03-01 13:18:30",0,0,NULL,2,3,0,36,95,0,Barcelona,Catalunya,Spain,ES,0,NULL,NULL
563322,NULL,xyba9o8EzMWaPieX7O1SiCf8grj2,NULL,NULL,<8c77cd5786eec1ac79e4f004979f6db6c0cfd06a6d0f4891a814808e6af5b602>,Hunter,Mitchell,NULL,"Parma, ID",NULL,43.7903,-116.942,"2020-05-23 05:06:41","Parma ",male,18,"2001-06-05 00:00:00",en-US,"Parma ",,active,3,0,5,8,,31,18,20,74,"2019-04-08 16:55:55","2020-05-23 05:06:41",NULL,1,1,1,1,1,0,0,0.95,NULL,0,NULL,0,0,0,1,3,0,NULL,NULL,0,Parma,ID,"United States",US,0,NULL,NULL
566518,NULL,2wiYD6IeTdYFFKD8qRriiu5bjr02,NULL,facebook,<4ee60405aab93c4cb682fdc09f7fd7f16cf69f2f048e3c747cc9944c37324198>,Emily,Barlow,,"Alpine, UT","Alpine, Utah",40.4518,-111.775,"2020-12-09 15:38:41",,female,22,"1998-05-02 00:00:00",en-US,UVU,"Deseret Book",active,NULL,0,5,4,"San Antonio, Texas",70,22,27,120,"2019-04-12 19:43:15","2020-12-09 15:38:41",NULL,1,1,1,1,1,0,0,3.93,NULL,0,"2020-05-31 21:21:15",0,0,0,2,3,0,NULL,NULL,0,Alpine,UT,"United States",US,0,NULL,NULL
579634,10207441509590650,NULL,NULL,NULL,<5b80c7be7ef44ea4f71cd2ecf8a0b98c0ef730f467024fcb9004f25b99a6d282>,KaDence,Brown,bluethings3@gmail.com,"Kuna, ID","Kuna, Idaho",43.5129,-116.412,"2020-08-12 03:25:34","Boise, ID",female,25,"1995-07-03 00:00:00",en-US,BYU-I,,active,3,0,5,8,,36,18,28,250,"2019-04-28 02:29:44","2020-08-12 03:25:34",NULL,1,1,1,1,1,0,1,0.99,NULL,0,"2020-04-09 05:29:02",0,0,NULL,2,3,0,NULL,NULL,0,Kuna,ID,"United States",US,0,NULL,NULL
583649,NULL,fE6P650uzKUCX03z00SEKhWdukx1,NULL,facebook,<d1ef7030e917340ca514bd3468ee3afb27a372eadc8d22bd77a75ddbe584026b>,Paula,Taukei,taukeipaula5@gmail.com,"Laie, HI","Laie, Hawaii",21.6391,-157.925,"2020-12-09 18:17:29","Suva City, Central, Fiji",male,27,"1993-02-14 02:00:00",en-US,BYU-HAWAII,"Polynesian Cultural Center.",active,NULL,0,5,10,"Vanuatu Port Vila Mission",65,18,65,5,"2019-05-02 07:38:31","2020-12-09 18:17:29",NULL,1,1,0,1,1,1,0,3.94,20,1,"2020-02-24 10:38:34",0,1,1,1,3,0,36,95,0,Laie,HI,"United States",US,0,NULL,NULL
584416,NULL,ZwKibqw1VaVJhGki6eyS8dzOMPz2,NULL,phone,NULL,Katy,Scott,Katyscott599@gmail.com,"Genola, Utah",NULL,39.9898,-111.84,"2020-09-24 04:30:17",Genola,female,23,"1996-10-20 07:00:00",en_US,UVU,"  ",active,3,0,5,6,"Philippines Cebu",38,23,27,50,"2019-05-03 05:26:39","2020-10-14 18:18:28",NULL,1,1,0,0,1,0,0,1260403,NULL,0,"2020-04-12 22:49:09",0,0,NULL,2,3,0,36,95,0,Genola,Utah,"United States",US,0,NULL,NULL
589111,NULL,IWSCYjq2lIOWYdccUUkzjVaWfaw1,NULL,NULL,NULL,Barbara,"Arnyz ",NULL,"Murray, Utah",NULL,40.6801,-111.891,"2020-08-27 18:55:00","Venezuela ",female,22,"1997-11-28 18:00:00",es_US,"La coromoto.","Independiente ",active,3,0,4,2,"Venezuela ",73,18,65,50,"2019-05-08 04:17:01","2020-08-27 18:55:00",NULL,1,1,0,0,1,0,0,1250405,NULL,0,"2020-04-13 03:36:38",0,0,NULL,2,3,0,36,95,0,Murray,Utah,"Estados Unidos",US,0,NULL,NULL
595602,NULL,GsiXFawvsidV4xOasFMnQWNnfOD2,NULL,NULL,NULL,Maria,Sapuyes,NULL,"Cali, CO",NULL,3.45429,-76.5556,"2020-01-11 23:19:02",NULL,NULL,32,"1987-10-25 09:00:00",es_CO,NULL,NULL,active,3,0,5,9,NULL,15,18,37,621,"2019-05-15 19:05:26","2020-01-13 22:22:14",NULL,1,1,0,0,1,0,0,1180801,NULL,0,NULL,0,0,NULL,NULL,3,0,36,84,0,Cali,"Valle del Cauca",Colombia,CO,0,NULL,NULL
639474,NULL,nOtS1YvpfoWfoxcbcflQsYptjvW2,NULL,phone,<ae8d6d984afe7abc15aad6cb2f0d4e4ce656c93a731d3aa88b0b9df64140f432>,Cortney,Kinder,NULL,"Logan, UT",NULL,41.6968,-111.864,"2020-12-07 14:27:05",Logan,female,25,"1995-04-06 00:00:00",en-US,"Utah State University Graduate","Veterinary Technician ",active,NULL,0,5,8,"None ",64,24,33,76,"2019-07-02 01:53:53","2020-12-07 14:27:05",NULL,1,1,1,1,1,0,0,3.93,NULL,0,"2020-03-19 02:07:29",0,0,NULL,2,3,0,NULL,NULL,0,Logan,UT,"United States",US,0,NULL,NULL
654328,NULL,CTp9BlbsZVRJCkytKk44ArO0TFn2,NULL,NULL,<d14629c1f06630e2ca45f82ffde2b269076c144ff632b3fcf2a102afbc616491>,Shelby,Svedberg,NULL,"Duvall, WA",NULL,47.746,-121.956,"2020-08-22 01:56:43",Enumclaw,female,21,"1999-06-28 06:00:00",en-US,"LDS Business College ","Printing custom t shirts",active,3,0,5,6,,16,20,26,100,"2019-07-19 21:02:08","2020-08-22 02:01:40",NULL,1,1,0,1,1,0,0,0.99,NULL,0,"2020-05-18 06:58:10",0,0,0,2,3,0,36,95,0,Duvall,WA,"United States",US,0,NULL,NULL
685282,NULL,WRZqsKsN7EMI4ZoAngJpAYtUyFW2,NULL,NULL,<0a2da2cb1bff7374f4faa0a4f7cfc79cbe77efa5a40b97946b551a1813f7b09b>,Abigail,Belliston,NULL,"Phoenix, AZ",NULL,33.7112,-112.156,"2020-07-06 14:20:41",,female,32,"1987-09-03 00:00:00",en-US,,,active,3,0,5,10,,83,27,38,50,"2019-08-24 19:57:00","2020-07-06 14:20:41",NULL,1,1,1,0,1,0,0,0.97,NULL,0,"2020-03-07 02:38:00",0,0,NULL,2,3,0,NULL,NULL,1,Phoenix,AZ,"United States",US,0,NULL,NULL
687229,NULL,i2ua1rZjKkazIEtOHdFsKGAWE9Q2,NULL,facebook,<a4987d3f197e4cdb6909ad84c1e020cac4b94c9226559e1f1ec04d076cbf45c1>,Lilia,Cossey,liliacossey@gmail.com,"Spanish Fork, UT",,40.1259,-111.641,"2020-12-09 20:28:23","Utica, NY",female,23,"1997-01-28 00:00:00",en-US,BYUI/UVU,"Hope Avenue",active,NULL,0,5,2,AZ,66,22,30,39,"2019-08-26 14:46:25","2020-12-09 20:28:23",NULL,1,1,1,1,1,0,0,3.93,NULL,0,"2020-05-10 04:42:44",0,0,0,2,3,0,36,95,0,"Spanish Fork",UT,"United States",US,1,IGQVJYSU84VUhkT05pU0N4SWtnRjBfb0h0dmhOOFUxR1VEQXhETXdac3F1X19wYk4tWU1qUC1EcWttQURDUkpYZAWVMU2dyN29FX21PX2lTODB0T3ZAhdkw0M1BQakpaUnhlMVRrdnV3,"2021-02-05 04:51:42"
728028,383886812551344,NULL,NULL,NULL,NULL,Hayden,Oliver,haydenoliver082@gmail.com,"St. George, Utah",NULL,37.1119,-113.588,"2019-12-14 03:12:03","PAYSON UT",male,22,"1997-02-18 04:00:00",en_US,"Provo high","DIXIE LUMBER",active,3,0,5,11,NONE,50,18,32,205,"2019-10-07 23:23:13","2019-12-14 03:12:03",NULL,1,1,0,0,1,0,0,1180305,NULL,0,"2019-12-12 23:02:12",0,0,NULL,1,3,0,36,95,0,"St. George",Utah,"United States",US,0,NULL,NULL
738787,NULL,0BePZtzjbSWVRqUzM95T8EHfwqw1,NULL,phone,<fbf70cb5ad593af2be914e35fb2797acf041e6b4b2c8acabcc930a64b26bf1ee>,Hana,Watson,bophana13@gmail.com,"Provo, UT",NULL,40.2572,-111.67,"2020-12-09 01:26:36",,female,22,"1998-11-11 00:00:00",en-US,,,active,NULL,0,5,0,,50,18,31,200,"2019-10-19 09:37:11","2020-12-09 01:26:36",NULL,1,1,1,0,1,0,0,3.93,NULL,0,NULL,0,0,NULL,2,3,0,NULL,NULL,0,Provo,UT,"United States",US,0,NULL,NULL
760524,422010994801457,NULL,NULL,NULL,<83731d06be443cd22c2d9fc7d14a4f16925af2b7211de4c4a5ae5fe979010b7d>,Mariana,"Vasile Grant",,"Lehi, UT",,40.3877,-111.836,"2020-01-05 09:10:42","Romania ",female,31,"1988-06-11 00:00:00",en-US,,"Health Care",active,3,0,5,6," ",17,29,43,497,"2019-11-12 08:46:31","2020-01-22 09:06:02",NULL,1,1,1,1,1,0,1,0.90,NULL,0,NULL,0,0,0,2,3,0,70,95,0,Lehi,UT,"United States",US,0,NULL,NULL
775762,NULL,kC2UekXAuYZUVpo9t6jY7Pm4bfy2,NULL,facebook,NULL,Mathux,Mon,m_mathuzima@hotmail.com,"Portland, Oregon",NULL,45.4973,-122.528,"2020-12-03 05:21:01","Veracruz México ",female,39,"1981-02-12 06:00:00",es_MX,UNAM,lawyer,active,NULL,0,5,4,NULL,76,31,44,621,"2019-11-29 23:46:04","2020-12-03 05:21:01",NULL,1,1,0,0,1,1,0,1280503,12,0,NULL,0,0,0,2,3,0,36,84,0,Portland,Oregon,"Estados Unidos",US,0,NULL,NULL
794230,NULL,NULL,560329704804800,NULL,<4726e09d2c3128cd005ce610d0db52b10869388f43d36127b4fc45d2f26f2ec2>,"Adriana ","Conde ",NULL,"Tooele, UT",NULL,40.5492,-112.278,"2019-12-18 01:00:53","Tooele Utah ",female,21,"1998-11-28 00:00:00",en-US,"Stansbury High school",,active,NULL,0,5,0,"Idaho Idaho falls mission ",30,20,30,50,"2019-12-15 19:52:51","2019-12-18 04:54:18",NULL,1,1,1,1,1,0,0,0.90,NULL,0,NULL,0,0,NULL,2,3,1,NULL,NULL,0,Tooele,UT,"United States",US,0,NULL,NULL
794666,10155015362724829,NULL,NULL,NULL,<c70467e0e22cb0abc2ad38fcef98f54aac3de4c535d816708b2a1fb6bbf13b7f>,Saralee,Dunster,azuritefox@gmail.com,"Provo, UT",,40.2426,-111.65,"2020-06-07 20:49:27",Missouri,female,27,"1993-04-01 00:00:00",en-US,BYU,"Teaching English as foreign language",active,3,0,5,5,"Tacoma, WA ",47,26,31,497,"2019-12-16 02:08:26","2020-06-07 20:50:19",NULL,1,1,1,0,1,0,1,0.95,NULL,0,"2020-06-07 20:50:19",0,0,NULL,2,3,0,NULL,NULL,0,Provo,UT,"United States",US,0,NULL,NULL
814462,NULL,nfvFXi9m3waMZwgWEl6jJSxzMnA3,NULL,phone,<bc3d0045b4dbda6795843431db599d243d7ca7ac307441e99c45d887271f96f6>,Ellie,Andersen,NULL,"North Ogden, UT",NULL,41.291,-111.979,"2020-12-09 07:27:47","North Ogden",female,19,"2001-01-14 00:00:00",en-US,"Weber State",CNA,active,NULL,0,5,0,,48,19,24,50,"2020-01-05 19:51:40","2020-12-09 07:27:47",NULL,1,1,1,0,1,0,0,3.93,NULL,0,"2020-05-24 04:54:21",0,0,NULL,2,3,0,NULL,NULL,0,"North Ogden",UT,"United States",US,0,NULL,NULL
841174,NULL,bHJDxbZt57WYmZygkS1sstFFrGx1,NULL,NULL,Optional(<7951679bf45ce6c5d1d6788add665090355825e9f0ed750f54bd4d4469acd223>),Jarred,Here,NULL,"Pompano Beach, FL",NULL,26.2304,-80.1133,"2020-02-11 06:01:01",NULL,male,25,"1994-08-23 00:00:00",en-US,NULL,NULL,active,3,0,5,11,NULL,16,20,65,36,"2020-02-01 03:53:35","2020-02-11 06:01:24",NULL,1,1,1,0,1,0,0,0.93,NULL,0,NULL,0,0,NULL,1,3,0,NULL,NULL,0,"Pompano Beach",FL,"United States",US,0,NULL,NULL
841601,10206628873945807,NULL,NULL,NULL,<7d6e4b0ca795a080daa9fa599b3b86160b2ad90cc3ba3560015e720f05818cae>,Hunter,Parduhn,baseballboyhunt@gmail.com,"Sandy, UT",,40.5713,-111.887,"2020-02-03 06:12:48","Highland ",male,25,"1994-08-02 00:00:00",en-US,"University of Utah","💉 ",active,NULL,0,6,1,"🇲🇽 ",48,18,25,50,"2020-02-01 15:22:03","2020-02-03 06:16:09",NULL,1,1,1,1,1,0,0,0.92,NULL,0,"2020-02-01 15:55:12",0,0,NULL,1,3,1,NULL,NULL,0,Sandy,UT,"United States",US,0,NULL,NULL
844601,NULL,2bNOy4o3UeRWPN1R804cuLVx9g22,NULL,phone,<ece4cb7fa21a5d0048e64237e6d0d9970154fa736936044e585e5c100c6c89c6>,Jason,Rasmussen,NULL,"Bountiful, UT",NULL,40.8884,-111.855,"2020-12-09 16:56:49","Bountiful, Utah ",male,21,"1999-05-19 00:00:00",en-US,"Utah Valley University","Sell cars build cool stuff",active,NULL,0,6,4,"Portland, Oregon ",51,18,25,23,"2020-02-04 06:49:13","2020-12-09 16:56:49",NULL,1,1,1,1,1,0,0,3.93,NULL,0,"2020-06-07 02:15:47",0,0,0,1,3,0,36,95,0,Bountiful,UT,"United States",US,0,NULL,NULL
847566,NULL,gQrRQObniRZqrLmvrToqrSDhods2,NULL,NULL,Optional(<423e0137d7d980295bf45d40c28e05130ad826ede9b3da752e509fa410acc6f6>),Trevor,Foster,NULL,"Medford, OR",NULL,42.3102,-122.888,"2020-02-29 02:59:40",NULL,male,18,"2001-10-10 00:00:00",en-US,NULL,NULL,active,3,0,5,10,NULL,36,18,22,100,"2020-02-07 18:06:49","2020-02-29 02:59:40",NULL,1,1,1,1,1,0,0,0.93,NULL,0,"2020-02-07 18:15:21",0,0,NULL,1,3,0,NULL,NULL,1,Medford,OR,"United States",US,0,NULL,NULL
851276,NULL,rz5r4SXQGZg1llQXm3jchmcyCkp2,NULL,NULL,NULL,Leonardo,Carvalho,NULL,BR,NULL,-19.9557,-43.9409,"2020-02-19 21:29:59","Belo Horizonte/ MG",NULL,44,"1975-07-19 15:00:00",pt_BR,"Superior Completo",Administrador,active,3,0,5,7,Campinas,54,30,65,154,"2020-02-11 05:02:38","2020-02-19 21:29:59",NULL,1,1,0,0,1,0,0,1180903,NULL,0,NULL,0,0,NULL,NULL,3,0,36,95,0,NULL,"Minas Gerais",Brasil,BR,0,NULL,NULL
857319,719859424841445,NULL,NULL,NULL,<4381f6c3f697fedd386f7ae807244ad999617ec306c59fd66a424e2ec08a60e6>,Jasmine,Barker,barkerjazz2001@gmail.com,"Mesa, AZ",,33.4405,-111.788,"2020-03-15 08:18:05",Mesa,female,18,"2001-07-06 00:00:00",en-US,,"Flower shop",active,3,0,5,4,,50,18,22,50,"2020-02-20 03:53:41","2020-03-15 08:18:05",NULL,1,1,1,1,1,0,0,0.93,NULL,0,NULL,0,0,NULL,2,3,0,NULL,NULL,0,Mesa,AZ,"United States",US,0,NULL,NULL
861879,NULL,chKhOOsizPZzXdT3RWxkWTrFeUG3,NULL,phone,NULL,Shannon,Reichman,NULL,"Reno, Nevada",NULL,39.3869,-119.729,"2020-10-17 02:56:48",WA-ND-UT-NV,female,26,"1993-10-24 01:00:00",en_US,"Utah State University","Nevada state board of pharmacy, assistant board coordinator ",active,NULL,0,5,9,Brazil,84,23,35,600,"2020-02-24 19:00:56","2020-10-17 02:56:48",NULL,1,1,0,0,1,0,0,1260602,NULL,0,NULL,0,0,0,2,3,1,36,95,1,Reno,Nevada,"United States",US,0,NULL,NULL
870019,NULL,Uws4iHUNhEdb7tD51fxDeiBu7xu2,NULL,phone,NULL,Justin,Frandsen,NULL,"Orem, Utah",NULL,40.2625,-111.718,"2020-12-04 02:05:16","Dinton, Texas ",male,23,"1997-07-06 09:00:00",en_US,"UVU ",NULL,active,NULL,0,5,10,"Portland, Organ ",40,18,23,50,"2020-03-04 22:21:43","2020-12-04 02:05:16",NULL,1,0,0,0,1,0,0,1280303,4,0,"2020-05-27 06:13:42",0,0,NULL,1,3,0,36,95,0,Orem,Utah,"United States",US,0,NULL,NULL
870194,1179429758822853,NULL,NULL,NULL,Optional(<0f47d3ea472613bd8e2707a2589303db3c6f7ac4b29007e7855cb7637ca21b39>),McKenna,Stucki,mckennacutie14@gmail.com,"Cedar City, UT",,37.658,-113.081,"2020-07-28 02:38:11","Cedar City, Utah",female,21,"1999-06-01 00:00:00",en-US,SUU,"Cosmetologist ",active,3,0,5,5,,63,20,30,50,"2020-03-05 02:20:57","2020-07-28 02:38:11",NULL,1,1,1,0,1,0,0,0.99,NULL,0,"2020-04-22 06:44:18",0,0,NULL,2,3,0,NULL,NULL,0,"Cedar City",UT,"United States",US,0,NULL,NULL
880366,NULL,DBpbCrtlTINBlR6xq3wtnV0hNwi1,NULL,NULL,<2b2f4641b7577b4acd4e935b6e8d85d3953ac29f0757132829204749470ab483>,"Ron  I cannot get likes Please Text me at:209-662-4832",Whitmer,NULL,"Salzburg, Austria",NULL,47.7756,13.0775,"2020-03-21 07:58:58","Stockton,California ",male,60,"1959-09-01 00:00:00",en-US,"BYU and Monterey Institute of International Studies ","Real Estate ",active,3,0,6,0,"Kaohshuing, Taiwan ",67,35,65,122,"2020-03-16 17:54:05","2020-07-10 11:20:37",NULL,1,1,1,1,1,0,1,0.93,NULL,0,"2020-03-16 18:49:01",0,0,0,1,3,0,NULL,NULL,0,Salzburg,Salzburg,Austria,AT,0,NULL,NULL
889057,10154302006970349,NULL,NULL,NULL,<5e033bc20fa25dde155b7e1319aa63a0550a810e06c41c20e7721e5dbf5421e9>,Ronan,Rogers,ronan4sports@aol.com,"San Diego, CA",,32.8611,-117.232,"2020-09-05 04:30:59","Claremore, OK",male,31,"1989-03-18 00:00:00",en-US,"University of Tulsa ",,active,3,0,6,4,"San Juan Puerto Rico East",40,21,38,50,"2020-03-25 06:37:03","2020-09-05 04:30:59",NULL,1,1,1,1,1,0,0,0.99,NULL,0,"2020-05-20 15:25:11",0,0,NULL,1,3,0,NULL,NULL,1,"San Diego",CA,"United States",US,0,NULL,NULL
894547,2590995434344267,NULL,NULL,NULL,<f4ae698b4122de455424c5b1da4e942f5d5440eb2df0371697e947399a58449f>,"Edison Lase",Edison,edi.edison12@yahoo.com,"Cisarua, Indonesia",,-6.6991,106.986,"2020-07-25 03:41:25",,male,22,"1997-11-15 00:00:00",id-ID,,,active,3,0,5,1,,6,18,32,50,"2020-03-30 14:06:01","2020-07-25 03:41:25",NULL,1,1,1,1,1,0,1,0.99,NULL,0,NULL,0,0,0,1,3,0,NULL,NULL,0,Cisarua,"Jawa Barat",Indonesia,ID,0,NULL,NULL
899463,NULL,AyQGKchfCYeH6h01ujoRLzpzPXg2,NULL,NULL,<b6029176ab3cd1f2e12667adf4de5c6304ac1bd7f0e0a69c91f47cb32ce0bc97>,Christian,Hair,NULL,"Danville, CA",NULL,37.7937,-121.972,"2020-05-18 15:57:38","Danville CA",male,22,"1997-07-03 00:00:00",en-US,BYU,,active,3,0,6,1,,0,18,25,118,"2020-04-04 06:24:07","2020-05-18 15:57:38",NULL,1,1,1,0,1,0,0,0.95,NULL,0,"2020-05-13 01:34:20",0,0,NULL,1,3,0,NULL,NULL,1,Danville,CA,"United States",US,0,NULL,NULL
899776,NULL,KeU5zF4cInOSLKRc8rwviod4W1p1,NULL,phone,NULL,Jacob,Henze,NULL,"Boise, Idaho",NULL,43.6177,-116.197,"2020-11-09 19:36:08","Ely NV, Boise ID, Spanish fork UT, Fort Bragg NC.",male,28,"1992-10-16 10:00:00",en_US,NULL,Military,active,2,0,6,3,"Dallas Texas Spanish speaking",100,19,30,50,"2020-04-04 17:53:57","2020-11-09 19:36:08",NULL,1,1,0,0,1,0,0,1270401,NULL,0,NULL,0,0,NULL,1,3,0,36,95,0,Boise,Idaho,"United States",US,0,NULL,NULL
906812,NULL,Du14MFPdILdiVsSFuORyo2aCHYM2,NULL,phone,<0f0a5ed20a9edbd283f5ba041d6f34f3469267079c382402465f7b010429d050>,Drew,Hunter,NULL,"Camarillo, CA",NULL,34.2362,-119.052,"2020-11-29 21:18:36",California,male,20,"2000-02-27 00:00:00",en-US,BYU,,active,NULL,0,6,3,"Panama ",54,18,28,23,"2020-04-10 22:58:07","2020-11-29 21:19:13",NULL,1,1,1,1,1,0,0,3.93,NULL,0,"2020-04-11 05:19:10",0,0,NULL,1,3,1,NULL,NULL,0,Camarillo,CA,"United States",US,0,NULL,NULL
924365,NULL,1tHZGECUmxVUO0mgntYWOb2JId03,NULL,phone,<a73fa6cd4a75087514e01c89289d8ca2f596e2be2c0c16c9a8b7e12860dd733e>,Scott,Stewart,NULL,"Park City, UT",NULL,40.7519,-111.593,"2020-12-09 18:56:31",SLC,male,47,"1973-04-04 00:00:00",en-US,BYU,Teacher,active,NULL,0,5,11,Italy,34,21,48,301,"2020-04-26 08:06:15","2020-12-09 18:56:31",NULL,1,1,1,1,1,0,0,3.93,NULL,0,"2020-05-14 00:16:54",0,0,0,1,3,0,NULL,NULL,1,"Park City",UT,"United States",US,0,NULL,NULL
942935,NULL,pDvz2e7eyYZKoXnqEUsfS39YB3J2,NULL,NULL,<0142e5888017e47b98743274167c453e5240d1648afe7c586267f026d63d9b29>,"Sidney ","von Niederhausern",NULL,"Provo, UT",NULL,40.2601,-111.663,"2020-06-15 21:10:08","Seattle, WA",female,21,"1998-10-08 00:00:00",en-US,USU,,active,3,0,5,11,,40,20,28,80,"2020-05-13 05:01:57","2020-06-15 21:10:08",NULL,1,1,1,0,1,0,0,0.97,NULL,0,NULL,0,0,NULL,2,3,0,NULL,NULL,0,Provo,UT,"United States",US,0,NULL,NULL
944529,NULL,ZwQ0Y6la5RQAh9uu7V6vMkGfY6h1,NULL,phone,<9586f9719861f2a0112e86ca50f4068acafd6407d412d61e96edcd7156f926e8>,Trey,Dudley,NULL,"Cedar City, UT",NULL,37.6562,-113.067,"2020-12-09 16:11:16","Lindon Ut",male,20,"2000-01-20 00:00:00",en-US,"SUU pre-Dental",,active,NULL,0,5,10,"Brasil São Paulo West",39,18,21,24,"2020-05-14 18:57:25","2020-12-09 16:11:16",NULL,1,1,1,1,1,0,0,3.93,NULL,0,"2020-05-14 21:16:13",0,0,NULL,1,3,0,NULL,NULL,0,"Cedar City",UT,"United States",US,0,NULL,NULL
951264,NULL,9GEdoVhZxUMixwP1tzAvJLhpSQJ2,NULL,phone,<33cc7096de0938172498ac280b28e462e328ab41a67843a159a51b43c9f660d3>,Shaylee,Pratt,NULL,"West Haven, UT",NULL,41.1772,-112.096,"2020-12-05 04:22:25","Everywhere ",female,22,"1998-09-26 00:00:00",en-US,," Accountant ",active,NULL,0,5,0,"Lubbock Texas",44,21,27,36,"2020-05-20 22:58:26","2020-12-05 04:22:25",NULL,1,1,1,0,1,1,1,3.93,NULL,0,NULL,0,0,NULL,2,3,1,NULL,NULL,0,"West Haven",UT,"United States",US,0,NULL,NULL
958038,NULL,E8QHSZn5rNUWeB8H1IKGS9YC51G3,NULL,phone,<6ef7fee0a4d2bf250d1b4b72404e5d34fca99387404e5038f44f9c29b4c98d12>,Sydnee,Dunn,NULL,"Eagle Mountain, UT",NULL,40.3551,-112.007,"2020-12-07 17:42:25","Eagle mountain ",female,19,"2001-11-27 00:00:00",en-US,,,active,NULL,0,5,2,,59,20,30,56,"2020-05-26 17:23:16","2020-12-07 17:42:25",NULL,1,1,1,1,1,0,0,3.93,NULL,0,NULL,0,0,NULL,2,3,0,NULL,NULL,0,"Eagle Mountain",UT,"United States",US,0,NULL,NULL
959620,131678105189619,NULL,NULL,NULL,NULL,Lily,Jost,sisterjost77@gmail.com,"Porto Alegre, Rio Grande do Sul",NULL,-30.0599,-51.1446,"2020-06-18 21:38:19","Aguas claras Brasil",female,42,"1977-11-08 06:00:00",en_US,Unip,"Relações Publicas",active,3,0,5,4,"Byu Pathway",83,42,50,621,"2020-05-28 01:44:09","2020-06-27 11:38:29",NULL,1,1,0,0,1,0,0,1230201,4,0,NULL,0,0,0,2,3,0,69,84,0,Washington,"Rio Grande do Sul",Brasil,BR,0,NULL,NULL
964716,NULL,L4b3NH9i4zWgkgEmSRGzlxI9jIZ2,NULL,phone,<ec0a1fc5cdfbafefba2f8dd153bf7a1d75ba7d4a6051b2d6f2c013e2e861602d>,Henyuri,Tovar,Henyuricarolina@hotmail.com,"Bluffdale, UT",NULL,40.4838,-111.906,"2020-11-25 12:56:14","Maracaibo, Venezuela ",female,31,"1989-07-17 00:00:00",en-US,"BS Chemical Engineer","Business Owner",active,NULL,0,5,10,"None ",88,28,38,108,"2020-06-01 20:02:23","2020-11-25 12:56:14",NULL,1,1,1,1,1,0,0,3.92,NULL,0,NULL,0,0,NULL,2,3,1,NULL,NULL,0,Bluffdale,UT,"United States",US,0,NULL,NULL
971608,229482164165115,NULL,NULL,NULL,NULL,Jordan,Davis,NULL,"Santa Clara, California",NULL,37.3472,-121.966,"2020-10-18 18:05:16","Santa Clara",male,19,"2001-08-29 20:00:00",en_US,"Santa Clara High",Mechanic,active,2,0,6,3,Soon,73,18,22,80,"2020-06-08 03:13:01","2020-11-09 05:02:46",NULL,0,0,0,0,1,0,0,1230201,NULL,0,NULL,0,0,NULL,1,3,0,36,95,0,"Santa Clara",California,"United States",US,0,NULL,NULL
982264,NULL,ltqYTWJeUCT8VenpMn1mG7qqwx82,NULL,phone,<2123985143491c018f3ebe2365dadeed1ad355d508ed900500ec6a42c95055d9>,Kaden,Steelman,NULL,"Springville, UT",NULL,40.1617,-111.652,"2020-12-09 20:00:28","My mom",male,19,"2001-03-14 00:00:00",en-US,Uvu,"Earn money",active,NULL,0,6,1,,46,18,22,301,"2020-06-18 04:03:13","2020-12-09 20:00:28",NULL,1,1,1,0,1,0,1,3.93,NULL,0,NULL,0,0,NULL,1,3,0,NULL,NULL,0,Springville,UT,"United States",US,0,NULL,NULL
997331,NULL,lmv7WVEldTPW18jrMbniuSS52Kv1,NULL,NULL,<d987ef58e506c40a25bb0aaf4bb45e24517b6ffd7726c8d860207af1de5e61bd>,Maryjoy,Waradji,NULL,"Zamboanga City, Philippines",NULL,6.92928,122.044,"2020-07-03 06:14:18",NULL,female,23,"1996-07-20 00:00:00",en-PH,NULL,NULL,active,3,0,5,6,NULL,50,18,37,47,"2020-07-03 06:10:39","2020-07-03 18:02:59",NULL,1,1,1,1,1,0,0,0.97,NULL,0,NULL,0,0,NULL,2,3,0,NULL,NULL,0,"Zamboanga City","Zamboanga Del Sur",Philippines,PH,0,NULL,NULL
1005474,NULL,SjmwUvNT2fcWJodZVdCd9VLMjKp2,NULL,phone,<b3a2b8cf9887d23cb50642471f8ca7cf36af49f8b67abb3317bea1aa2a6fc173>,Trae,Babcock,NULL,"Cheney, WA",NULL,47.5047,-117.572,"2020-12-06 23:46:04","Cheney, WA",male,18,"2002-02-26 00:00:00",en-US,SFCC,,active,NULL,0,6,2,,37,18,30,100,"2020-07-11 03:06:30","2020-12-06 23:46:04",NULL,1,1,1,1,1,0,0,3.93,NULL,0,NULL,0,0,NULL,1,3,0,NULL,NULL,0,Cheney,WA,"United States",US,0,NULL,NULL
1006551,10206349847583354,NULL,NULL,NULL,NULL,Kaleb,Dodson,gnoff1996@gmail.com,"Sekiu, Washington",NULL,48.2664,-124.338,"2020-07-16 19:44:59","WI, TX, WA.",male,23,"1996-07-31 19:00:00",en_US,"PC & BYU-IDAHO (senior)","Making You Laugh",active,NULL,0,6,5,"Orlando Florida",35,18,25,700,"2020-07-12 03:26:25","2020-07-18 02:07:24",NULL,1,1,0,0,1,0,1,1230304,NULL,0,NULL,0,0,NULL,1,3,1,36,95,0,Sekiu,Washington,"United States",US,0,NULL,NULL
1022227,NULL,LyedoA6Bd9Y48rh31xFJfvegwRU2,NULL,phone,NULL,"Kristen ","Kolstad ",kristenkolstad@gmail.com,"Gilbert, Arizona",NULL,33.3609,-111.696,"2020-12-03 03:28:43","Lake Stevens, Washington ",female,44,"1976-05-03 15:00:00",en_US,"University of Washington ","Operations for a Freestanding Emergency Center Company ",active,NULL,0,5,8,"Oslo, Norway",73,40,55,149,"2020-07-28 05:48:21","2020-12-03 03:28:43",NULL,0,0,0,0,0,0,0,1280503,20,1,NULL,0,0,1,2,3,0,67,95,0,Gilbert,Arizona,"United States",US,0,NULL,NULL
1024264,NULL,vMzfAHUwshQTceCstafAyDuHlyr2,NULL,facebook,NULL,Andrew,Plummer,Darunia329@gmail.com,"Parker, Colorado",NULL,39.4958,-104.763,"2020-12-02 22:37:56","OR & ID",male,24,"1996-12-05 18:00:00",en_US,BYUI,"Physical Therapy aide",active,1,0,6,3,"Sapporo, Japan",54,20,25,60,"2020-07-30 14:05:22","2020-12-02 22:37:56",NULL,1,1,0,0,1,0,0,1280503,NULL,0,NULL,0,0,NULL,1,3,0,36,95,0,Parker,Colorado,"United States",US,0,NULL,NULL
1030286,NULL,1WOgnMiRY0Zm1vTuAEZNfRRbOp33,NULL,facebook,<b36e218b8e8c8fce4f3984ee8606c4a9da914db19a9a7864275c711cff0d6fe4>,Brittney,Conger,brittney.conger@gmail.com,"Provo, UT",,40.2435,-111.658,"2020-12-09 07:17:34",Provo,female,21,"1999-08-13 00:00:00",en-US,BYU,"Student 🙃",active,NULL,0,5,9,"Spokane Washington",42,22,24,5,"2020-08-05 21:26:59","2020-12-09 07:17:34",NULL,1,1,1,0,0,0,0,3.85,NULL,0,NULL,0,0,NULL,2,3,0,NULL,NULL,0,Provo,UT,"United States",US,0,NULL,NULL
1032072,NULL,nc4sYDHlLbWeBIZiJtId9xw1upJ3,NULL,NULL,NULL,kyler,Copling,kylercopling@gmail.com,"Springfield, Missouri",NULL,37.3171,-93.3292,"2020-08-08 13:17:28",Utah,male,25,"1994-10-01 14:00:00",en_US,Homeschool,"Residential painter",active,NULL,0,6,1,"Russia, novosibirsk",18,18,65,50,"2020-08-07 22:58:05","2020-09-08 11:16:20",NULL,1,1,0,0,0,0,0,1240302,NULL,0,NULL,0,0,0,1,3,1,36,95,0,Springfield,Missouri,"United States",US,0,NULL,NULL
1045093,NULL,CnNW7jeTaFfV4vmrmeD63pVmlZw1,NULL,phone,NULL,Shane,Pierucci,purplesap@hotmail.com,"Springville, Utah",NULL,40.1539,-111.574,"2020-11-15 02:32:50",PuyallupWA,male,52,"1968-07-31 18:00:00",en_US,"Sumner WA",NULL,active,NULL,0,5,10,"San Jose California",84,30,60,102,"2020-08-20 21:21:30","2020-12-05 04:08:14",NULL,1,1,1,0,1,0,0,1280303,NULL,0,NULL,0,0,0,1,3,0,36,95,0,Springville,Utah,"United States",US,0,NULL,NULL
1047816,NULL,PWNPiBBpBJWTPVZWMgHbfSo2Vz73,NULL,facebook,NULL,Ingrid,Gutierrez,inguma37@gmail.com,"San Marcos, MX",NULL,20.0314,-99.3343,"2020-12-06 03:31:26",NULL,female,32,"1987-12-27 12:00:00",es_MX,NULL,NULL,active,NULL,0,4,11,NULL,82,27,42,621,"2020-08-23 04:29:42","2020-12-06 03:31:26",NULL,1,1,0,0,0,0,1,1280503,NULL,0,NULL,0,0,NULL,2,3,0,36,84,0,"San Marcos",Hidalgo,México,MX,0,NULL,NULL
1055435,NULL,KMSPTZZx2sgF6nveWfBsFVLy6uy1,NULL,phone,NULL,David,McLuckie,davidhmcluckie@gmail.com,"New Ollerton, GB",NULL,53.2062,-1.01133,"2020-12-07 21:51:04",Oxfordshire,male,37,"1983-01-27 00:00:00",en_GB,"Brunel University Bsc",Epson,active,NULL,0,6,2,Manchester,54,30,44,621,"2020-08-29 17:42:50","2020-12-07 21:51:04",NULL,0,0,0,0,0,0,1,1280503,NULL,1,NULL,0,0,1,1,3,0,0,0,0,"New Ollerton",England,"United Kingdom",GB,0,NULL,NULL
1056590,NULL,tKUCOJ4ejMWhXzyVNd7JIIlkDvj1,NULL,phone,NULL,Peter,Opio,opiopeter33@gmail.com,IE,NULL,53.3921,-6.36478,"2020-12-06 15:37:05",Dublin,male,28,"1992-09-17 12:00:00",en_IE,"TU Dublin"," Spatial Planning and Environment Management Student",active,NULL,0,6,2,NULL,62,23,33,621,"2020-08-30 15:23:23","2020-12-06 15:37:05",NULL,1,1,1,0,1,0,0,1280503,NULL,0,NULL,0,0,0,1,3,0,66,75,0,Dublin,"County Dublin",Ireland,IE,0,NULL,NULL
1061199,NULL,HizvQvoVPra8zqRwaY2wPCgB2XD3,NULL,facebook,<b41f61cb606cb36e2b438e2524e15a40fcbedb3de62099296ed56202fd742577>,Sho,Kuniyuki,skuniyuki@gmail.com,"Lehi, UT",NULL,40.3693,-111.837,"2020-12-09 17:54:26",Snohomish,male,24,"1995-12-19 00:00:00",en-US,BYU,"Chamber Media",active,NULL,0,5,7,"Kobe, Japan",63,19,34,62,"2020-09-03 14:11:32","2020-12-09 17:54:26",NULL,1,1,1,1,1,0,0,3.93,NULL,0,NULL,0,0,0,1,3,0,36,95,1,Lehi,UT,"United States",US,0,NULL,NULL
1070790,NULL,b0VYSxBpwUM7enF2EDhasmOCOUs1,NULL,Phone,NULL,kelvin,john,kelvinwisewon32@gmail.com,NULL,NULL,NULL,NULL,NULL,NULL,male,33,"1987-06-04 00:00:00",en_US,NULL,NULL,active,NULL,0,5,9,NULL,50,18,43,600,"2020-09-11 18:52:51","2020-09-26 17:25:57",NULL,1,1,1,0,1,0,0,1240302,NULL,0,NULL,0,0,NULL,1,3,0,36,95,1,NULL,NULL,NULL,NULL,0,NULL,NULL
1076016,NULL,ulhAZamETZas1EDa4If9SrgwWqr1,NULL,phone,NULL,Justin,Bishop,bishopjustin32@yahoo.com,"Orem, Utah",NULL,40.3075,-111.697,"2020-12-06 02:16:04","Delta utah ",male,34,"1986-04-30 12:00:00",en_US,"Snow ","Vivint solar",active,NULL,0,5,3,"Ohio ",38,24,34,337,"2020-09-16 03:25:22","2020-12-06 02:16:04",NULL,1,1,1,0,1,0,0,1280503,NULL,0,NULL,0,0,0,1,3,0,36,95,0,Orem,Utah,"United States",US,0,NULL,NULL
1078257,NULL,Z27qkEBq5QXJN2waAkRJwJqS2pl2,NULL,phone,<389aeb4bc84ff53ba0afcb5f5acc3a4293488235ae3dd233e466342bdc243da8>,Kaitlyn,Kramer,kaitlynkramer22@gmail.com,"Provo, UT",NULL,40.2517,-111.662,"2020-12-09 19:52:17","Salt Lake City, UT",female,18,"2002-05-12 00:00:00",en-US,BYU,,active,NULL,0,5,9,,52,18,21,35,"2020-09-18 05:33:55","2020-12-09 19:52:17",NULL,1,1,1,1,1,0,0,3.85,NULL,0,NULL,0,0,NULL,2,3,0,NULL,NULL,0,Provo,UT,"United States",US,0,NULL,NULL
1079587,NULL,kmRa69aeotYz7FnQGO5YLMk02lA3,NULL,facebook,NULL,Tristyn,Casteel,tristyncasteel@yahoo.com,"West Point, Utah",NULL,41.1423,-112.095,"2020-12-03 19:54:22","West Point",male,21,"1999-07-19 12:00:00",en_US,WSU,"Production Associate",active,NULL,0,5,11,"Nebraska, Omaha ",57,18,21,33,"2020-09-19 16:24:08","2020-12-07 05:59:55",NULL,0,0,0,0,0,0,0,1260206,NULL,1,NULL,0,0,1,1,3,0,36,95,0,"West Point",Utah,"United States",US,0,NULL,NULL
1080341,NULL,c6YzlSiu9uNQ3e7F9BbxGwcLYX43,NULL,phone,<750abc313e1c6050b45cc157007b0d7fd55297e1d045c9a93e6c77190aeb6103>,Sydnee,Spray,ss.sprayed@yahoo.com,"Salt Lake City, UT",NULL,40.6443,-112.022,"2020-12-09 01:01:25","Salt Lake City",female,18,"2002-05-19 00:00:00",en-US,"Salt Lake Community College","Dental Assistant",active,NULL,0,5,5,,39,18,22,5,"2020-09-20 06:10:37","2020-12-09 01:01:25",NULL,1,1,1,1,1,0,0,3.93,NULL,0,NULL,0,0,NULL,2,3,0,NULL,NULL,1,"Salt Lake City",UT,"United States",US,0,NULL,NULL
1080877,NULL,1mEcw3W0xabJlnJYy8ylH0dEfQQ2,NULL,phone,<7f8684ff4df4f33a82713e2d3790a79d8c36e7bddd97a6d65d88428818db8ef7>,Madilyn,Ellis,Ellismadilyn@gmail.com,"Ogden, UT",NULL,41.2243,-112.064,"2020-10-18 00:02:40",,female,18,"2001-11-12 00:00:00",en-US,"Weber State ",Detailer,active,NULL,0,5,8,"Working on my papers ",32,18,23,108,"2020-09-20 20:54:37","2020-10-18 00:02:40",NULL,0,0,1,0,0,0,0,3.85,NULL,0,NULL,0,0,0,2,3,1,NULL,NULL,0,Ogden,UT,"United States",US,0,NULL,NULL
1087511,NULL,vZ9ptSoVmnhgNpyjU77QCWoq8862,NULL,phone,<1fcc24b9166b9da4dbdf7258e8d008e46a1d695127605bea08049592d6a3407f>,Alex,Laris,larisalex02@gmail.com,"South Jordan, UT",NULL,40.5388,-112.008,"2020-11-21 21:38:15",,female,18,"2002-03-14 00:00:00",en-US,"mtech ",,active,NULL,0,5,2,"near future ",23,18,19,26,"2020-09-27 04:46:09","2020-11-21 21:39:10",NULL,1,1,1,0,1,0,0,3.92,NULL,0,NULL,0,0,0,2,3,1,NULL,NULL,0,"South Jordan",UT,"United States",US,0,NULL,NULL
1089343,NULL,FpCCIzcFN7g7r0eKauWO6BTDZ3E3,NULL,facebook,NULL,Malachi,Ryan,crazychem1st4@gmail.com,"Rexburg, Idaho",NULL,43.8173,-111.791,"2020-12-06 00:23:31","Yakima Wa",male,21,"1999-01-29 22:00:00",en_US,BYU-I,McDonalds,active,NULL,0,5,11,"Nevada Las Vegas West",72,20,23,20,"2020-09-28 23:06:15","2020-12-06 00:23:31",NULL,1,1,1,0,1,0,0,1280503,NULL,0,NULL,0,0,NULL,1,3,0,36,95,0,Rexburg,Idaho,"United States",US,0,NULL,NULL
1090618,NULL,EfWN3u8JswUk6mbENVkH7Fg7bfw1,NULL,phone,NULL,Jerjaen,Leonardo,jerjaenleonardo@gmail.com,"Cebu City, PH",NULL,10.3404,123.889,"2020-10-11 23:39:07","Cebu City",female,28,"1992-06-09 08:00:00",en_US,"Brigham Young University-Hawaii",NULL,active,3,0,5,2,"Philippines Legazpi Mission",37,25,31,700,"2020-09-30 04:34:14","2020-10-11 23:39:07",NULL,1,1,1,0,1,1,1,1260602,NULL,0,NULL,0,0,NULL,2,3,0,36,95,0,"Cebu City","Central Visayas",Philippines,PH,0,NULL,NULL
1096120,NULL,6VLgwgWE4sQu05LCDafeSDC7tnn2,NULL,phone,NULL,Benny,Akers,benjimon.25@gmail.com,"Rexburg, Idaho",NULL,43.8179,-111.788,"2020-11-04 02:21:32","Sacramento... Ish",male,21,"1999-06-15 18:00:00",en_US,NULL,"I pretend to work",active,3,0,6,0,NULL,78,19,26,61,"2020-10-05 06:44:56","2020-11-04 02:21:32",NULL,1,1,1,0,1,0,0,1270602,NULL,0,NULL,0,0,NULL,1,3,0,36,95,0,Rexburg,Idaho,"United States",US,0,NULL,NULL
1096190,NULL,f71ffJE3qDU3V7OGEAYXgMUOgU62,NULL,facebook,<c7ec2d54cff4cd7e42fa208b2aba4bf493d7b73b3e58d0f605ce701467a6e6a5>,Michael,Strickland,michaelstrickland0115@gmail.com,"Las Vegas, NV",NULL,36.1348,-115.299,"2020-12-09 17:57:54","Las Vegas Nevada ",male,39,"1981-01-15 00:00:00",en-US,"UNLV & Capella","Customer service",active,NULL,0,5,6,"Florida Tallahassee Mission ",17,21,49,50,"2020-10-05 09:45:06","2020-12-09 17:57:54",NULL,1,1,1,1,1,1,1,3.93,20,1,NULL,0,0,1,1,3,0,NULL,NULL,0,"Las Vegas",NV,"United States",US,0,NULL,NULL
1102148,NULL,FvTeHXNX6hToyyhjAcKoGCzP4qr1,NULL,facebook,<a2918d4bd81174a235266e7f547c61e860136f231cee34c3f538c09277612a01>,Matt,Gemmell,mattgemmell91@yahoo.com,"Boise, ID",NULL,43.6116,-116.202,"2020-12-06 04:32:49","Vista Ca",male,25,"1995-04-21 00:00:00",en-US,BYU,In-N-Out,active,NULL,0,6,2,Ecuador,50,18,35,27,"2020-10-11 18:34:17","2020-12-06 04:32:49",NULL,1,1,1,1,1,0,0,3.93,NULL,0,NULL,0,0,NULL,1,3,0,NULL,NULL,0,Boise,ID,"United States",US,1,IGQVJYaVNMSVVQNVV2SDNyQUVvV2ZAEU2sta3FuSklQR0tXWWtLY242cUlSaVl6b1dkOGdmN2FfX3RoN0h5TzQ5cW10ek9SZA0MzQnI0dUQ1TWdOWEU5MjFzcGZAiM0tieVlnZA0pmSXRn,"2021-01-21 23:29:52"
1102750,NULL,CNhl77Tr0gfnYSz5SqEcnSMjJBR2,NULL,facebook,<34cdd61a6a467be20ae2d4043c0d656aeb05aec7cc2a15930e016bd3e6f4b4ed>,Victor,Souza,vbsouza99@gmail.com,"Paranaguá, Brasil",NULL,-25.5124,-48.5111,"2020-10-19 15:27:49","Paranaguá PR ",male,21,"1999-06-01 00:00:00",pt-BR,UNINTER,"Instrutor de Informática ",active,3,0,5,10,"México Mérida / SP East",18,18,22,63,"2020-10-12 02:54:28","2020-10-19 15:27:49",NULL,1,1,1,1,1,0,1,3.85,NULL,0,NULL,0,0,0,1,3,0,NULL,NULL,0,Paranaguá,PR,Brasil,BR,0,NULL,NULL
1106190,NULL,uWVsKgtwpLbiHHakqWW07VqoEXN2,NULL,phone,<9832066df7bb108ac464a14b64229d0799c4979d48d1842d1c8ffcae0c396d63>,Shianne,Wadley,shiannewadley@gmail.com,"Orem, UT",NULL,40.282,-111.69,"2020-12-09 16:25:46",,female,21,"1999-08-05 00:00:00",fil-US,,"Insurance agent ",active,NULL,0,5,6,"Philippines cavite ",46,21,28,200,"2020-10-16 01:16:34","2020-12-09 16:25:46",NULL,1,1,1,1,1,0,0,3.93,NULL,0,NULL,0,0,NULL,2,3,0,NULL,NULL,0,Orem,UT,"United States",US,0,NULL,NULL
1106444,NULL,T0N4ufbMp4VfnGYdTTqq4OEIfQg2,NULL,facebook,NULL,Joshua,Matthews,jmjosh90@gmail.com,"Provo, Utah",NULL,40.2509,-111.644,"2020-11-18 00:06:37","Moorpark, California ",male,22,"1997-11-30 15:00:00",en_US,BYU,"BYU Religion Faculty Support ",active,NULL,0,5,9,"Honduras Tegucigalpa & Texas McAllen ",50,20,29,5,"2020-10-16 05:25:19","2020-11-30 11:22:59",NULL,1,1,1,0,1,0,0,1280303,0,0,NULL,0,0,0,1,3,1,62,70,0,Provo,Utah,"United States",US,1,IGQVJXYUpXUWE5Sy1rQld5M29wbDducDN4QWVpajdfUGxaMWtEalQtdnpVRHFLT1BDRnUyTHZAjYnktT3V5cFNwN2o4a0U1bHV4clhSaVIwbFpFbFA3Q0pCRy1nM0dHbEtqSkhWX25B,"2021-01-07 21:18:21"
1106982,NULL,1fbT0J2QYwavqReJBIkQ3j7lSNR2,NULL,facebook,<eb9ac82a5896c98e5293bc6920ceee5761999c87d7de14a36164bcc0f3732fb7>,Emilee,Foley,emileefoley@gmail.com,"Logan, UT",NULL,41.7355,-111.858,"2020-11-06 05:26:01",,female,18,"2001-12-17 00:00:00",en-US,"Culinary arts at BTECH","Chocolatier ",active,3,0,5,6,,33,18,24,51,"2020-10-17 01:19:23","2020-11-06 05:26:01",NULL,1,1,1,1,1,0,0,3.86,NULL,0,NULL,0,0,NULL,2,3,0,NULL,NULL,0,Logan,UT,"United States",US,0,NULL,NULL
1114148,NULL,nV8ZO8VXdfczVtX6moscY8ohYc42,NULL,phone,<335c9a724ef8f9f7f4e5a3781da319d4579bbefbe95db67c917a75bc09ac8f28>,Luke,Chavez,lukejchavez@gmail.com,"Salt Lake City, UT",NULL,40.6045,-111.586,"2020-11-01 09:12:49","Capistrano Beach, CA",male,20,"1999-11-03 00:00:00",en-US,,,active,NULL,0,5,10,,36,18,22,24,"2020-10-25 06:40:09","2020-11-13 11:25:09",NULL,1,1,1,0,1,0,0,3.86,2,0,NULL,0,0,0,1,3,1,36,70,0,"Salt Lake City",UT,"United States",US,0,NULL,NULL
1126365,NULL,jQqEqz7ivUghiHBWaPTcLpmyATm1,NULL,phone,NULL,"Pablo ",Hernandez,pfabish01@gmail.com,"Moroni, Utah",NULL,39.5274,-111.58,"2020-11-08 06:25:05","Moroni, Utah",male,19,"2001-02-13 17:00:00",en_US,"Snow college",Farmer,active,3,0,5,7,"Not sure",75,18,29,200,"2020-11-08 06:11:11","2020-11-08 06:25:09",NULL,1,1,1,0,1,0,0,1280201,NULL,0,NULL,0,0,NULL,1,3,0,36,95,0,Moroni,Utah,"United States",US,0,NULL,NULL
1129146,NULL,bcc7znSxwMOowdBEtb6nHRvBQJq2,NULL,phone,NULL,Kate,Craig,kate.c.york@gmail.com,"Provo, Utah",NULL,40.2659,-111.637,"2020-11-11 07:17:48",Provo,female,35,"1985-06-17 00:00:00",en_US,UVU,"Cakes and wreaths. I am mom.",active,2,0,5,1,NULL,32,25,45,400,"2020-11-11 06:41:15","2020-11-18 00:16:49",NULL,1,1,1,0,1,0,0,1280201,NULL,0,NULL,0,0,NULL,2,3,0,36,95,0,Provo,Utah,"United States",US,0,NULL,NULL
1133759,NULL,XITTBMhmPHMV2Em1YUVLg27JqxR2,NULL,phone,<9a13de29aa859ec67bd41841c19bfdfa057729619c7b504b33083ac4c346234e>,Giselle,Torres,lawbreaker_callixe@yahoo.com,"Malasiqui, Philippines",NULL,15.9198,120.411,"2020-12-09 13:37:07",,female,26,"1994-05-16 00:00:00",en-PH,,Dentist,active,NULL,0,5,5,,50,18,36,200,"2020-11-16 15:35:43","2020-12-09 13:37:07",NULL,1,1,1,1,1,0,1,3.93,NULL,0,NULL,0,0,0,2,3,0,NULL,NULL,0,Malasiqui,Pangasinan,Philippines,PH,0,NULL,NULL
1133967,NULL,Nlf2XBu7jXZV8vX8nmMKoJKoPEP2,NULL,phone,NULL,Joey,Luck,joelucky236@gmail.com,"Greensboro, North Carolina",NULL,36.0589,-79.9048,"2020-11-25 00:10:48",NULL,male,26,"1994-08-22 04:00:00",en_US,NULL,NULL,active,2,0,5,11,NULL,70,18,40,66,"2020-11-16 22:11:33","2020-11-25 00:10:48",NULL,1,1,1,0,1,0,0,1280303,NULL,0,NULL,0,0,NULL,1,3,0,36,95,0,Greensboro,"North Carolina","United States",US,0,NULL,NULL
1140345,NULL,5hrcSrOxeMYjKFTAnOVtqGEoGHF3,NULL,apple,<15f87e75f04bdfe8bf1378448ee9f950e8d1170e4ac5ea39de4b33e997d5675b>,"Justo Alfredo","Justo Alfredo",jaechp25@icloud.com,"Luís Eduardo Magalhães, Brasil",NULL,-12.088,-45.7981,"2020-12-08 15:32:14","Luís Eduardo Magalhães-Bahia ",male,61,"1959-03-25 00:00:00",pt-BR,"Ensino superior ",Médico,active,NULL,0,5,6,"Missão peru lima sur 1982-83",83,40,55,480,"2020-11-24 20:21:02","2020-12-08 23:21:56",NULL,1,1,1,1,1,0,1,3.93,34,1,NULL,0,0,1,1,3,0,61,70,0,"Luís Eduardo Magalhães",BA,Brasil,BR,0,NULL,NULL
1142071,NULL,N1sHyx2mOkgKBlxUN11oFNTKwcp1,NULL,phone,NULL,Bianca,Aguiar,bianca259lobo@bol.com.br,BR,NULL,-21.6973,-45.2564,"2020-12-09 03:18:21","Três Corações MG",female,19,"2001-11-27 14:00:00",pt_BR,"Universidade Vale do Rio Verde",Autônomo,active,NULL,0,5,1,"Not yet",30,18,23,621,"2020-11-27 01:32:42","2020-12-09 03:18:21",NULL,1,1,1,0,1,0,0,1280503,NULL,0,NULL,0,0,NULL,2,3,0,36,95,0,NULL,"Minas Gerais",Brasil,BR,1,IGQVJXT2dTQ3A0eDFhTlRjaGQ1eGxpQXR1NXNrcVFmTjE1SEZAWaU84aXlJY0dSc3dTTHMzcDVob3lZAVWZAFOGtJdVpXeDJ5ZAUtFZAmtYeFVuLWszMVJfNThZATTd1RkpwMXc2LW90WDNB,"2021-01-26 01:43:34"
1142704,NULL,tiXypZUHoaPHP7XPkJIUhQEAi4H2,NULL,phone,<19981396ddabe509e6069713a9d3a179dbd3a82aab9954aea3c3ecd88953ffb4>,Luis,Gonzalez,soldeloeste@icloud.com,"Lodi, CA",NULL,38.1378,-121.256,"2020-12-09 07:01:25","Stockton, CA",male,33,"1987-06-06 00:00:00",en-US,"University of the Pacific","Permit Tech",active,NULL,0,5,10,"none. 5 years active.",63,26,35,498,"2020-11-27 22:35:05","2020-12-09 18:47:47",NULL,1,1,1,1,1,0,0,3.93,28,1,NULL,0,0,1,1,3,0,NULL,NULL,0,Lodi,CA,"United States",US,1,IGQVJVekFLT3hIVkVYUzZA3bDhRZAHVMVHRmU1BjeFFGa0ZAtOEZAVR1RvTktVQjl5Mjd6bkhQS1lsX2RSQ0pWdWtIeWdQbVo5UUt1SkhpTTBDMVFGcEc2MmdKU2VPUE44ZAndSRmhHWFZAn,"2021-01-27 00:43:39"
1144803,NULL,AXdPTZVDcbZYmoS6Fg6auy5Naza2,NULL,facebook,<da2870917b25ceced62b08166dd5ed82a833acae89fe40859ab8a90562934cef>,Riley,Later,ril.later@gmail.com,"Rigby, ID",NULL,43.6532,-111.941,"2020-12-09 18:42:33",,male,25,"1995-11-05 00:00:00",en-US,BYU-Idaho,"Lab Tech",active,NULL,0,5,6,"Busan Korea",65,21,27,57,"2020-11-30 04:07:59","2020-12-09 18:42:33",NULL,1,1,1,1,1,0,0,3.93,NULL,0,NULL,0,0,NULL,1,3,0,NULL,NULL,0,Rigby,ID,"United States",US,1,IGQVJWVWV4LWl5d3NWSHRlQ3JuUU1qSlRUUWN6VFFycF9hZAzNpREhKay1aY2gta191cjc3bU1iM1pYR0ZA0cVJaQjFWd29ENkRmSzFTd051QmYyaG5hMHc2T21pUmh4ek5tRW5RTHhB,"2021-02-07 07:33:45"
1147503,NULL,uQHnDRTRJWW9nSWWWOjZQN2poqm1,NULL,phone,NULL,Francisca,Selef,pancha.09@gmail.com,"Temuco, CL",NULL,-38.7086,-72.5452,"2020-12-09 05:25:11",NULL,female,23,"1997-01-09 09:00:00",es_US,"Universidad católica Temuco ","nutrition and dietetics student",active,NULL,0,5,7,NULL,16,18,33,700,"2020-12-03 16:00:08","2020-12-09 05:25:11",NULL,1,1,1,0,1,0,1,1280503,NULL,0,NULL,0,0,NULL,2,3,0,36,95,0,Temuco,Araucanía,Chile,CL,0,NULL,NULL
