id,user_id,pose_id,url,verified,created_at,deleted_at,verified_at,analyze_data
185499,902336,2,https://dqktdb1dhykn6.cloudfront.net/902336-qurAjK6It.image/jpg,NULL,"2020-07-19 06:01:34",NULL,NULL,NULL
102400,904225,1,https://dqktdb1dhykn6.cloudfront.net/904225-W6mOzIAwp.image/jpeg,0,"2020-04-09 17:29:14",NULL,NULL,NULL
105223,905622,2,https://dqktdb1dhykn6.cloudfront.net/905622-FzOjPYCDI.image/jpg,0,"2020-04-13 17:19:25",NULL,NULL,NULL
180391,905808,2,https://dqktdb1dhykn6.cloudfront.net/905808-xmpjxxTRF.image/jpg,1,"2020-07-12 11:26:05",NULL,"2020-07-14 15:10:28",NULL
175598,906171,1,https://dqktdb1dhykn6.cloudfront.net/906171-girD6hsAb.image/jpeg,0,"2020-07-06 15:11:28",NULL,NULL,NULL
262423,906171,1,https://dqktdb1dhykn6.cloudfront.net/906171-hl2IrrQq1.image/jpeg,NULL,"2020-09-18 02:37:42",NULL,NULL,NULL
106751,906744,2,https://dqktdb1dhykn6.cloudfront.net/906744-xvbFkCnJo.image/jpeg,0,"2020-04-15 20:07:06",NULL,NULL,NULL
110207,907420,1,https://dqktdb1dhykn6.cloudfront.net/907420-qknjb4ZND.image/jpg,0,"2020-04-20 10:06:37",NULL,NULL,NULL
103646,907442,2,https://dqktdb1dhykn6.cloudfront.net/907442-Ssc0MN9Qi.image/jpg,0,"2020-04-11 10:23:15",NULL,NULL,NULL
103730,907612,2,https://dqktdb1dhykn6.cloudfront.net/907612-hNYttKuLC.image/jpg,0,"2020-04-11 16:11:26",NULL,NULL,NULL
105407,910250,2,https://dqktdb1dhykn6.cloudfront.net/910250-s8mA1nMpE.image/jpg,0,"2020-04-13 22:22:46",NULL,NULL,NULL
105833,910858,2,https://dqktdb1dhykn6.cloudfront.net/910858-a22ZdFOP3.image/jpg,0,"2020-04-14 07:34:09",NULL,NULL,NULL
105938,911029,2,https://dqktdb1dhykn6.cloudfront.net/911029-GYeK5wgi8.image/jpg,0,"2020-04-14 15:26:20",NULL,NULL,NULL
105958,911098,2,https://dqktdb1dhykn6.cloudfront.net/911098-ptmadp6QP.image/jpeg,NULL,"2020-04-14 16:33:33",NULL,NULL,NULL
108581,912049,2,https://dqktdb1dhykn6.cloudfront.net/912049-ux4Br7Uu4.image/jpg,0,"2020-04-18 06:45:22",NULL,NULL,NULL
107221,913165,2,https://dqktdb1dhykn6.cloudfront.net/913165-CZ8A46CzK.image/jpg,0,"2020-04-16 07:31:49",NULL,NULL,NULL
108119,914647,2,https://dqktdb1dhykn6.cloudfront.net/914647-1d4DZbOnj.image/jpeg,0,"2020-04-17 19:28:18",NULL,NULL,NULL
112454,917079,2,https://dqktdb1dhykn6.cloudfront.net/917079-jwMQxeH7e.image/jpg,0,"2020-04-23 20:17:37",NULL,NULL,NULL
110216,917959,2,https://dqktdb1dhykn6.cloudfront.net/917959-DTfZiUEf9.image/jpg,0,"2020-04-20 11:45:25",NULL,NULL,NULL
111516,920148,2,https://dqktdb1dhykn6.cloudfront.net/920148-QKMGkHhLf.image/jpg,0,"2020-04-22 12:00:32",NULL,NULL,NULL
260922,920148,2,https://dqktdb1dhykn6.cloudfront.net/920148-by4yhXm7B.image/jpg,NULL,"2020-09-16 11:27:27",NULL,NULL,NULL
113700,920321,2,https://dqktdb1dhykn6.cloudfront.net/920321-wzl94cvQ1.image/jpg,1,"2020-04-25 14:11:22",NULL,"2020-04-30 23:40:11",NULL
113256,922685,2,https://dqktdb1dhykn6.cloudfront.net/922685-lYvaHvVZ4.image/jpg,0,"2020-04-24 23:27:00",NULL,NULL,NULL
213599,923338,2,https://dqktdb1dhykn6.cloudfront.net/923338-51J6SpmSQ.image/jpeg,1,"2020-08-19 23:55:21",NULL,"2020-08-20 20:08:40",NULL
213601,923338,1,https://dqktdb1dhykn6.cloudfront.net/923338-0oiWgu5Kh.image/jpeg,1,"2020-08-19 23:58:02",NULL,"2020-08-20 20:08:48",NULL
213604,923338,2,https://dqktdb1dhykn6.cloudfront.net/923338-3hPXc6lw0.image/jpeg,1,"2020-08-19 23:59:58",NULL,"2020-08-20 20:08:53",NULL
114547,924686,2,https://dqktdb1dhykn6.cloudfront.net/924686-j2cpnNfUx.image/jpg,0,"2020-04-26 19:13:19",NULL,NULL,NULL
117902,924795,1,https://dqktdb1dhykn6.cloudfront.net/924795-yOMuuk23d.image/jpg,0,"2020-05-01 12:19:37",NULL,NULL,NULL
127123,924795,1,https://dqktdb1dhykn6.cloudfront.net/924795-SBGPrZ015.image/jpg,0,"2020-05-14 12:58:41",NULL,NULL,NULL
174900,927699,2,https://dqktdb1dhykn6.cloudfront.net/927699-2HJ7T4YZQ.image/jpeg,0,"2020-07-05 21:25:00",NULL,NULL,NULL
117975,929886,2,https://dqktdb1dhykn6.cloudfront.net/929886-KsLDPAf9y.image/jpeg,0,"2020-05-01 16:40:04",NULL,NULL,NULL
131149,929886,2,https://dqktdb1dhykn6.cloudfront.net/929886-5OPySNsS2.image/jpeg,0,"2020-05-20 00:50:04",NULL,NULL,NULL
137678,929886,2,https://dqktdb1dhykn6.cloudfront.net/929886-kYMWBfQcY.image/jpeg,NULL,"2020-05-28 08:38:06",NULL,NULL,NULL
121529,934734,1,https://dqktdb1dhykn6.cloudfront.net/934734-aGWvR08NZ.image/jpg,0,"2020-05-06 09:56:33",NULL,NULL,NULL
121530,934734,1,https://dqktdb1dhykn6.cloudfront.net/934734-6FZx9hiQx.image/jpg,0,"2020-05-06 09:56:33",NULL,NULL,NULL
136307,934734,2,https://dqktdb1dhykn6.cloudfront.net/934734-wkPiNuYkN.image/jpg,1,"2020-05-26 16:35:28",NULL,"2020-05-29 23:22:40",NULL
321695,938678,1,https://dqktdb1dhykn6.cloudfront.net/938678-jj5wZ5NWr.image/jpg,NULL,"2020-11-28 22:09:41",NULL,NULL,NULL
310569,939177,2,https://dqktdb1dhykn6.cloudfront.net/939177-XMZHL0Eu2.image/jpg,0,"2020-11-14 13:50:39",NULL,NULL,NULL
124193,939659,2,https://dqktdb1dhykn6.cloudfront.net/939659-pIUlBEtAB.image/jpg,0,"2020-05-10 12:30:08",NULL,NULL,NULL
132840,942026,2,https://dqktdb1dhykn6.cloudfront.net/942026-AB5qvuyMz.image/jpg,0,"2020-05-22 11:26:01",NULL,NULL,NULL
129288,947533,1,https://dqktdb1dhykn6.cloudfront.net/947533-gUhK5ChBq.image/jpg,0,"2020-05-17 13:58:22",NULL,NULL,NULL
130022,947669,2,https://dqktdb1dhykn6.cloudfront.net/947669-h2hRjYufe.image/jpg,0,"2020-05-18 06:34:04",NULL,NULL,NULL
140623,947669,2,https://dqktdb1dhykn6.cloudfront.net/947669-nQSRTiY3O.image/jpg,NULL,"2020-06-01 14:33:20",NULL,NULL,NULL
231507,948030,2,https://dqktdb1dhykn6.cloudfront.net/948030-N92u4vLGL.image/jpg,0,"2020-08-30 13:04:21",NULL,NULL,NULL
231547,948030,2,https://dqktdb1dhykn6.cloudfront.net/948030-3R37SpSlT.image/jpg,0,"2020-08-30 13:48:06",NULL,NULL,NULL
231630,948030,2,https://dqktdb1dhykn6.cloudfront.net/948030-qAC4ryxk2.image/jpg,0,"2020-08-30 14:47:48",NULL,NULL,NULL
231719,948030,2,https://dqktdb1dhykn6.cloudfront.net/948030-S3TIoWf2r.image/jpg,0,"2020-08-30 15:43:12",NULL,NULL,NULL
231728,948030,1,https://dqktdb1dhykn6.cloudfront.net/948030-g4adbp4Eu.image/jpg,0,"2020-08-30 15:48:07",NULL,NULL,NULL
231819,948030,2,https://dqktdb1dhykn6.cloudfront.net/948030-pUoVMh64U.image/jpg,0,"2020-08-30 16:36:19",NULL,NULL,NULL
231948,948030,2,https://dqktdb1dhykn6.cloudfront.net/948030-ENrjeS3Zy.image/jpg,0,"2020-08-30 17:42:56",NULL,NULL,NULL
231959,948030,1,https://dqktdb1dhykn6.cloudfront.net/948030-kdhxX0dII.image/jpg,0,"2020-08-30 17:48:08",NULL,NULL,NULL
232004,948030,1,https://dqktdb1dhykn6.cloudfront.net/948030-60pzcXrp3.image/jpg,NULL,"2020-08-30 18:11:45",NULL,NULL,NULL
130051,948658,1,https://dqktdb1dhykn6.cloudfront.net/948658-IKkvMQ8bx.image/jpg,0,"2020-05-18 07:56:07",NULL,NULL,NULL
139751,948691,1,https://dqktdb1dhykn6.cloudfront.net/948691-7QsigT1Y2.image/jpg,NULL,"2020-05-31 08:37:48",NULL,NULL,NULL
351258,949071,2,https://dqktdb1dhykn6.cloudfront.net/949071-j4gEEHOAK.image/jpeg,NULL,"2021-01-08 22:33:38",NULL,NULL,NULL
130359,949163,2,https://dqktdb1dhykn6.cloudfront.net/949163-XcgxDa63P.image/jpg,0,"2020-05-18 22:43:19",NULL,NULL,NULL
130402,949231,2,https://dqktdb1dhykn6.cloudfront.net/949231-LZQp5JxL4.image/jpg,1,"2020-05-18 23:59:21",NULL,"2020-05-19 23:30:52",NULL
278569,949231,2,https://dqktdb1dhykn6.cloudfront.net/949231-CQSRRIbFO.image/jpg,1,"2020-10-05 00:32:01",NULL,"2020-10-05 17:57:31",NULL
280482,949231,2,https://dqktdb1dhykn6.cloudfront.net/949231-U4z8DD5Ai.image/jpg,0,"2020-10-07 00:35:48",NULL,NULL,NULL
161085,949794,2,https://dqktdb1dhykn6.cloudfront.net/949794-c70scOMy2.image/jpg,1,"2020-06-19 14:25:17",NULL,"2020-06-22 23:34:34",NULL
130805,949816,2,https://dqktdb1dhykn6.cloudfront.net/949816-ud10TnWco.image/jpg,NULL,"2020-05-19 12:28:19",NULL,NULL,NULL
130825,949840,2,https://dqktdb1dhykn6.cloudfront.net/949840-JOM3XZcNa.image/jpg,0,"2020-05-19 14:06:02",NULL,NULL,NULL
131508,950879,2,https://dqktdb1dhykn6.cloudfront.net/950879-Hie9qTmvE.image/jpeg,0,"2020-05-20 12:31:02",NULL,NULL,NULL
131513,950890,2,https://dqktdb1dhykn6.cloudfront.net/950890-4WUQAjuNd.image/jpeg,0,"2020-05-20 12:56:54",NULL,NULL,NULL
136220,951104,1,https://dqktdb1dhykn6.cloudfront.net/951104-XRmuZEM6d.image/jpg,0,"2020-05-26 12:09:15",NULL,NULL,NULL
137712,951104,1,https://dqktdb1dhykn6.cloudfront.net/951104-1OLtJV5aA.image/jpg,0,"2020-05-28 11:51:40",NULL,NULL,NULL
131836,951387,2,https://dqktdb1dhykn6.cloudfront.net/951387-PkEhaidVq.image/jpg,NULL,"2020-05-21 01:15:48",NULL,NULL,NULL
132070,951790,2,https://dqktdb1dhykn6.cloudfront.net/951790-mM6vT3kvm.image/jpg,0,"2020-05-21 07:20:49",NULL,NULL,NULL
132101,951840,2,https://dqktdb1dhykn6.cloudfront.net/951840-cyRJkIXG3.image/jpg,0,"2020-05-21 09:15:32",NULL,NULL,NULL
132114,951876,1,https://dqktdb1dhykn6.cloudfront.net/951876-x4fJflRtW.image/jpeg,1,"2020-05-21 10:16:34",NULL,"2020-05-21 13:44:09",NULL
132116,951884,1,https://dqktdb1dhykn6.cloudfront.net/951884-a0c96SsKK.image/jpg,0,"2020-05-21 10:30:47",NULL,NULL,NULL
132794,952264,2,https://dqktdb1dhykn6.cloudfront.net/952264-vOSsCP35j.image/jpg,1,"2020-05-22 07:38:02",NULL,"2020-05-25 18:31:41",NULL
132767,952901,2,https://dqktdb1dhykn6.cloudfront.net/952901-WXkFfnTjC.image/jpg,0,"2020-05-22 06:10:40",NULL,NULL,NULL
133804,952901,2,https://dqktdb1dhykn6.cloudfront.net/952901-CPiDBjIT5.image/jpg,NULL,"2020-05-23 18:55:09",NULL,NULL,NULL
132783,952947,2,https://dqktdb1dhykn6.cloudfront.net/952947-awcanhc5T.image/jpg,0,"2020-05-22 07:00:05",NULL,NULL,NULL
132866,953091,2,https://dqktdb1dhykn6.cloudfront.net/953091-5bAtaPUsa.image/jpg,0,"2020-05-22 13:11:07",NULL,NULL,NULL
286857,953091,2,https://dqktdb1dhykn6.cloudfront.net/953091-zzeph2721.image/jpg,NULL,"2020-10-14 15:00:47",NULL,NULL,NULL
132939,953191,1,https://dqktdb1dhykn6.cloudfront.net/953191-L3NGIeqEh.image/jpeg,0,"2020-05-22 16:18:53",NULL,NULL,NULL
133600,954108,2,https://dqktdb1dhykn6.cloudfront.net/954108-JHlzOo9ez.image/jpeg,0,"2020-05-23 08:13:47",NULL,NULL,NULL
151641,954278,2,https://dqktdb1dhykn6.cloudfront.net/954278-wim37kBZI.image/jpg,NULL,"2020-06-11 13:30:34",NULL,NULL,NULL
135271,954534,2,https://dqktdb1dhykn6.cloudfront.net/954534-r1ZE7C85C.image/jpg,0,"2020-05-25 05:59:17",NULL,NULL,NULL
160203,954566,2,https://dqktdb1dhykn6.cloudfront.net/954566-Gy3hZszNU.image/jpg,0,"2020-06-18 16:40:20",NULL,NULL,NULL
136232,954677,1,https://dqktdb1dhykn6.cloudfront.net/954677-n5Fc5MU8e.image/jpg,0,"2020-05-26 13:06:25",NULL,NULL,NULL
143958,954925,2,https://dqktdb1dhykn6.cloudfront.net/954925-gjo15iOZJ.image/jpg,0,"2020-06-05 23:34:20",NULL,NULL,NULL
143959,954925,2,https://dqktdb1dhykn6.cloudfront.net/954925-s1af29812.image/jpg,NULL,"2020-06-05 23:34:22",NULL,NULL,NULL
135403,954936,2,https://dqktdb1dhykn6.cloudfront.net/954936-WARQyeDKI.image/jpg,0,"2020-05-25 14:10:44",NULL,NULL,NULL
369127,955224,1,https://dqktdb1dhykn6.cloudfront.net/955224-Crf1rFB6b.image/jpeg,0,"2021-01-31 06:57:15",NULL,NULL,NULL
370363,955224,1,https://dqktdb1dhykn6.cloudfront.net/955224-KFJK1Q2NG.image/jpeg,0,"2021-02-01 21:36:18",NULL,NULL,NULL
134483,955381,2,https://dqktdb1dhykn6.cloudfront.net/955381-1MfYqFmnm.image/jpg,1,"2020-05-24 12:08:15",NULL,"2020-05-26 19:46:47",NULL
135439,955881,2,https://dqktdb1dhykn6.cloudfront.net/955881-VYYxIB48h.image/jpg,0,"2020-05-25 15:45:08",NULL,NULL,NULL
135357,956607,2,https://dqktdb1dhykn6.cloudfront.net/956607-bv9KSnLgO.image/jpg,0,"2020-05-25 10:10:42",NULL,NULL,NULL
161288,956806,1,https://dqktdb1dhykn6.cloudfront.net/956806-GzHvx9ZRF.image/jpg,0,"2020-06-19 20:40:00",NULL,NULL,NULL
135492,956813,2,https://dqktdb1dhykn6.cloudfront.net/956813-xRoQV3PjQ.image/jpg,0,"2020-05-25 17:49:55",NULL,NULL,NULL
135639,957004,2,https://dqktdb1dhykn6.cloudfront.net/957004-dhsPUZveS.image/jpg,0,"2020-05-25 20:55:49",NULL,NULL,NULL
135724,957004,2,https://dqktdb1dhykn6.cloudfront.net/957004-dg2YJgMJf.image/jpg,NULL,"2020-05-25 22:47:26",NULL,NULL,NULL
136254,957213,2,https://dqktdb1dhykn6.cloudfront.net/957213-KY6FvCHKh.image/jpg,NULL,"2020-05-26 14:04:59",NULL,NULL,NULL
136149,957708,2,https://dqktdb1dhykn6.cloudfront.net/957708-BzKm2yAKj.image/jpeg,NULL,"2020-05-26 06:49:35",NULL,NULL,NULL
136189,957785,2,https://dqktdb1dhykn6.cloudfront.net/957785-13wyj1BXH.image/jpg,0,"2020-05-26 08:26:10",NULL,NULL,NULL
136238,957892,2,https://dqktdb1dhykn6.cloudfront.net/957892-zDEwVgNy8.image/jpg,0,"2020-05-26 13:21:27",NULL,NULL,NULL
136282,957950,2,https://dqktdb1dhykn6.cloudfront.net/957950-eA62LH1JC.image/jpg,0,"2020-05-26 15:20:26",NULL,NULL,NULL
136358,957973,2,https://dqktdb1dhykn6.cloudfront.net/957973-GhUHo8wzt.image/jpg,0,"2020-05-26 18:14:30",NULL,NULL,NULL
161332,959223,1,https://dqktdb1dhykn6.cloudfront.net/959223-yZeenshiq.image/jpg,1,"2020-06-19 21:28:34",NULL,"2020-06-20 15:59:53",NULL
137328,959492,2,https://dqktdb1dhykn6.cloudfront.net/959492-VQ78DSJOT.image/jpg,0,"2020-05-27 23:43:20",NULL,NULL,NULL
137785,960169,1,https://dqktdb1dhykn6.cloudfront.net/960169-M3c1oNn5b.image/jpg,0,"2020-05-28 15:54:30",NULL,NULL,NULL
138282,960169,2,https://dqktdb1dhykn6.cloudfront.net/960169-qU4pv85nb.image/jpg,NULL,"2020-05-29 05:24:29",NULL,NULL,NULL
138470,960609,2,https://dqktdb1dhykn6.cloudfront.net/960609-1SDR4vWm9.image/jpg,NULL,"2020-05-29 15:38:56",NULL,NULL,NULL
138461,961052,2,https://dqktdb1dhykn6.cloudfront.net/961052-OKF0Md5Wn.image/jpg,NULL,"2020-05-29 15:13:56",NULL,NULL,NULL
143453,961150,2,https://dqktdb1dhykn6.cloudfront.net/961150-M3BTom3KL.image/jpeg,0,"2020-06-05 08:21:17",NULL,NULL,NULL
139754,962106,1,https://dqktdb1dhykn6.cloudfront.net/962106-QrXUUe2JM.image/jpeg,1,"2020-05-31 09:02:31",NULL,"2020-06-01 23:31:15",NULL
139148,962252,2,https://dqktdb1dhykn6.cloudfront.net/962252-Aedx4oLor.image/jpg,0,"2020-05-30 16:01:22",NULL,NULL,NULL
139378,962578,2,https://dqktdb1dhykn6.cloudfront.net/962578-e2fSTYrE2.image/jpg,0,"2020-05-30 23:20:04",NULL,NULL,NULL
139620,962930,2,https://dqktdb1dhykn6.cloudfront.net/962930-Wgb7IOhEi.image/jpg,0,"2020-05-31 04:52:23",NULL,NULL,NULL
140007,963577,2,https://dqktdb1dhykn6.cloudfront.net/963577-cXVRbpWd0.image/jpeg,0,"2020-05-31 21:06:12",NULL,NULL,NULL
140075,963686,2,https://dqktdb1dhykn6.cloudfront.net/963686-V2Z1OFjJM.image/jpg,0,"2020-05-31 22:41:33",NULL,NULL,NULL
140586,964433,2,https://dqktdb1dhykn6.cloudfront.net/964433-ZZJSmcWSz.image/jpg,0,"2020-06-01 11:13:43",NULL,NULL,NULL
140618,964495,2,https://dqktdb1dhykn6.cloudfront.net/964495-Ntx18gja0.image/jpg,0,"2020-06-01 14:07:28",NULL,NULL,NULL
141273,964495,2,https://dqktdb1dhykn6.cloudfront.net/964495-mTdtg3E59.image/jpg,1,"2020-06-02 15:04:04",NULL,"2020-06-03 23:18:13",NULL
140716,964682,2,https://dqktdb1dhykn6.cloudfront.net/964682-dukCofb5J.image/jpg,0,"2020-06-01 19:05:01",NULL,NULL,NULL
142565,967310,2,https://dqktdb1dhykn6.cloudfront.net/967310-p6KXQStAH.image/jpg,0,"2020-06-04 07:37:33",NULL,NULL,NULL
142601,967374,2,https://dqktdb1dhykn6.cloudfront.net/967374-deRS2P4nK.image/jpeg,0,"2020-06-04 10:05:12",NULL,NULL,NULL
142608,967383,2,https://dqktdb1dhykn6.cloudfront.net/967383-PgjzxIucT.image/jpg,0,"2020-06-04 10:50:08",NULL,NULL,NULL
142628,967427,2,https://dqktdb1dhykn6.cloudfront.net/967427-XREheq7U9.image/jpg,0,"2020-06-04 13:09:22",NULL,NULL,NULL
142848,967697,2,https://dqktdb1dhykn6.cloudfront.net/967697-Ink9vDHeN.image/jpg,0,"2020-06-04 20:07:00",NULL,NULL,NULL
142850,967697,2,https://dqktdb1dhykn6.cloudfront.net/967697-ISpc6XJOO.image/jpg,0,"2020-06-04 20:07:16",NULL,NULL,NULL
144468,967697,2,https://dqktdb1dhykn6.cloudfront.net/967697-Qr9p0SCBg.image/jpg,1,"2020-06-06 06:48:34",NULL,"2020-06-08 23:53:37",NULL
259353,967713,2,https://dqktdb1dhykn6.cloudfront.net/967713-52UbPzBOm.image/jpg,NULL,"2020-09-14 23:07:36",NULL,NULL,NULL
147131,972189,1,https://dqktdb1dhykn6.cloudfront.net/972189-qmdbskAck.image/jpg,0,"2020-06-08 18:01:58",NULL,NULL,NULL
148522,973161,2,https://dqktdb1dhykn6.cloudfront.net/973161-b44uBX7mi.image/jpeg,0,"2020-06-09 16:16:37",NULL,NULL,"{"isR":false,"rScore":0.03811683505773544,"isAdultContent":false,"adultScore":0.02687380276620388,"faces":[{"age":26,"gender":"Male","faceRectangle":{"left":792,"top":1367,"width":1198,"height":1198}}]}"
150079,974039,2,https://dqktdb1dhykn6.cloudfront.net/974039-727J1Ypgz.image/jpg,1,"2020-06-10 11:06:06",NULL,"2020-06-11 07:14:10","{"isR":false,"rScore":0.12139828503131866,"isAdultContent":false,"adultScore":0.07286959141492844,"faces":[{"age":24,"gender":"Male","faceRectangle":{"left":262,"top":470,"width":232,"height":232}}]}"
150154,974089,2,https://dqktdb1dhykn6.cloudfront.net/974089-svtfOk8HE.image/jpg,NULL,"2020-06-10 13:34:27",NULL,NULL,NULL
151995,974105,1,https://dqktdb1dhykn6.cloudfront.net/974105-tqInkh2xt.image/jpg,0,"2020-06-11 20:37:23",NULL,NULL,"{"isR":true,"rScore":0.40794894099235535,"isAdultContent":false,"adultScore":0.2913348078727722,"faces":[]}"
152874,974105,2,https://dqktdb1dhykn6.cloudfront.net/974105-DhyT3scmY.image/jpg,1,"2020-06-12 14:58:08",NULL,"2020-06-13 02:56:26",NULL
151639,974185,2,https://dqktdb1dhykn6.cloudfront.net/974185-h6AFoHyUK.image/jpeg,NULL,"2020-06-11 13:27:09",NULL,NULL,NULL
151758,975197,2,https://dqktdb1dhykn6.cloudfront.net/975197-CDBKREEkr.image/jpg,0,"2020-06-11 16:16:08",NULL,NULL,"{"isR":false,"rScore":0.07008115947246552,"isAdultContent":false,"adultScore":0.06170924752950668,"faces":[{"age":30,"gender":"Male","faceRectangle":{"left":132,"top":366,"width":409,"height":409}}]}"
152904,975197,2,https://dqktdb1dhykn6.cloudfront.net/975197-0Pb6e4KF6.image/jpg,1,"2020-06-12 15:49:13",NULL,"2020-06-13 02:58:18",NULL
193879,975289,1,https://dqktdb1dhykn6.cloudfront.net/975289-dtI3E7Lwv.image/jpeg,0,"2020-07-29 22:30:37",NULL,NULL,NULL
166396,976683,2,https://dqktdb1dhykn6.cloudfront.net/976683-bqSQM6cZ0.image/jpg,1,"2020-06-25 01:36:17",NULL,"2020-06-25 03:11:30",NULL
166397,976683,2,https://dqktdb1dhykn6.cloudfront.net/976683-M1zb6hlOo.image/jpg,0,"2020-06-25 01:36:44",NULL,NULL,NULL
153905,977131,2,https://dqktdb1dhykn6.cloudfront.net/977131-I7JSD2Zfe.image/jpg,NULL,"2020-06-13 10:38:41",NULL,NULL,"{"isR":false,"rScore":0.05239757522940636,"isAdultContent":false,"adultScore":0.03823021426796913,"faces":[{"age":24,"gender":"Male","faceRectangle":{"left":276,"top":380,"width":298,"height":298}}]}"
153914,977144,2,https://dqktdb1dhykn6.cloudfront.net/977144-itz3IIOEq.image/jpg,0,"2020-06-13 11:14:50",NULL,NULL,"{"isR":false,"rScore":0.012318936176598072,"isAdultContent":false,"adultScore":0.009935525245964527,"faces":[{"age":28,"gender":"Male","faceRectangle":{"left":292,"top":524,"width":345,"height":345}}]}"
153920,977153,2,https://dqktdb1dhykn6.cloudfront.net/977153-VhlJSWv14.image/jpg,NULL,"2020-06-13 12:02:10",NULL,NULL,"{"isR":false,"rScore":0.035320766270160675,"isAdultContent":false,"adultScore":0.027646349743008614,"faces":[{"age":26,"gender":"Male","faceRectangle":{"left":193,"top":417,"width":290,"height":290}}]}"
157929,977186,2,https://dqktdb1dhykn6.cloudfront.net/977186-WtF209XuM.image/jpg,0,"2020-06-16 14:53:51",NULL,NULL,NULL
153967,977208,1,https://dqktdb1dhykn6.cloudfront.net/977208-T8G7P4rvV.image/jpg,0,"2020-06-13 14:04:41",NULL,NULL,"{"isR":false,"rScore":0.04933907836675644,"isAdultContent":false,"adultScore":0.03430553153157234,"faces":[{"age":30,"gender":"Male","faceRectangle":{"left":110,"top":465,"width":389,"height":389}}]}"
154089,977325,2,https://dqktdb1dhykn6.cloudfront.net/977325-muGlbGJw4.image/jpg,0,"2020-06-13 17:28:48",NULL,NULL,"{"isR":false,"rScore":0.12877997756004333,"isAdultContent":false,"adultScore":0.11254705488681793,"faces":[]}"
154184,977416,2,https://dqktdb1dhykn6.cloudfront.net/977416-nkBAZep8S.image/jpeg,0,"2020-06-13 19:19:06",NULL,NULL,"{"isR":false,"rScore":0.15168894827365875,"isAdultContent":false,"adultScore":0.12827268242835999,"faces":[]}"
154232,977460,1,https://dqktdb1dhykn6.cloudfront.net/977460-LjreqA7AA.image/jpeg,0,"2020-06-13 20:17:44",NULL,NULL,"{"isR":true,"rScore":0.4813506305217743,"isAdultContent":false,"adultScore":0.4386294186115265,"faces":[{"age":25,"gender":"Male","faceRectangle":{"left":468,"top":589,"width":914,"height":914}}]}"
154345,977550,2,https://dqktdb1dhykn6.cloudfront.net/977550-vRMP4izSq.image/jpg,0,"2020-06-13 22:13:56",NULL,NULL,"{"isR":false,"rScore":0.08285310119390488,"isAdultContent":false,"adultScore":0.0714859813451767,"faces":[]}"
157126,978154,1,https://dqktdb1dhykn6.cloudfront.net/978154-qwKu0hGgd.image/jpg,0,"2020-06-16 00:28:57",NULL,NULL,"{"isR":true,"rScore":0.4025894105434418,"isAdultContent":false,"adultScore":0.28954359889030457,"faces":[]}"
157801,978154,2,https://dqktdb1dhykn6.cloudfront.net/978154-ry20rSbAF.image/jpg,0,"2020-06-16 09:19:24",NULL,NULL,NULL
157802,978154,2,https://dqktdb1dhykn6.cloudfront.net/978154-Gr9J6byNq.image/jpg,0,"2020-06-16 09:19:24",NULL,NULL,NULL
205493,978154,1,https://dqktdb1dhykn6.cloudfront.net/978154-uVVipZ7ZD.image/jpg,0,"2020-08-13 07:24:09",NULL,NULL,NULL
205500,978154,1,https://dqktdb1dhykn6.cloudfront.net/978154-S6Uyn4aJ2.image/jpg,0,"2020-08-13 07:40:04",NULL,NULL,NULL
205501,978154,1,https://dqktdb1dhykn6.cloudfront.net/978154-e5eglKnAz.image/jpg,0,"2020-08-13 07:40:04",NULL,NULL,NULL
155370,978567,1,https://dqktdb1dhykn6.cloudfront.net/978567-ta5fXpjs3.image/jpg,0,"2020-06-14 19:32:36",NULL,NULL,"{"isR":false,"rScore":0.3432847261428833,"isAdultContent":false,"adultScore":0.2538043260574341,"faces":[]}"
155472,978658,2,https://dqktdb1dhykn6.cloudfront.net/978658-THtIpzMBi.image/jpg,0,"2020-06-14 21:05:12",NULL,NULL,"{"isR":false,"rScore":0.08585181832313538,"isAdultContent":false,"adultScore":0.06941688060760498,"faces":[{"age":28,"gender":"Male","faceRectangle":{"left":221,"top":243,"width":230,"height":230}}]}"
155491,978666,1,https://dqktdb1dhykn6.cloudfront.net/978666-vaP88YCsF.image/jpg,NULL,"2020-06-14 21:18:23",NULL,NULL,"{"isR":false,"rScore":0.07216945290565491,"isAdultContent":false,"adultScore":0.05397125706076622,"faces":[]}"
155501,978685,1,https://dqktdb1dhykn6.cloudfront.net/978685-RMQSBgTWZ.image/jpg,0,"2020-06-14 21:29:36",NULL,NULL,"{"isR":false,"rScore":0.04249239340424538,"isAdultContent":false,"adultScore":0.03287043422460556,"faces":[]}"
155558,978727,2,https://dqktdb1dhykn6.cloudfront.net/978727-qegRglbJB.image/jpg,0,"2020-06-14 22:10:44",NULL,NULL,"{"isR":false,"rScore":0.03126576915383339,"isAdultContent":false,"adultScore":0.02738688327372074,"faces":[]}"
155573,978727,2,https://dqktdb1dhykn6.cloudfront.net/978727-uvRx72CPf.image/jpg,0,"2020-06-14 22:25:48",NULL,NULL,"{"isR":false,"rScore":0.0889694094657898,"isAdultContent":false,"adultScore":0.06388092041015625,"faces":[]}"
155575,978727,2,https://dqktdb1dhykn6.cloudfront.net/978727-w4vguVT2A.image/jpg,0,"2020-06-14 22:26:29",NULL,NULL,"{"isR":true,"rScore":0.4075508415699005,"isAdultContent":false,"adultScore":0.29661473631858826,"faces":[]}"
155577,978727,2,https://dqktdb1dhykn6.cloudfront.net/978727-r72u4oDL7.image/jpg,0,"2020-06-14 22:26:33",NULL,NULL,"{"isR":true,"rScore":0.4075508415699005,"isAdultContent":false,"adultScore":0.29661473631858826,"faces":[]}"
155578,978727,2,https://dqktdb1dhykn6.cloudfront.net/978727-N5djBck4k.image/jpg,0,"2020-06-14 22:26:36",NULL,NULL,"{"isR":true,"rScore":0.5050621032714844,"isAdultContent":false,"adultScore":0.3304968476295471,"faces":[]}"
156285,979476,2,https://dqktdb1dhykn6.cloudfront.net/979476-ri7zaGr4m.image/jpg,0,"2020-06-15 08:52:44",NULL,NULL,"{"isR":false,"rScore":0.035157211124897,"isAdultContent":false,"adultScore":0.011844647116959095,"faces":[{"age":16,"gender":"Female","faceRectangle":{"left":281,"top":249,"width":169,"height":169}}]}"
260890,979476,2,https://dqktdb1dhykn6.cloudfront.net/979476-w8XeG7OYr.image/jpg,NULL,"2020-09-16 08:38:40",NULL,NULL,NULL
156336,979553,2,https://dqktdb1dhykn6.cloudfront.net/979553-c5VkPPoFm.image/jpg,0,"2020-06-15 13:08:14",NULL,NULL,"{"isR":false,"rScore":0.09859871119260788,"isAdultContent":false,"adultScore":0.0761323794722557,"faces":[]}"
156375,979588,1,https://dqktdb1dhykn6.cloudfront.net/979588-eYXBP4DWF.image/jpg,0,"2020-06-15 14:42:31",NULL,NULL,"{"isR":false,"rScore":0.02227633446455002,"isAdultContent":false,"adultScore":0.0171604435890913,"faces":[]}"
159011,979653,2,https://dqktdb1dhykn6.cloudfront.net/979653-0cFqlJ0a2.image/jpg,0,"2020-06-17 11:22:35",NULL,NULL,NULL
159012,979653,2,https://dqktdb1dhykn6.cloudfront.net/979653-T8bpU4J8f.image/jpg,0,"2020-06-17 11:22:36",NULL,NULL,NULL
160128,981493,2,https://dqktdb1dhykn6.cloudfront.net/981493-ggiYoRi0W.image/jpg,NULL,"2020-06-18 14:33:04",NULL,NULL,NULL
159358,981831,2,https://dqktdb1dhykn6.cloudfront.net/981831-zR14bDdV2.image/jpg,1,"2020-06-17 20:43:03",NULL,"2020-06-18 02:17:53","{"isR":true,"rScore":0.5123794078826904,"isAdultContent":false,"adultScore":0.41884973645210266,"faces":[]}"
159830,982177,2,https://dqktdb1dhykn6.cloudfront.net/982177-x3tjtGC42.image/jpg,0,"2020-06-18 04:11:21",NULL,NULL,"{"isR":false,"rScore":0.06497503817081451,"isAdultContent":false,"adultScore":0.049982357770204544,"faces":[]}"
160330,982778,1,https://dqktdb1dhykn6.cloudfront.net/982778-ovtxoozAs.image/jpeg,NULL,"2020-06-18 19:48:10",NULL,NULL,NULL
161008,983446,2,https://dqktdb1dhykn6.cloudfront.net/983446-ezrAIYmXt.image/jpeg,NULL,"2020-06-19 09:08:21",NULL,NULL,NULL
161089,983562,1,https://dqktdb1dhykn6.cloudfront.net/983562-zKdF5I3fA.image/jpg,NULL,"2020-06-19 14:36:34",NULL,NULL,NULL
162108,984624,2,https://dqktdb1dhykn6.cloudfront.net/984624-OzVZ6zrIy.image/jpg,0,"2020-06-20 17:02:46",NULL,NULL,"{"isR":false,"rScore":0.0209878608584404,"isAdultContent":false,"adultScore":0.01615007407963276,"faces":[]}"
162149,984662,1,https://dqktdb1dhykn6.cloudfront.net/984662-CYxxdJ22E.image/jpg,0,"2020-06-20 17:57:49",NULL,NULL,"{"isR":false,"rScore":0.31350982189178467,"isAdultContent":false,"adultScore":0.23386242985725403,"faces":[]}"
268795,984662,2,https://dqktdb1dhykn6.cloudfront.net/984662-wbJO6vvWz.image/jpg,NULL,"2020-09-24 21:44:53",NULL,NULL,NULL
162271,984779,1,https://dqktdb1dhykn6.cloudfront.net/984779-IVWNexYuC.image/jpg,0,"2020-06-20 20:51:41",NULL,NULL,"{"isR":false,"rScore":0.013945795595645905,"isAdultContent":false,"adultScore":0.0086448909714818,"faces":[]}"
165321,984779,1,https://dqktdb1dhykn6.cloudfront.net/984779-kgm9RlDcD.image/jpg,0,"2020-06-23 20:23:53",NULL,NULL,NULL
250266,984779,1,https://dqktdb1dhykn6.cloudfront.net/984779-HWhTHi1TU.image/jpg,NULL,"2020-09-08 08:22:13",NULL,NULL,NULL
162444,984966,2,https://dqktdb1dhykn6.cloudfront.net/984966-mXpyalaae.image/jpg,0,"2020-06-21 00:06:28",NULL,NULL,"{"isR":false,"rScore":0.0474158376455307,"isAdultContent":false,"adultScore":0.03699765354394913,"faces":[]}"
164019,985123,2,https://dqktdb1dhykn6.cloudfront.net/985123-rYIZFOJR5.image/jpg,0,"2020-06-22 09:54:55",NULL,NULL,"{"isR":false,"rScore":0.020495403558015823,"isAdultContent":false,"adultScore":0.01358615979552269,"faces":[{"age":23,"gender":"Male","faceRectangle":{"left":206,"top":282,"width":408,"height":408}}]}"
162619,985160,2,https://dqktdb1dhykn6.cloudfront.net/985160-DQNYYqHvl.image/jpg,0,"2020-06-21 02:52:36",NULL,NULL,"{"isR":false,"rScore":0.0930803045630455,"isAdultContent":false,"adultScore":0.07871974259614944,"faces":[{"age":26,"gender":"Male","faceRectangle":{"left":273,"top":330,"width":200,"height":200}}]}"
162996,985598,2,https://dqktdb1dhykn6.cloudfront.net/985598-OC4JLRwCO.image/jpeg,NULL,"2020-06-21 14:39:52",NULL,NULL,NULL
163228,985810,2,https://dqktdb1dhykn6.cloudfront.net/985810-0U9TEDhva.image/jpg,0,"2020-06-21 19:53:31",NULL,NULL,"{"isR":false,"rScore":0.019406039267778397,"isAdultContent":false,"adultScore":0.013643770478665829,"faces":[]}"
164001,986603,2,https://dqktdb1dhykn6.cloudfront.net/986603-MNbOAS8UW.image/jpg,0,"2020-06-22 08:22:47",NULL,NULL,"{"isR":true,"rScore":0.4103429317474365,"isAdultContent":false,"adultScore":0.3092712461948395,"faces":[{"age":20,"gender":"Male","faceRectangle":{"left":222,"top":469,"width":320,"height":320}}]}"
164011,986620,2,https://dqktdb1dhykn6.cloudfront.net/986620-PXiTx1poa.image/jpg,0,"2020-06-22 09:08:37",NULL,NULL,"{"isR":false,"rScore":0.15654528141021729,"isAdultContent":false,"adultScore":0.1400420069694519,"faces":[]}"
164028,986645,2,https://dqktdb1dhykn6.cloudfront.net/986645-Dbu9qviAn.image/jpg,0,"2020-06-22 10:55:40",NULL,NULL,"{"isR":false,"rScore":0.05115651339292526,"isAdultContent":false,"adultScore":0.03895210102200508,"faces":[]}"
164030,986649,2,https://dqktdb1dhykn6.cloudfront.net/986649-sERHKjeon.image/jpg,0,"2020-06-22 11:10:25",NULL,NULL,"{"isR":false,"rScore":0.05828177556395531,"isAdultContent":false,"adultScore":0.04403962939977646,"faces":[]}"
164973,986649,2,https://dqktdb1dhykn6.cloudfront.net/986649-Y2zMLt5sy.image/jpg,NULL,"2020-06-23 07:17:54",NULL,NULL,NULL
164037,986661,2,https://dqktdb1dhykn6.cloudfront.net/986661-t9CjtA4J5.image/jpg,0,"2020-06-22 11:58:44",NULL,NULL,"{"isR":false,"rScore":0.01529071107506752,"isAdultContent":false,"adultScore":0.012609475292265415,"faces":[{"age":25,"gender":"Male","faceRectangle":{"left":28,"top":386,"width":373,"height":373}}]}"
164095,986717,1,https://dqktdb1dhykn6.cloudfront.net/986717-Cxzp64eJk.image/jpg,0,"2020-06-22 14:27:05",NULL,NULL,"{"isR":false,"rScore":0.2280198037624359,"isAdultContent":false,"adultScore":0.20938609540462494,"faces":[{"age":28,"gender":"Male","faceRectangle":{"left":273,"top":572,"width":293,"height":293}}]}"
164101,986720,2,https://dqktdb1dhykn6.cloudfront.net/986720-4gSogWGEY.image/jpg,1,"2020-06-22 14:32:40",NULL,"2020-06-22 19:36:45","{"isR":false,"rScore":0.13902828097343445,"isAdultContent":false,"adultScore":0.12361780554056168,"faces":[{"age":9,"gender":"Female","faceRectangle":{"left":292,"top":366,"width":210,"height":210}}]}"
164121,986736,2,https://dqktdb1dhykn6.cloudfront.net/986736-zCSnFTgXE.image/jpeg,0,"2020-06-22 15:15:40",NULL,NULL,"{"isR":false,"rScore":0.027635682374238968,"isAdultContent":false,"adultScore":0.023320112377405167,"faces":[{"age":21,"gender":"Female","faceRectangle":{"left":526,"top":654,"width":1095,"height":1095}}]}"
164141,986759,2,https://dqktdb1dhykn6.cloudfront.net/986759-jPqGxNIxH.image/jpg,0,"2020-06-22 15:52:46",NULL,NULL,"{"isR":false,"rScore":0.2741638422012329,"isAdultContent":false,"adultScore":0.2414165884256363,"faces":[]}"
164474,987086,2,https://dqktdb1dhykn6.cloudfront.net/987086-la4WFkRiw.image/jpeg,0,"2020-06-22 23:08:12",NULL,NULL,"{"isR":false,"rScore":0.10149458795785904,"isAdultContent":false,"adultScore":0.07946588099002838,"faces":[]}"
165130,987799,2,https://dqktdb1dhykn6.cloudfront.net/987799-QTkebLOvh.image/jpg,0,"2020-06-23 15:33:18",NULL,NULL,NULL
165964,988034,1,https://dqktdb1dhykn6.cloudfront.net/988034-vhfMnVwLT.image/jpg,NULL,"2020-06-24 11:59:13",NULL,NULL,NULL
184029,988115,2,https://dqktdb1dhykn6.cloudfront.net/988115-9d18GrfC0.image/jpeg,1,"2020-07-17 07:35:46",NULL,"2020-07-17 17:51:09",NULL
266596,988115,2,https://dqktdb1dhykn6.cloudfront.net/988115-DYSCH110B.image/jpg,NULL,"2020-09-22 06:29:48",NULL,NULL,NULL
166263,989067,2,https://dqktdb1dhykn6.cloudfront.net/989067-mhUi0MSqC.image/jpg,0,"2020-06-24 22:40:02",NULL,NULL,NULL
166304,989101,2,https://dqktdb1dhykn6.cloudfront.net/989101-Zf94OuD0N.image/jpg,1,"2020-06-24 23:33:27",NULL,"2020-06-25 01:21:08",NULL
171923,995918,1,https://dqktdb1dhykn6.cloudfront.net/995918-Okpurie50.image/jpg,0,"2020-07-01 21:28:34",NULL,NULL,NULL
171940,995928,1,https://dqktdb1dhykn6.cloudfront.net/995928-QnGdyqBMq.image/jpg,0,"2020-07-01 22:01:16",NULL,NULL,NULL
171972,995976,2,https://dqktdb1dhykn6.cloudfront.net/995976-bcNM2bC7e.image/jpeg,0,"2020-07-01 22:54:13",NULL,NULL,NULL
171978,995977,2,https://dqktdb1dhykn6.cloudfront.net/995977-zD4DjL9h1.image/jpeg,0,"2020-07-01 23:03:22",NULL,NULL,NULL
172528,996728,2,https://dqktdb1dhykn6.cloudfront.net/996728-it3uSVKpn.image/jpg,0,"2020-07-02 19:53:07",NULL,NULL,NULL
303977,996728,1,https://dqktdb1dhykn6.cloudfront.net/996728-11GNFWQwU.image/jpg,0,"2020-11-05 21:24:09",NULL,NULL,NULL
173032,997362,2,https://dqktdb1dhykn6.cloudfront.net/997362-tkmzz3MEU.image/jpeg,0,"2020-07-03 09:08:59",NULL,NULL,NULL
173280,997530,1,https://dqktdb1dhykn6.cloudfront.net/997530-TkKykEme0.image/jpg,NULL,"2020-07-03 20:32:15",NULL,NULL,NULL
173823,997532,1,https://dqktdb1dhykn6.cloudfront.net/997532-VITFDrBPw.image/jpg,0,"2020-07-04 12:28:29",NULL,NULL,NULL
173797,997587,2,https://dqktdb1dhykn6.cloudfront.net/997587-zblohmR7a.image/jpg,1,"2020-07-04 10:44:46",NULL,"2020-07-08 19:43:50",NULL
205723,997688,2,https://dqktdb1dhykn6.cloudfront.net/997688-2WK4QKZNn.image/jpg,0,"2020-08-13 15:35:33",NULL,NULL,NULL
205730,997688,1,https://dqktdb1dhykn6.cloudfront.net/997688-qr5OMx1g6.image/jpg,0,"2020-08-13 15:42:07",NULL,NULL,NULL
173347,997777,2,https://dqktdb1dhykn6.cloudfront.net/997777-8ZUr8CuHX.image/jpg,NULL,"2020-07-03 22:20:09",NULL,NULL,NULL
173608,998071,1,https://dqktdb1dhykn6.cloudfront.net/998071-wPkmXB7le.image/jpg,0,"2020-07-04 03:59:07",NULL,NULL,NULL
173791,998287,1,https://dqktdb1dhykn6.cloudfront.net/998287-UOSbK4bbt.image/jpg,0,"2020-07-04 09:54:00",NULL,NULL,NULL
173792,998287,1,https://dqktdb1dhykn6.cloudfront.net/998287-lhMm2HA4e.image/jpg,NULL,"2020-07-04 09:54:32",NULL,NULL,NULL
173809,998345,1,https://dqktdb1dhykn6.cloudfront.net/998345-vV9R0UlNN.image/jpg,0,"2020-07-04 11:53:02",NULL,NULL,NULL
173850,998396,2,https://dqktdb1dhykn6.cloudfront.net/998396-8v0Cku0FJ.image/jpg,0,"2020-07-04 13:54:19",NULL,NULL,NULL
173864,998406,2,https://dqktdb1dhykn6.cloudfront.net/998406-cFydTn2IN.image/jpg,0,"2020-07-04 14:37:34",NULL,NULL,NULL
252602,998406,2,https://dqktdb1dhykn6.cloudfront.net/998406-0Ct9ZQr64.image/jpg,NULL,"2020-09-09 09:17:53",NULL,NULL,NULL
176570,998528,2,https://dqktdb1dhykn6.cloudfront.net/998528-uTCYsu263.image/jpg,NULL,"2020-07-07 10:03:55",NULL,NULL,NULL
174682,999444,2,https://dqktdb1dhykn6.cloudfront.net/999444-OpimyGGwE.image/jpg,0,"2020-07-05 16:54:14",NULL,NULL,NULL
174719,999497,2,https://dqktdb1dhykn6.cloudfront.net/999497-qHpRz305n.image/jpg,1,"2020-07-05 17:50:26",NULL,"2020-07-06 21:32:23",NULL
174763,999508,1,https://dqktdb1dhykn6.cloudfront.net/999508-ds2gS26Tf.image/jpeg,0,"2020-07-05 18:49:29",NULL,NULL,NULL
175016,999840,2,https://dqktdb1dhykn6.cloudfront.net/999840-K4CRe1aRZ.image/jpg,0,"2020-07-05 23:26:28",NULL,NULL,NULL
175548,999935,2,https://dqktdb1dhykn6.cloudfront.net/999935-60m9aO2yB.image/jpeg,0,"2020-07-06 12:45:11",NULL,NULL,NULL
175122,999945,2,https://dqktdb1dhykn6.cloudfront.net/999945-TEkP0p991.image/jpeg,0,"2020-07-06 01:10:52",NULL,NULL,NULL
175285,1000154,2,https://dqktdb1dhykn6.cloudfront.net/1000154-A1yQQ5So9.image/jpeg,0,"2020-07-06 03:24:52",NULL,NULL,NULL
175484,1000430,2,https://dqktdb1dhykn6.cloudfront.net/1000430-qt7cbOBfo.image/jpg,0,"2020-07-06 07:13:49",NULL,NULL,NULL
175542,1000494,2,https://dqktdb1dhykn6.cloudfront.net/1000494-q0ZLKY66m.image/jpg,0,"2020-07-06 12:02:27",NULL,NULL,NULL
175567,1000536,2,https://dqktdb1dhykn6.cloudfront.net/1000536-NHADtVO6C.image/jpg,0,"2020-07-06 13:48:04",NULL,NULL,NULL
175570,1000541,1,https://dqktdb1dhykn6.cloudfront.net/1000541-IR4QnlGrk.image/jpg,0,"2020-07-06 13:52:50",NULL,NULL,NULL
175621,1000614,2,https://dqktdb1dhykn6.cloudfront.net/1000614-65jb9UNrk.image/jpg,0,"2020-07-06 15:48:00",NULL,NULL,NULL
175786,1000829,2,https://dqktdb1dhykn6.cloudfront.net/1000829-2ctzt3C3g.image/jpeg,NULL,"2020-07-06 18:57:14",NULL,NULL,NULL
175956,1000955,2,https://dqktdb1dhykn6.cloudfront.net/1000955-8eJp71NgR.image/jpg,NULL,"2020-07-06 22:21:33",NULL,NULL,NULL
175897,1001014,2,https://dqktdb1dhykn6.cloudfront.net/1001014-kx0RqFI43.image/jpg,0,"2020-07-06 21:16:11",NULL,NULL,NULL
175991,1001130,1,https://dqktdb1dhykn6.cloudfront.net/1001130-kaQtLkFLz.image/jpg,0,"2020-07-06 22:58:11",NULL,NULL,NULL
176503,1001817,2,https://dqktdb1dhykn6.cloudfront.net/1001817-IoMKe3PZX.image/jpeg,0,"2020-07-07 06:34:21",NULL,NULL,NULL
176512,1001833,2,https://dqktdb1dhykn6.cloudfront.net/1001833-QoXv4Akgu.image/jpg,0,"2020-07-07 06:46:20",NULL,NULL,NULL
176629,1001985,1,https://dqktdb1dhykn6.cloudfront.net/1001985-WTdiGQrCA.image/jpeg,0,"2020-07-07 14:24:23",NULL,NULL,NULL
176746,1002126,2,https://dqktdb1dhykn6.cloudfront.net/1002126-8c4kEtPhO.image/jpg,0,"2020-07-07 18:28:16",NULL,NULL,NULL
176743,1002130,2,https://dqktdb1dhykn6.cloudfront.net/1002130-9m8n3zzds.image/jpg,0,"2020-07-07 18:26:07",NULL,NULL,NULL
177354,1002942,2,https://dqktdb1dhykn6.cloudfront.net/1002942-KpYor7ybd.image/jpeg,0,"2020-07-08 10:44:35",NULL,NULL,NULL
177496,1003117,1,https://dqktdb1dhykn6.cloudfront.net/1003117-WmM3uzEwL.image/jpeg,NULL,"2020-07-08 17:27:53",NULL,NULL,NULL
177527,1003187,1,https://dqktdb1dhykn6.cloudfront.net/1003187-8V1Jv366b.image/jpg,0,"2020-07-08 18:43:56",NULL,NULL,NULL
178005,1003790,2,https://dqktdb1dhykn6.cloudfront.net/1003790-GDsSFo0nd.image/jpg,0,"2020-07-09 05:13:48",NULL,NULL,NULL
178049,1003839,2,https://dqktdb1dhykn6.cloudfront.net/1003839-5ZpC4UqrG.image/jpg,0,"2020-07-09 06:27:30",NULL,NULL,NULL
178758,1003911,2,https://dqktdb1dhykn6.cloudfront.net/1003911-iDElTfo5M.image/jpg,NULL,"2020-07-10 05:28:53",NULL,NULL,NULL
178094,1003922,1,https://dqktdb1dhykn6.cloudfront.net/1003922-CsRxMT12z.image/jpg,0,"2020-07-09 08:45:36",NULL,NULL,NULL
178104,1003937,2,https://dqktdb1dhykn6.cloudfront.net/1003937-gKsEUOoAY.image/jpeg,0,"2020-07-09 09:39:36",NULL,NULL,NULL
284638,1003937,2,https://dqktdb1dhykn6.cloudfront.net/1003937-53OPv9MIn.image/jpeg,NULL,"2020-10-11 22:53:32",NULL,NULL,NULL
178126,1003973,2,https://dqktdb1dhykn6.cloudfront.net/1003973-Kav348thI.image/jpeg,0,"2020-07-09 12:03:53",NULL,NULL,NULL
178130,1003977,2,https://dqktdb1dhykn6.cloudfront.net/1003977-7GAzXWWlJ.image/jpg,0,"2020-07-09 12:25:27",NULL,NULL,NULL
178142,1003999,2,https://dqktdb1dhykn6.cloudfront.net/1003999-efD12z9oz.image/jpg,0,"2020-07-09 13:36:11",NULL,NULL,NULL
178147,1004007,2,https://dqktdb1dhykn6.cloudfront.net/1004007-2Ua12zoSw.image/jpg,0,"2020-07-09 13:54:16",NULL,NULL,NULL
178165,1004034,2,https://dqktdb1dhykn6.cloudfront.net/1004034-lyifSF0It.image/jpeg,1,"2020-07-09 14:33:16",NULL,"2020-07-09 17:13:00",NULL
178193,1004063,1,https://dqktdb1dhykn6.cloudfront.net/1004063-qvIquaxe5.image/jpg,0,"2020-07-09 15:33:41",NULL,NULL,NULL
182688,1004218,1,https://dqktdb1dhykn6.cloudfront.net/1004218-oBzIWRbdv.image/jpg,NULL,"2020-07-15 11:25:32",NULL,NULL,NULL
178726,1004701,2,https://dqktdb1dhykn6.cloudfront.net/1004701-CPJap2HqM.image/jpeg,0,"2020-07-10 04:42:48",NULL,NULL,NULL
178889,1004776,1,https://dqktdb1dhykn6.cloudfront.net/1004776-bF0Tb33yq.image/jpg,0,"2020-07-10 13:38:05",NULL,NULL,NULL
178804,1004809,1,https://dqktdb1dhykn6.cloudfront.net/1004809-lsCPppeEp.image/jpg,0,"2020-07-10 06:55:27",NULL,NULL,NULL
178829,1004853,1,https://dqktdb1dhykn6.cloudfront.net/1004853-iyxm5kjiP.image/jpg,0,"2020-07-10 08:13:30",NULL,NULL,NULL
178910,1004954,2,https://dqktdb1dhykn6.cloudfront.net/1004954-lOL0qwHxi.image/jpeg,0,"2020-07-10 14:49:45",NULL,NULL,NULL
178926,1004965,1,https://dqktdb1dhykn6.cloudfront.net/1004965-KEhSOhD0L.image/jpeg,0,"2020-07-10 15:28:02",NULL,NULL,NULL
179014,1005075,2,https://dqktdb1dhykn6.cloudfront.net/1005075-aNJ31RiSj.image/jpg,1,"2020-07-10 18:46:33",NULL,"2020-07-11 01:37:20",NULL
184960,1005471,1,https://dqktdb1dhykn6.cloudfront.net/1005471-VYbQzE9ye.image/jpeg,0,"2020-07-18 17:33:36",NULL,NULL,NULL
179534,1005775,2,https://dqktdb1dhykn6.cloudfront.net/1005775-JyO2DWYqp.image/jpg,0,"2020-07-11 07:33:54",NULL,NULL,NULL
179589,1005894,1,https://dqktdb1dhykn6.cloudfront.net/1005894-5ZspMHYLF.image/jpg,0,"2020-07-11 13:53:22",NULL,NULL,NULL
179621,1005934,1,https://dqktdb1dhykn6.cloudfront.net/1005934-VwdMA5MWD.image/jpeg,0,"2020-07-11 15:11:48",NULL,NULL,NULL
179624,1005934,1,https://dqktdb1dhykn6.cloudfront.net/1005934-acO1o7Sbr.image/jpeg,0,"2020-07-11 15:13:03",NULL,NULL,NULL
179626,1005934,1,https://dqktdb1dhykn6.cloudfront.net/1005934-4XR82KZZ9.image/jpeg,0,"2020-07-11 15:13:45",NULL,NULL,NULL
179627,1005934,2,https://dqktdb1dhykn6.cloudfront.net/1005934-ASz8bu2oU.image/jpeg,NULL,"2020-07-11 15:15:25",NULL,NULL,NULL
179995,1006400,2,https://dqktdb1dhykn6.cloudfront.net/1006400-j74EQRUbi.image/jpg,0,"2020-07-12 01:28:19",NULL,NULL,NULL
180975,1007626,1,https://dqktdb1dhykn6.cloudfront.net/1007626-hXME3c02B.image/jpeg,0,"2020-07-13 02:22:45",NULL,NULL,NULL
181252,1007989,2,https://dqktdb1dhykn6.cloudfront.net/1007989-va9cY54Rz.image/jpeg,1,"2020-07-13 08:06:03",NULL,"2020-07-13 19:39:50",NULL
181373,1008157,2,https://dqktdb1dhykn6.cloudfront.net/1008157-8medNAgtP.image/jpg,0,"2020-07-13 16:23:45",NULL,NULL,NULL
181487,1008316,1,https://dqktdb1dhykn6.cloudfront.net/1008316-5aBcyB3kj.image/jpg,0,"2020-07-13 20:41:28",NULL,"2020-07-14 03:01:01",NULL
181867,1008823,1,https://dqktdb1dhykn6.cloudfront.net/1008823-TdMSnrxhU.image/jpg,0,"2020-07-14 05:22:06",NULL,NULL,NULL
181978,1008970,2,https://dqktdb1dhykn6.cloudfront.net/1008970-lFQHUrLBD.image/jpg,0,"2020-07-14 11:58:20",NULL,NULL,NULL
182001,1009003,2,https://dqktdb1dhykn6.cloudfront.net/1009003-tuVlzv0AV.image/jpg,0,"2020-07-14 14:07:47",NULL,NULL,NULL
182044,1009069,2,https://dqktdb1dhykn6.cloudfront.net/1009069-Leo1xwIGN.image/jpeg,1,"2020-07-14 16:39:24",NULL,"2020-07-14 19:16:05",NULL
182658,1009232,2,https://dqktdb1dhykn6.cloudfront.net/1009232-8Ykd4y2qW.image/jpg,NULL,"2020-07-15 08:02:29",NULL,NULL,NULL
182721,1009965,2,https://dqktdb1dhykn6.cloudfront.net/1009965-kBBlpo15i.image/jpeg,0,"2020-07-15 14:16:17",NULL,NULL,NULL
182722,1009965,2,https://dqktdb1dhykn6.cloudfront.net/1009965-dA2dnIT75.image/jpeg,0,"2020-07-15 14:18:22",NULL,NULL,NULL
182723,1009965,2,https://dqktdb1dhykn6.cloudfront.net/1009965-zWObB3Uj7.image/jpeg,0,"2020-07-15 14:19:29",NULL,NULL,NULL
182876,1010182,2,https://dqktdb1dhykn6.cloudfront.net/1010182-s1ngcX3Hr.image/jpeg,0,"2020-07-15 20:59:08",NULL,NULL,NULL
183459,1010964,2,https://dqktdb1dhykn6.cloudfront.net/1010964-dBl43911O.image/jpg,NULL,"2020-07-16 16:41:54",NULL,NULL,NULL
183460,1010964,2,https://dqktdb1dhykn6.cloudfront.net/1010964-ct6vZNl1z.image/jpg,0,"2020-07-16 16:41:54",NULL,NULL,NULL
183525,1011033,1,https://dqktdb1dhykn6.cloudfront.net/1011033-47JG0ZoNW.image/jpeg,0,"2020-07-16 19:11:12",NULL,NULL,NULL
184445,1012125,2,https://dqktdb1dhykn6.cloudfront.net/1012125-nlhqXSSx4.image/jpeg,NULL,"2020-07-18 00:18:57",NULL,NULL,NULL
184583,1012292,2,https://dqktdb1dhykn6.cloudfront.net/1012292-8rKmDGqj7.image/jpeg,0,"2020-07-18 03:23:25",NULL,NULL,NULL
184845,1012625,2,https://dqktdb1dhykn6.cloudfront.net/1012625-AVbmQdDVt.image/jpg,0,"2020-07-18 11:57:33",NULL,NULL,NULL
184855,1012640,1,https://dqktdb1dhykn6.cloudfront.net/1012640-kJGYXn5QZ.image/jpg,0,"2020-07-18 12:45:37",NULL,NULL,NULL
184861,1012653,2,https://dqktdb1dhykn6.cloudfront.net/1012653-f9jRf7G4W.image/jpeg,0,"2020-07-18 13:33:31",NULL,NULL,NULL
184922,1012722,2,https://dqktdb1dhykn6.cloudfront.net/1012722-cby4LUOXs.image/jpg,NULL,"2020-07-18 16:07:10",NULL,NULL,NULL
184926,1012728,1,https://dqktdb1dhykn6.cloudfront.net/1012728-AXI86LP3z.image/jpg,0,"2020-07-18 16:17:41",NULL,NULL,NULL
184946,1012748,2,https://dqktdb1dhykn6.cloudfront.net/1012748-f69Cykrx0.image/jpeg,0,"2020-07-18 17:02:56",NULL,NULL,NULL
185016,1012838,2,https://dqktdb1dhykn6.cloudfront.net/1012838-LtqlyKmf2.image/jpeg,0,"2020-07-18 19:10:57",NULL,NULL,NULL
185538,1013470,2,https://dqktdb1dhykn6.cloudfront.net/1013470-ItcNNePWd.image/jpg,0,"2020-07-19 06:41:19",NULL,NULL,NULL
185605,1013592,2,https://dqktdb1dhykn6.cloudfront.net/1013592-UNrzOYHcR.image/jpg,1,"2020-07-19 10:15:07",NULL,"2020-07-20 20:25:18",NULL
185623,1013613,1,https://dqktdb1dhykn6.cloudfront.net/1013613-ZeeWJUuel.image/jpg,0,"2020-07-19 12:13:22",NULL,NULL,NULL
185797,1013814,2,https://dqktdb1dhykn6.cloudfront.net/1013814-bWCgWCk1I.image/jpeg,1,"2020-07-19 18:35:44",NULL,"2020-07-20 15:10:00",NULL
185961,1014009,1,https://dqktdb1dhykn6.cloudfront.net/1014009-7MYuOYYzV.image/jpg,0,"2020-07-19 21:55:26",NULL,NULL,NULL
186037,1014112,1,https://dqktdb1dhykn6.cloudfront.net/1014112-w9SgKB6Km.image/jpg,0,"2020-07-19 23:24:29",NULL,NULL,NULL
186063,1014137,2,https://dqktdb1dhykn6.cloudfront.net/1014137-2Qe2pJ6Cd.image/jpeg,0,"2020-07-19 23:52:01",NULL,NULL,NULL
186057,1014139,2,https://dqktdb1dhykn6.cloudfront.net/1014139-6oOmUay9o.image/jpg,0,"2020-07-19 23:47:11",NULL,NULL,NULL
186547,1014724,2,https://dqktdb1dhykn6.cloudfront.net/1014724-D6UZpsg0N.image/jpg,0,"2020-07-20 13:00:36",NULL,NULL,NULL
186803,1015038,2,https://dqktdb1dhykn6.cloudfront.net/1015038-FpD3wFKyL.image/jpeg,0,"2020-07-20 22:35:38",NULL,NULL,NULL
186836,1015056,2,https://dqktdb1dhykn6.cloudfront.net/1015056-sk4a9RLHA.image/jpg,0,"2020-07-20 22:59:11",NULL,NULL,NULL
187140,1015452,2,https://dqktdb1dhykn6.cloudfront.net/1015452-evaB1a43Q.image/jpg,0,"2020-07-21 05:25:14",NULL,NULL,NULL
187202,1015511,2,https://dqktdb1dhykn6.cloudfront.net/1015511-8rimJ0Len.image/jpg,0,"2020-07-21 06:50:01",NULL,NULL,NULL
187255,1015598,2,https://dqktdb1dhykn6.cloudfront.net/1015598-OzfcVulMO.image/jpg,0,"2020-07-21 10:25:34",NULL,NULL,NULL
187258,1015600,2,https://dqktdb1dhykn6.cloudfront.net/1015600-7hy14B8tW.image/jpeg,0,"2020-07-21 10:45:14",NULL,NULL,NULL
187284,1015641,2,https://dqktdb1dhykn6.cloudfront.net/1015641-Mli9fAfCF.image/jpg,0,"2020-07-21 13:17:12",NULL,NULL,NULL
187291,1015647,2,https://dqktdb1dhykn6.cloudfront.net/1015647-3Zt833JHa.image/jpg,0,"2020-07-21 13:29:28",NULL,NULL,NULL
187292,1015647,2,https://dqktdb1dhykn6.cloudfront.net/1015647-LkVf7drH0.image/jpg,0,"2020-07-21 13:29:30",NULL,NULL,NULL
187365,1015731,2,https://dqktdb1dhykn6.cloudfront.net/1015731-n70Ui4ziG.image/jpg,0,"2020-07-21 16:32:14",NULL,NULL,NULL
187369,1015751,1,https://dqktdb1dhykn6.cloudfront.net/1015751-ojdllYWNV.image/jpg,0,"2020-07-21 16:49:12",NULL,NULL,NULL
187464,1015854,1,https://dqktdb1dhykn6.cloudfront.net/1015854-UwJcqBabv.image/jpg,0,"2020-07-21 19:41:05",NULL,NULL,NULL
187522,1015923,1,https://dqktdb1dhykn6.cloudfront.net/1015923-CBQB2vR25.image/jpeg,0,"2020-07-21 21:26:16",NULL,NULL,NULL
263620,1015923,2,https://dqktdb1dhykn6.cloudfront.net/1015923-HTgc4NZgr.image/jpeg,1,"2020-09-19 06:54:52",NULL,"2020-09-23 16:14:54",NULL
188230,1016736,2,https://dqktdb1dhykn6.cloudfront.net/1016736-cNkhNxJCZ.image/jpg,0,"2020-07-22 20:40:23",NULL,NULL,NULL
188788,1017492,2,https://dqktdb1dhykn6.cloudfront.net/1017492-6blN4jPQk.image/jpg,1,"2020-07-23 17:03:47",NULL,"2020-07-23 17:37:57",NULL
189018,1017766,1,https://dqktdb1dhykn6.cloudfront.net/1017766-2oq5ujr4A.image/jpg,1,"2020-07-24 00:02:53",NULL,"2020-07-24 04:36:27",NULL
189123,1017895,2,https://dqktdb1dhykn6.cloudfront.net/1017895-zf2FGzgvV.image/jpg,0,"2020-07-24 02:15:35",NULL,NULL,NULL
189192,1017986,2,https://dqktdb1dhykn6.cloudfront.net/1017986-9M7CQXnkw.image/jpg,1,"2020-07-24 03:41:14",NULL,"2020-07-24 04:16:34",NULL
189345,1018152,2,https://dqktdb1dhykn6.cloudfront.net/1018152-4YcuGxpvt.image/jpeg,NULL,"2020-07-24 06:26:48",NULL,NULL,NULL
189381,1018198,2,https://dqktdb1dhykn6.cloudfront.net/1018198-nZYBcBtLn.image/jpg,1,"2020-07-24 07:32:13",NULL,"2020-07-24 15:02:30",NULL
302387,1018198,2,https://dqktdb1dhykn6.cloudfront.net/1018198-BiG1mUYQP.image/jpg,0,"2020-11-03 15:20:14",NULL,NULL,NULL
303811,1018198,2,https://dqktdb1dhykn6.cloudfront.net/1018198-3SlSVq3sA.image/jpg,0,"2020-11-05 15:47:17",NULL,NULL,NULL
308231,1018198,2,https://dqktdb1dhykn6.cloudfront.net/1018198-nV6VuIrD2.image/jpg,0,"2020-11-11 06:07:38",NULL,NULL,NULL
312956,1018198,2,https://dqktdb1dhykn6.cloudfront.net/1018198-TROmjDvHh.image/jpg,0,"2020-11-17 04:29:00",NULL,NULL,NULL
315515,1018198,1,https://dqktdb1dhykn6.cloudfront.net/1018198-sLdAJFUBq.image/jpg,0,"2020-11-20 20:49:25",NULL,NULL,NULL
318119,1018198,2,https://dqktdb1dhykn6.cloudfront.net/1018198-2DOvB4xSd.image/jpg,0,"2020-11-24 00:41:48",NULL,NULL,NULL
319975,1018198,2,https://dqktdb1dhykn6.cloudfront.net/1018198-WO4xOFeXj.image/jpg,0,"2020-11-26 11:54:09",NULL,NULL,NULL
324202,1018198,2,https://dqktdb1dhykn6.cloudfront.net/1018198-fD4XpJNfh.image/jpg,0,"2020-12-01 23:44:51",NULL,NULL,NULL
332677,1018198,2,https://dqktdb1dhykn6.cloudfront.net/1018198-43tN1Z6Qr.image/jpg,NULL,"2020-12-13 21:37:22",NULL,NULL,NULL
189793,1018735,2,https://dqktdb1dhykn6.cloudfront.net/1018735-eZAm7c59i.image/jpg,0,"2020-07-25 01:18:00",NULL,NULL,NULL
190251,1019274,2,https://dqktdb1dhykn6.cloudfront.net/1019274-eq1qEgU36.image/jpg,1,"2020-07-25 12:45:16",NULL,"2020-07-27 19:58:29",NULL
191176,1020404,2,https://dqktdb1dhykn6.cloudfront.net/1020404-Cf0LcFX56.image/jpeg,0,"2020-07-26 16:49:28",NULL,NULL,NULL
192113,1021471,2,https://dqktdb1dhykn6.cloudfront.net/1021471-fiKH1H9Go.image/jpg,0,"2020-07-27 11:34:28",NULL,NULL,NULL
192797,1022319,1,https://dqktdb1dhykn6.cloudfront.net/1022319-3IvqXAREc.image/jpg,0,"2020-07-28 07:52:08",NULL,NULL,NULL
192830,1022370,2,https://dqktdb1dhykn6.cloudfront.net/1022370-98aZ7reNv.image/jpg,0,"2020-07-28 10:43:54",NULL,NULL,NULL
192831,1022371,2,https://dqktdb1dhykn6.cloudfront.net/1022371-LjwliBaFX.image/jpg,0,"2020-07-28 10:50:55",NULL,NULL,NULL
192835,1022376,2,https://dqktdb1dhykn6.cloudfront.net/1022376-i5VBZKiwb.image/jpg,0,"2020-07-28 11:12:52",NULL,NULL,NULL
192921,1022443,2,https://dqktdb1dhykn6.cloudfront.net/1022443-uyjmrOF5i.image/jpg,NULL,"2020-07-28 17:11:54",NULL,NULL,NULL
192910,1022492,2,https://dqktdb1dhykn6.cloudfront.net/1022492-xJQrL9wwa.image/jpg,0,"2020-07-28 16:41:05",NULL,NULL,NULL
193742,1022545,2,https://dqktdb1dhykn6.cloudfront.net/1022545-QsltBg3e4.image/jpeg,NULL,"2020-07-29 18:09:20",NULL,NULL,NULL
193605,1022996,2,https://dqktdb1dhykn6.cloudfront.net/1022996-CyY7Qig1R.image/jpg,0,"2020-07-29 11:39:27",NULL,NULL,NULL
193602,1023322,2,https://dqktdb1dhykn6.cloudfront.net/1023322-b341Ax3zo.image/jpg,0,"2020-07-29 11:11:01",NULL,NULL,NULL
193845,1023621,2,https://dqktdb1dhykn6.cloudfront.net/1023621-fCe5spYxj.image/jpg,0,"2020-07-29 21:24:58",NULL,NULL,NULL
194278,1024149,1,https://dqktdb1dhykn6.cloudfront.net/1024149-F7parvu7c.image/jpg,0,"2020-07-30 07:35:44",NULL,NULL,NULL
194285,1024160,2,https://dqktdb1dhykn6.cloudfront.net/1024160-IV6UIpqQr.image/jpeg,0,"2020-07-30 08:01:29",NULL,NULL,NULL
194295,1024169,2,https://dqktdb1dhykn6.cloudfront.net/1024169-cvcFRkA4V.image/jpeg,0,"2020-07-30 08:37:12",NULL,NULL,NULL
194313,1024192,2,https://dqktdb1dhykn6.cloudfront.net/1024192-L20G5k1rj.image/jpg,0,"2020-07-30 10:06:52",NULL,NULL,NULL
194316,1024194,1,https://dqktdb1dhykn6.cloudfront.net/1024194-6efBHv5AI.image/jpeg,0,"2020-07-30 10:14:06",NULL,NULL,NULL
194325,1024206,2,https://dqktdb1dhykn6.cloudfront.net/1024206-b9212l2XQ.image/jpg,NULL,"2020-07-30 10:45:26",NULL,NULL,NULL
194335,1024224,1,https://dqktdb1dhykn6.cloudfront.net/1024224-37OzuyYC7.image/jpg,0,"2020-07-30 11:56:12",NULL,NULL,NULL
194391,1024306,1,https://dqktdb1dhykn6.cloudfront.net/1024306-ZewG2K2YR.image/jpg,0,"2020-07-30 15:16:41",NULL,NULL,NULL
194392,1024306,1,https://dqktdb1dhykn6.cloudfront.net/1024306-Fw1Ioon1s.image/jpg,0,"2020-07-30 15:16:46",NULL,NULL,NULL
195167,1025086,1,https://dqktdb1dhykn6.cloudfront.net/1025086-xTJ2cYn7P.image/jpg,0,"2020-07-31 20:24:01",NULL,NULL,NULL
195168,1025086,1,https://dqktdb1dhykn6.cloudfront.net/1025086-0wlAHmDPw.image/jpg,0,"2020-07-31 20:24:10",NULL,NULL,NULL
195169,1025086,1,https://dqktdb1dhykn6.cloudfront.net/1025086-vEoIp5kJt.image/jpg,0,"2020-07-31 20:25:00",NULL,NULL,NULL
195205,1025350,2,https://dqktdb1dhykn6.cloudfront.net/1025350-h9ExIntpX.image/jpeg,0,"2020-07-31 21:36:54",NULL,NULL,NULL
195651,1025968,2,https://dqktdb1dhykn6.cloudfront.net/1025968-StZ79Wtyw.image/jpg,NULL,"2020-08-01 12:57:22",NULL,NULL,NULL
195657,1025981,2,https://dqktdb1dhykn6.cloudfront.net/1025981-33fU57lYS.image/jpg,0,"2020-08-01 13:22:24",NULL,NULL,NULL
195694,1026029,2,https://dqktdb1dhykn6.cloudfront.net/1026029-qiblmXxG4.image/jpg,0,"2020-08-01 15:26:33",NULL,NULL,NULL
196382,1026904,2,https://dqktdb1dhykn6.cloudfront.net/1026904-6Ziy7geN6.image/jpeg,1,"2020-08-02 07:25:40",NULL,"2020-08-03 15:12:13",NULL
197436,1028145,2,https://dqktdb1dhykn6.cloudfront.net/1028145-OjM85Lgs8.image/jpg,0,"2020-08-03 09:36:16",NULL,NULL,NULL
197457,1028174,2,https://dqktdb1dhykn6.cloudfront.net/1028174-UzklXq3eI.image/jpg,0,"2020-08-03 12:17:01",NULL,NULL,NULL
197483,1028217,2,https://dqktdb1dhykn6.cloudfront.net/1028217-fyRnnErnE.image/jpg,0,"2020-08-03 14:08:55",NULL,NULL,NULL
197484,1028217,2,https://dqktdb1dhykn6.cloudfront.net/1028217-tFTb2tc2u.image/jpg,0,"2020-08-03 14:10:12",NULL,NULL,NULL
199050,1030167,2,https://dqktdb1dhykn6.cloudfront.net/1030167-YaZjHlRaI.image/jpeg,1,"2020-08-05 18:09:37",NULL,"2020-08-05 19:29:36",NULL
200016,1031320,1,https://dqktdb1dhykn6.cloudfront.net/1031320-PvttgpOao.image/jpeg,0,"2020-08-07 00:53:51",NULL,NULL,NULL
200333,1031650,2,https://dqktdb1dhykn6.cloudfront.net/1031650-u6bd3NF5g.image/jpg,1,"2020-08-07 07:24:40",NULL,"2020-08-07 14:42:12",NULL
200678,1032111,2,https://dqktdb1dhykn6.cloudfront.net/1032111-798J6Mhw4.image/jpg,0,"2020-08-07 23:45:56",NULL,NULL,NULL
200958,1032499,1,https://dqktdb1dhykn6.cloudfront.net/1032499-lM7Xg2Mx7.image/jpg,1,"2020-08-08 06:17:09",NULL,"2020-08-10 17:04:56",NULL
201018,1032598,1,https://dqktdb1dhykn6.cloudfront.net/1032598-eJ7I899Ip.image/jpg,0,"2020-08-08 09:53:19",NULL,NULL,NULL
203784,1035844,2,https://dqktdb1dhykn6.cloudfront.net/1035844-905KdS4Jv.image/jpeg,0,"2020-08-11 15:54:42",NULL,NULL,NULL
203900,1035958,2,https://dqktdb1dhykn6.cloudfront.net/1035958-3feYwyxso.image/jpeg,NULL,"2020-08-11 19:35:20",NULL,NULL,NULL
204051,1036134,2,https://dqktdb1dhykn6.cloudfront.net/1036134-3gzvkEiVb.image/jpg,0,"2020-08-11 23:25:23",NULL,NULL,NULL
204517,1036714,2,https://dqktdb1dhykn6.cloudfront.net/1036714-iHeigOPbf.image/jpeg,0,"2020-08-12 14:53:38",NULL,NULL,NULL
205689,1037668,2,https://dqktdb1dhykn6.cloudfront.net/1037668-Hv5Rwzzp2.image/jpeg,0,"2020-08-13 14:57:47",NULL,NULL,NULL
205749,1037698,1,https://dqktdb1dhykn6.cloudfront.net/1037698-8XNQy63yx.image/jpg,0,"2020-08-13 16:11:06",NULL,NULL,NULL
205755,1037698,2,https://dqktdb1dhykn6.cloudfront.net/1037698-vrJYu1BX5.image/jpg,0,"2020-08-13 16:19:52",NULL,NULL,NULL
212218,1042960,2,https://dqktdb1dhykn6.cloudfront.net/1042960-JDlLRcce3.image/jpg,0,"2020-08-18 22:22:39",NULL,NULL,NULL
212238,1042960,2,https://dqktdb1dhykn6.cloudfront.net/1042960-eSueQSt6Y.image/jpg,0,"2020-08-18 22:37:40",NULL,NULL,NULL
212239,1042960,2,https://dqktdb1dhykn6.cloudfront.net/1042960-Q6ke9uv1y.image/jpg,0,"2020-08-18 22:37:43",NULL,NULL,NULL
213388,1043907,1,https://dqktdb1dhykn6.cloudfront.net/1043907-bOMiG5AQk.image/jpg,0,"2020-08-19 19:46:30",NULL,NULL,NULL
215190,1045684,2,https://dqktdb1dhykn6.cloudfront.net/1045684-bNHuziaft.image/jpg,0,"2020-08-21 06:52:55",NULL,NULL,NULL
215315,1045684,1,https://dqktdb1dhykn6.cloudfront.net/1045684-BYQ2Du2Nf.image/jpg,0,"2020-08-21 10:31:33",NULL,NULL,NULL
215354,1045684,2,https://dqktdb1dhykn6.cloudfront.net/1045684-xvUHQEiVP.image/jpg,0,"2020-08-21 11:54:17",NULL,NULL,NULL
215400,1045684,2,https://dqktdb1dhykn6.cloudfront.net/1045684-NlZGL3PKj.image/jpg,0,"2020-08-21 12:56:18",NULL,NULL,NULL
215640,1045684,2,https://dqktdb1dhykn6.cloudfront.net/1045684-ehdhXsPeY.image/jpg,0,"2020-08-21 18:56:53",NULL,NULL,NULL
215792,1045684,2,https://dqktdb1dhykn6.cloudfront.net/1045684-alqBROkAd.image/jpg,0,"2020-08-21 22:13:16",NULL,NULL,NULL
216547,1045684,2,https://dqktdb1dhykn6.cloudfront.net/1045684-sSL14DBWN.image/jpg,0,"2020-08-22 14:13:23",NULL,NULL,NULL
216631,1045684,2,https://dqktdb1dhykn6.cloudfront.net/1045684-pOduBiUDs.image/jpg,0,"2020-08-22 15:47:27",NULL,NULL,NULL
216690,1045684,2,https://dqktdb1dhykn6.cloudfront.net/1045684-Db8Eg7fsX.image/jpg,0,"2020-08-22 17:02:00",NULL,NULL,NULL
216916,1045684,2,https://dqktdb1dhykn6.cloudfront.net/1045684-Z2OBl3zPs.image/jpg,NULL,"2020-08-22 20:50:46",NULL,NULL,NULL
221697,1046905,2,https://dqktdb1dhykn6.cloudfront.net/1046905-dkOS0l6po.image/jpg,1,"2020-08-25 13:22:14",NULL,"2020-08-25 18:44:30",NULL
216520,1046910,1,https://dqktdb1dhykn6.cloudfront.net/1046910-mpeiYrwwZ.image/jpg,0,"2020-08-22 13:21:55",NULL,NULL,NULL
216542,1046910,2,https://dqktdb1dhykn6.cloudfront.net/1046910-ufg9fdakB.image/jpg,0,"2020-08-22 14:06:00",NULL,NULL,NULL
216654,1046910,1,https://dqktdb1dhykn6.cloudfront.net/1046910-KTBqywX9d.image/jpg,0,"2020-08-22 16:17:06",NULL,NULL,NULL
217058,1046910,1,https://dqktdb1dhykn6.cloudfront.net/1046910-Hvn7fCnIR.image/jpg,0,"2020-08-22 22:47:12",NULL,NULL,NULL
217100,1046910,1,https://dqktdb1dhykn6.cloudfront.net/1046910-6LVNAwDoF.image/jpg,0,"2020-08-22 23:22:06",NULL,NULL,NULL
217802,1046910,1,https://dqktdb1dhykn6.cloudfront.net/1046910-mJ54bThUH.image/jpg,0,"2020-08-23 06:59:27",NULL,NULL,NULL
218202,1046910,1,https://dqktdb1dhykn6.cloudfront.net/1046910-7S3xg919G.image/jpg,0,"2020-08-23 17:06:39",NULL,NULL,NULL
219131,1046910,1,https://dqktdb1dhykn6.cloudfront.net/1046910-w1lSNEOh4.image/jpg,0,"2020-08-24 01:54:21",NULL,NULL,NULL
220037,1046910,1,https://dqktdb1dhykn6.cloudfront.net/1046910-jHGAJ3eqd.image/jpg,0,"2020-08-24 16:44:59",NULL,NULL,NULL
220038,1046910,1,https://dqktdb1dhykn6.cloudfront.net/1046910-VsNr3Swcj.image/jpg,0,"2020-08-24 16:47:26",NULL,NULL,NULL
220046,1046910,1,https://dqktdb1dhykn6.cloudfront.net/1046910-NCRw2BzXv.image/jpg,0,"2020-08-24 16:53:12",NULL,NULL,NULL
220825,1046910,1,https://dqktdb1dhykn6.cloudfront.net/1046910-ExKq1YeQk.image/jpg,0,"2020-08-25 01:37:32",NULL,NULL,NULL
221736,1046910,1,https://dqktdb1dhykn6.cloudfront.net/1046910-4de6y8lpD.image/jpg,0,"2020-08-25 14:01:21",NULL,NULL,NULL
221769,1046910,1,https://dqktdb1dhykn6.cloudfront.net/1046910-aFMa8fffD.image/jpg,0,"2020-08-25 14:27:14",NULL,NULL,NULL
221924,1046910,1,https://dqktdb1dhykn6.cloudfront.net/1046910-wfAhW4f6h.image/jpg,0,"2020-08-25 16:25:02",NULL,NULL,NULL
222351,1046910,1,https://dqktdb1dhykn6.cloudfront.net/1046910-BYFqWeqT7.image/jpg,0,"2020-08-25 21:17:12",NULL,NULL,NULL
222453,1046910,1,https://dqktdb1dhykn6.cloudfront.net/1046910-qg25IzwqA.image/jpg,0,"2020-08-25 22:16:53",NULL,NULL,NULL
222522,1046910,1,https://dqktdb1dhykn6.cloudfront.net/1046910-cQYXfL6c8.image/jpg,0,"2020-08-25 22:51:24",NULL,NULL,NULL
222581,1046910,1,https://dqktdb1dhykn6.cloudfront.net/1046910-L8gr9L47d.image/jpg,0,"2020-08-25 23:27:41",NULL,NULL,NULL
222736,1046910,1,https://dqktdb1dhykn6.cloudfront.net/1046910-D05bI0Mla.image/jpg,0,"2020-08-26 01:04:15",NULL,NULL,NULL
222818,1046910,1,https://dqktdb1dhykn6.cloudfront.net/1046910-RTM1HEdjD.image/jpg,0,"2020-08-26 01:37:58",NULL,NULL,NULL
222986,1046910,1,https://dqktdb1dhykn6.cloudfront.net/1046910-K1lCJjtGf.image/jpg,0,"2020-08-26 02:43:07",NULL,NULL,NULL
223873,1046910,1,https://dqktdb1dhykn6.cloudfront.net/1046910-xVBKUPbog.image/jpg,0,"2020-08-26 15:56:44",NULL,NULL,NULL
224123,1046910,1,https://dqktdb1dhykn6.cloudfront.net/1046910-ntBMXFrc3.image/jpg,0,"2020-08-26 18:28:50",NULL,NULL,NULL
224244,1046910,1,https://dqktdb1dhykn6.cloudfront.net/1046910-JqiJplW37.image/jpg,0,"2020-08-26 19:39:52",NULL,NULL,NULL
224852,1046910,1,https://dqktdb1dhykn6.cloudfront.net/1046910-1tYWE1K0u.image/jpg,0,"2020-08-27 01:37:29",NULL,NULL,NULL
225557,1046910,1,https://dqktdb1dhykn6.cloudfront.net/1046910-7cr6RzP3r.image/jpg,0,"2020-08-27 12:23:48",NULL,NULL,NULL
225621,1046910,1,https://dqktdb1dhykn6.cloudfront.net/1046910-Bn841gsfV.image/jpg,0,"2020-08-27 13:46:41",NULL,NULL,NULL
225910,1046910,1,https://dqktdb1dhykn6.cloudfront.net/1046910-ytsg8ok6D.image/jpg,0,"2020-08-27 17:33:45",NULL,NULL,NULL
225919,1046910,1,https://dqktdb1dhykn6.cloudfront.net/1046910-4vXGf2OrD.image/jpg,0,"2020-08-27 17:44:37",NULL,NULL,NULL
225935,1046910,1,https://dqktdb1dhykn6.cloudfront.net/1046910-D6grOB9VZ.image/jpg,0,"2020-08-27 17:49:04",NULL,NULL,NULL
226052,1046910,1,https://dqktdb1dhykn6.cloudfront.net/1046910-8XJr5kDda.image/jpg,0,"2020-08-27 18:57:52",NULL,NULL,NULL
226054,1046910,1,https://dqktdb1dhykn6.cloudfront.net/1046910-co7gAMrEk.image/jpg,0,"2020-08-27 19:00:02",NULL,NULL,NULL
226169,1046910,1,https://dqktdb1dhykn6.cloudfront.net/1046910-qVXyoXzOj.image/jpg,0,"2020-08-27 20:22:43",NULL,NULL,NULL
226181,1046910,1,https://dqktdb1dhykn6.cloudfront.net/1046910-0sGDJeMPw.image/jpg,0,"2020-08-27 20:26:45",NULL,NULL,NULL
226807,1046910,2,https://dqktdb1dhykn6.cloudfront.net/1046910-tL2APmhel.image/jpg,0,"2020-08-28 02:14:35",NULL,NULL,NULL
227463,1046910,1,https://dqktdb1dhykn6.cloudfront.net/1046910-M3Dy0e6sF.image/jpg,0,"2020-08-28 11:27:01",NULL,NULL,NULL
227465,1046910,2,https://dqktdb1dhykn6.cloudfront.net/1046910-uAnRoNOOb.image/jpg,0,"2020-08-28 11:32:35",NULL,NULL,NULL
228683,1046910,1,https://dqktdb1dhykn6.cloudfront.net/1046910-zIwRN5faC.image/jpg,0,"2020-08-29 02:12:07",NULL,NULL,NULL
238004,1046910,1,https://dqktdb1dhykn6.cloudfront.net/1046910-c9K7KwjbX.image/jpg,NULL,"2020-09-02 15:27:22",NULL,NULL,NULL
216640,1047019,2,https://dqktdb1dhykn6.cloudfront.net/1047019-SkkfCEQwc.image/jpg,0,"2020-08-22 16:03:55",NULL,NULL,NULL
216660,1047019,1,https://dqktdb1dhykn6.cloudfront.net/1047019-U2Auk8vqJ.image/jpg,0,"2020-08-22 16:22:40",NULL,NULL,NULL
217134,1047437,2,https://dqktdb1dhykn6.cloudfront.net/1047437-dolGHx7ke.image/jpg,0,"2020-08-22 23:37:00",NULL,NULL,NULL
217144,1047437,2,https://dqktdb1dhykn6.cloudfront.net/1047437-x4aAtbJMG.image/jpg,0,"2020-08-22 23:44:13",NULL,NULL,NULL
217172,1047437,2,https://dqktdb1dhykn6.cloudfront.net/1047437-TvF6zXojb.image/jpg,0,"2020-08-23 00:07:40",NULL,NULL,NULL
217192,1047437,2,https://dqktdb1dhykn6.cloudfront.net/1047437-JXJMLzkvG.image/jpg,0,"2020-08-23 00:28:51",NULL,NULL,NULL
217872,1047437,2,https://dqktdb1dhykn6.cloudfront.net/1047437-Ed6C6hkUB.image/jpg,0,"2020-08-23 08:38:44",NULL,NULL,NULL
220488,1049767,2,https://dqktdb1dhykn6.cloudfront.net/1049767-sq4Gkl0In.image/jpg,0,"2020-08-24 22:25:15",NULL,NULL,NULL
220723,1049767,2,https://dqktdb1dhykn6.cloudfront.net/1049767-ctehnQ2Iw.image/jpg,0,"2020-08-25 00:41:23",NULL,NULL,NULL
221377,1049767,2,https://dqktdb1dhykn6.cloudfront.net/1049767-VAVI8NDN2.image/jpg,0,"2020-08-25 05:57:53",NULL,NULL,NULL
221380,1049767,2,https://dqktdb1dhykn6.cloudfront.net/1049767-3L3Gj1OPy.image/jpg,0,"2020-08-25 06:03:10",NULL,NULL,NULL
221496,1049767,2,https://dqktdb1dhykn6.cloudfront.net/1049767-wbhXr8hk3.image/jpg,0,"2020-08-25 07:37:03",NULL,NULL,NULL
221567,1049767,2,https://dqktdb1dhykn6.cloudfront.net/1049767-seatbWzga.image/jpg,0,"2020-08-25 09:49:01",NULL,NULL,NULL
221583,1049767,2,https://dqktdb1dhykn6.cloudfront.net/1049767-sg1ZyBns9.image/jpg,0,"2020-08-25 10:16:39",NULL,NULL,NULL
221586,1049767,2,https://dqktdb1dhykn6.cloudfront.net/1049767-V7ZGNuNI2.image/jpg,0,"2020-08-25 10:27:30",NULL,NULL,NULL
221645,1049767,2,https://dqktdb1dhykn6.cloudfront.net/1049767-7XJXy6ZVP.image/jpg,0,"2020-08-25 12:12:08",NULL,NULL,NULL
222246,1049767,2,https://dqktdb1dhykn6.cloudfront.net/1049767-DmFjiqeSl.image/jpg,NULL,"2020-08-25 20:17:21",NULL,NULL,NULL
220571,1049812,2,https://dqktdb1dhykn6.cloudfront.net/1049812-8QQSnSIN8.image/jpeg,1,"2020-08-24 23:04:34",NULL,"2020-08-27 19:07:15",NULL
221460,1050395,2,https://dqktdb1dhykn6.cloudfront.net/1050395-VHMs2faIV.image/jpg,0,"2020-08-25 06:57:45",NULL,NULL,NULL
221610,1050395,2,https://dqktdb1dhykn6.cloudfront.net/1050395-FovnEylnj.image/jpg,0,"2020-08-25 11:11:19",NULL,NULL,NULL
221757,1050395,2,https://dqktdb1dhykn6.cloudfront.net/1050395-4pdh90doP.image/jpg,0,"2020-08-25 14:12:30",NULL,NULL,NULL
221977,1050395,2,https://dqktdb1dhykn6.cloudfront.net/1050395-lELN825VC.image/jpg,NULL,"2020-08-25 17:04:42",NULL,NULL,NULL
223528,1051621,1,https://dqktdb1dhykn6.cloudfront.net/1051621-y63MUnHN8.image/jpg,0,"2020-08-26 08:33:39",NULL,NULL,NULL
223530,1051621,2,https://dqktdb1dhykn6.cloudfront.net/1051621-Ph32KgHq9.image/jpg,0,"2020-08-26 08:36:47",NULL,NULL,NULL
223649,1051708,2,https://dqktdb1dhykn6.cloudfront.net/1051708-zCJvZDvya.image/jpeg,1,"2020-08-26 12:53:22",NULL,"2020-08-28 22:32:09",NULL
225531,1052757,2,https://dqktdb1dhykn6.cloudfront.net/1052757-59kYrXvKK.image/jpg,0,"2020-08-27 11:38:41",NULL,NULL,NULL
227391,1052757,2,https://dqktdb1dhykn6.cloudfront.net/1052757-7Jcruxh72.image/jpg,0,"2020-08-28 08:57:54",NULL,NULL,NULL
227428,1052757,2,https://dqktdb1dhykn6.cloudfront.net/1052757-OwVhRux0T.image/jpg,0,"2020-08-28 10:25:33",NULL,NULL,NULL
227430,1052757,2,https://dqktdb1dhykn6.cloudfront.net/1052757-XIoXu48uu.image/jpg,0,"2020-08-28 10:28:21",NULL,NULL,NULL
231449,1052757,2,https://dqktdb1dhykn6.cloudfront.net/1052757-bO59TXLHj.image/jpg,0,"2020-08-30 11:27:25",NULL,NULL,NULL
231450,1052757,2,https://dqktdb1dhykn6.cloudfront.net/1052757-oMQwJYidi.image/jpg,NULL,"2020-08-30 11:27:40",NULL,NULL,NULL
227326,1053828,2,https://dqktdb1dhykn6.cloudfront.net/1053828-j1R5v4rkt.image/jpg,0,"2020-08-28 07:17:06",NULL,NULL,NULL
227510,1053828,2,https://dqktdb1dhykn6.cloudfront.net/1053828-v0tehlrgH.image/jpg,0,"2020-08-28 12:58:43",NULL,NULL,NULL
231461,1053828,1,https://dqktdb1dhykn6.cloudfront.net/1053828-v0bJeBKdj.image/jpg,0,"2020-08-30 11:46:42",NULL,NULL,NULL
231489,1053828,1,https://dqktdb1dhykn6.cloudfront.net/1053828-uyxIE1cxc.image/jpg,0,"2020-08-30 12:36:14",NULL,NULL,NULL
231824,1053828,2,https://dqktdb1dhykn6.cloudfront.net/1053828-nhfin42MR.image/jpg,0,"2020-08-30 16:39:31",NULL,NULL,NULL
233019,1053828,1,https://dqktdb1dhykn6.cloudfront.net/1053828-w2H1BKz23.image/jpg,0,"2020-08-31 01:32:52",NULL,NULL,NULL
233817,1053828,1,https://dqktdb1dhykn6.cloudfront.net/1053828-w9S5SAHjl.image/jpg,0,"2020-08-31 10:13:08",NULL,NULL,NULL
233834,1053828,1,https://dqktdb1dhykn6.cloudfront.net/1053828-umEVohztO.image/jpg,0,"2020-08-31 10:49:10",NULL,NULL,NULL
233984,1053828,1,https://dqktdb1dhykn6.cloudfront.net/1053828-iomz0H2m5.image/jpg,0,"2020-08-31 13:46:45",NULL,NULL,NULL
234522,1053828,1,https://dqktdb1dhykn6.cloudfront.net/1053828-YZGOaXSVM.image/jpg,0,"2020-08-31 19:56:53",NULL,NULL,NULL
236171,1053828,1,https://dqktdb1dhykn6.cloudfront.net/1053828-ZLNE3656q.image/jpg,0,"2020-09-01 15:38:00",NULL,NULL,NULL
236589,1053828,1,https://dqktdb1dhykn6.cloudfront.net/1053828-AP5fgrruW.image/jpg,0,"2020-09-01 21:05:58",NULL,NULL,NULL
236590,1053828,1,https://dqktdb1dhykn6.cloudfront.net/1053828-uhGxYEfOW.image/jpg,0,"2020-09-01 21:06:00",NULL,NULL,NULL
237126,1053828,1,https://dqktdb1dhykn6.cloudfront.net/1053828-MpvHsU2FY.image/jpg,0,"2020-09-02 02:07:26",NULL,NULL,NULL
237841,1053828,1,https://dqktdb1dhykn6.cloudfront.net/1053828-zYqih1Qqd.image/jpg,0,"2020-09-02 12:31:11",NULL,NULL,NULL
237842,1053828,1,https://dqktdb1dhykn6.cloudfront.net/1053828-QA954YBPj.image/jpg,0,"2020-09-02 12:31:17",NULL,NULL,NULL
237890,1053828,1,https://dqktdb1dhykn6.cloudfront.net/1053828-RVbv9TdHF.image/jpg,0,"2020-09-02 13:28:44",NULL,NULL,NULL
238046,1053828,1,https://dqktdb1dhykn6.cloudfront.net/1053828-vMwbTou7s.image/jpg,0,"2020-09-02 16:02:42",NULL,NULL,NULL
239581,1053828,1,https://dqktdb1dhykn6.cloudfront.net/1053828-kCnpg9QuO.image/jpg,0,"2020-09-03 06:43:30",NULL,NULL,NULL
239582,1053828,1,https://dqktdb1dhykn6.cloudfront.net/1053828-gzBOW8KQf.image/jpg,0,"2020-09-03 06:43:32",NULL,NULL,NULL
239583,1053828,1,https://dqktdb1dhykn6.cloudfront.net/1053828-3AWkwotEJ.image/jpg,NULL,"2020-09-03 06:43:34",NULL,NULL,NULL
227399,1053913,2,https://dqktdb1dhykn6.cloudfront.net/1053913-oQVXBL07v.image/jpg,0,"2020-08-28 09:26:26",NULL,NULL,NULL
227419,1053913,2,https://dqktdb1dhykn6.cloudfront.net/1053913-g4bvQKDZR.image/jpg,0,"2020-08-28 10:10:06",NULL,NULL,NULL
227475,1053913,2,https://dqktdb1dhykn6.cloudfront.net/1053913-nOaFMwYIk.image/jpg,1,"2020-08-28 11:54:16",NULL,"2020-08-28 15:54:02",NULL
227606,1053913,2,https://dqktdb1dhykn6.cloudfront.net/1053913-bB9pZtZL8.image/jpg,0,"2020-08-28 14:49:20",NULL,NULL,NULL
227694,1053913,2,https://dqktdb1dhykn6.cloudfront.net/1053913-7q7kRXNVN.image/jpg,0,"2020-08-28 16:05:44",NULL,NULL,NULL
227697,1053913,2,https://dqktdb1dhykn6.cloudfront.net/1053913-dYxojut2G.image/jpg,0,"2020-08-28 16:09:12",NULL,NULL,NULL
228083,1053913,2,https://dqktdb1dhykn6.cloudfront.net/1053913-UiaiRQ6rm.image/jpg,0,"2020-08-28 20:46:19",NULL,NULL,NULL
229236,1053913,2,https://dqktdb1dhykn6.cloudfront.net/1053913-XNrAjNGnw.image/jpg,0,"2020-08-29 08:13:26",NULL,NULL,NULL
227453,1053939,2,https://dqktdb1dhykn6.cloudfront.net/1053939-lKPk2CqlO.image/jpeg,0,"2020-08-28 11:01:22",NULL,NULL,NULL
227800,1054143,1,https://dqktdb1dhykn6.cloudfront.net/1054143-uoV9ZuOR4.image/jpg,NULL,"2020-08-28 17:29:56",NULL,NULL,NULL
227821,1054151,1,https://dqktdb1dhykn6.cloudfront.net/1054151-j7nCn33oH.image/jpg,0,"2020-08-28 17:40:29",NULL,NULL,NULL
328576,1055232,1,https://dqktdb1dhykn6.cloudfront.net/1055232-GJRVDeUcw.image/jpg,NULL,"2020-12-07 17:55:14",NULL,NULL,NULL
231174,1056289,2,https://dqktdb1dhykn6.cloudfront.net/1056289-LTJFpeL34.image/jpg,0,"2020-08-30 06:00:29",NULL,NULL,NULL
231205,1056289,1,https://dqktdb1dhykn6.cloudfront.net/1056289-5bQ8aSYn9.image/jpg,0,"2020-08-30 06:22:15",NULL,NULL,NULL
231402,1056289,2,https://dqktdb1dhykn6.cloudfront.net/1056289-uH07ZNox5.image/jpg,NULL,"2020-08-30 09:58:08",NULL,NULL,NULL
231370,1056433,1,https://dqktdb1dhykn6.cloudfront.net/1056433-aocarfdj0.image/jpg,0,"2020-08-30 09:19:01",NULL,NULL,NULL
231372,1056433,1,https://dqktdb1dhykn6.cloudfront.net/1056433-orVQxfv3Z.image/jpg,0,"2020-08-30 09:19:16",NULL,NULL,NULL
231389,1056433,1,https://dqktdb1dhykn6.cloudfront.net/1056433-ljpdL7EtU.image/jpg,NULL,"2020-08-30 09:40:34",NULL,NULL,NULL
233848,1057843,1,https://dqktdb1dhykn6.cloudfront.net/1057843-C1DvTDuFc.image/jpg,0,"2020-08-31 11:12:52",NULL,NULL,NULL
233849,1057843,1,https://dqktdb1dhykn6.cloudfront.net/1057843-Vsjvml5Tn.image/jpg,NULL,"2020-08-31 11:12:57",NULL,NULL,NULL
234235,1058025,2,https://dqktdb1dhykn6.cloudfront.net/1058025-kVDThpyl2.image/jpg,0,"2020-08-31 16:56:25",NULL,NULL,NULL
234276,1058025,2,https://dqktdb1dhykn6.cloudfront.net/1058025-FXicPsYwR.image/jpg,0,"2020-08-31 17:25:45",NULL,NULL,NULL
234452,1058025,2,https://dqktdb1dhykn6.cloudfront.net/1058025-K7BncRwWI.image/jpg,0,"2020-08-31 19:17:09",NULL,NULL,NULL
234550,1058025,2,https://dqktdb1dhykn6.cloudfront.net/1058025-IsE4YF8pX.image/jpg,0,"2020-08-31 20:13:00",NULL,NULL,NULL
234570,1058025,2,https://dqktdb1dhykn6.cloudfront.net/1058025-cNN5E2upF.image/jpg,0,"2020-08-31 20:23:37",NULL,NULL,NULL
234231,1058028,2,https://dqktdb1dhykn6.cloudfront.net/1058028-yQ2zpZRZL.image/jpg,0,"2020-08-31 16:56:00",NULL,NULL,NULL
238917,1058028,1,https://dqktdb1dhykn6.cloudfront.net/1058028-euOQc9ZHa.image/jpg,NULL,"2020-09-03 01:04:24",NULL,NULL,NULL
234537,1058176,2,https://dqktdb1dhykn6.cloudfront.net/1058176-oAUEfoYQH.image/jpg,0,"2020-08-31 20:04:02",NULL,NULL,NULL
234563,1058176,2,https://dqktdb1dhykn6.cloudfront.net/1058176-Gykxz5i0G.image/jpg,0,"2020-08-31 20:18:32",NULL,NULL,NULL
234573,1058176,2,https://dqktdb1dhykn6.cloudfront.net/1058176-oUDm0qmm7.image/jpg,0,"2020-08-31 20:24:45",NULL,NULL,NULL
235809,1058176,2,https://dqktdb1dhykn6.cloudfront.net/1058176-uHypBFiO1.image/jpg,0,"2020-09-01 09:18:08",NULL,NULL,NULL
235811,1058176,2,https://dqktdb1dhykn6.cloudfront.net/1058176-NOXFRy45U.image/jpg,0,"2020-09-01 09:19:46",NULL,NULL,NULL
235814,1058176,2,https://dqktdb1dhykn6.cloudfront.net/1058176-l8N51L9nA.image/jpg,0,"2020-09-01 09:23:56",NULL,NULL,NULL
235817,1058176,2,https://dqktdb1dhykn6.cloudfront.net/1058176-PxDTJ16lt.image/jpg,NULL,"2020-09-01 09:25:50",NULL,NULL,NULL
241712,1062204,2,https://dqktdb1dhykn6.cloudfront.net/1062204-VZ014A3Dy.image/jpg,1,"2020-09-04 13:19:37",NULL,"2020-09-08 22:05:45",NULL
242399,1062204,2,https://dqktdb1dhykn6.cloudfront.net/1062204-bYdhgIM4W.image/jpg,1,"2020-09-04 22:40:20",NULL,"2020-09-08 22:38:56",NULL
242515,1062204,2,https://dqktdb1dhykn6.cloudfront.net/1062204-PdUFkmmjN.image/jpg,1,"2020-09-04 23:53:31",NULL,"2020-09-08 22:45:55",NULL
242618,1062204,2,https://dqktdb1dhykn6.cloudfront.net/1062204-9bJhSo223.image/jpg,1,"2020-09-05 00:43:12",NULL,"2020-09-08 22:49:17",NULL
244703,1062204,2,https://dqktdb1dhykn6.cloudfront.net/1062204-qjn24evM0.image/jpg,0,"2020-09-06 02:15:55",NULL,NULL,NULL
244862,1062204,2,https://dqktdb1dhykn6.cloudfront.net/1062204-tFV3rGSlP.image/jpg,0,"2020-09-06 03:28:51",NULL,NULL,NULL
247495,1062204,2,https://dqktdb1dhykn6.cloudfront.net/1062204-pMpdBBLz6.image/jpg,0,"2020-09-07 03:56:18",NULL,NULL,NULL
247613,1062204,2,https://dqktdb1dhykn6.cloudfront.net/1062204-yvkE42zf3.image/jpg,0,"2020-09-07 04:42:14",NULL,NULL,NULL
249054,1062204,2,https://dqktdb1dhykn6.cloudfront.net/1062204-tUXwAnpcU.image/jpg,0,"2020-09-07 22:21:40",NULL,NULL,NULL
250272,1067043,2,https://dqktdb1dhykn6.cloudfront.net/1067043-3KXbyDHIM.image/jpeg,0,"2020-09-08 08:30:57",NULL,NULL,NULL
250273,1067043,2,https://dqktdb1dhykn6.cloudfront.net/1067043-UlRtsydQ2.image/jpeg,0,"2020-09-08 08:31:53",NULL,NULL,NULL
256401,1071622,1,https://dqktdb1dhykn6.cloudfront.net/1071622-loiFyQXTG.image/jpg,0,"2020-09-12 09:23:38",NULL,NULL,NULL
256384,1071623,2,https://dqktdb1dhykn6.cloudfront.net/1071623-8OkALXK4h.image/jpeg,NULL,"2020-09-12 08:12:02",NULL,NULL,NULL
258892,1074250,2,https://dqktdb1dhykn6.cloudfront.net/1074250-pfJ13kj6D.image/jpg,NULL,"2020-09-14 09:22:29",NULL,NULL,NULL
259038,1074403,2,https://dqktdb1dhykn6.cloudfront.net/1074403-4uCgqzUQL.image/jpg,1,"2020-09-14 16:25:54",NULL,"2020-09-22 17:37:49",NULL
267746,1074403,2,https://dqktdb1dhykn6.cloudfront.net/1074403-1W1nanvnp.image/jpg,0,"2020-09-23 18:14:17",NULL,NULL,NULL
260077,1075476,2,https://dqktdb1dhykn6.cloudfront.net/1075476-wXSXNkfb7.image/jpeg,1,"2020-09-15 16:21:37",NULL,"2020-09-15 22:36:01",NULL
260958,1076373,2,https://dqktdb1dhykn6.cloudfront.net/1076373-zMq5cFpt6.image/jpeg,1,"2020-09-16 14:10:47",NULL,"2020-09-22 22:45:34",NULL
262161,1077766,2,https://dqktdb1dhykn6.cloudfront.net/1077766-KVVr2WcFF.image/jpg,1,"2020-09-17 21:42:50",NULL,"2020-09-23 15:28:42",NULL
263164,1078859,2,https://dqktdb1dhykn6.cloudfront.net/1078859-557T4Nr50.image/jpg,NULL,"2020-09-18 23:13:38",NULL,NULL,NULL
263795,1079568,2,https://dqktdb1dhykn6.cloudfront.net/1079568-75t7tRntp.image/jpg,0,"2020-09-19 16:14:19",NULL,NULL,NULL
265001,1080892,2,https://dqktdb1dhykn6.cloudfront.net/1080892-4EAQeRgVB.image/jpg,NULL,"2020-09-20 21:35:19",NULL,NULL,NULL
340274,1081901,2,https://dqktdb1dhykn6.cloudfront.net/1081901-nQKBgF1XQ.image/jpg,0,"2020-12-25 23:25:29",NULL,NULL,NULL
266707,1082672,2,https://dqktdb1dhykn6.cloudfront.net/1082672-I83tOOVe4.image/jpg,0,"2020-09-22 13:03:55",NULL,NULL,NULL
266670,1082681,2,https://dqktdb1dhykn6.cloudfront.net/1082681-ZUudLqj6q.image/jpeg,0,"2020-09-22 08:47:48",NULL,NULL,NULL
266694,1082736,2,https://dqktdb1dhykn6.cloudfront.net/1082736-NVBCz78Hs.image/jpg,0,"2020-09-22 11:44:59",NULL,NULL,NULL
266695,1082741,2,https://dqktdb1dhykn6.cloudfront.net/1082741-NFr2dLsQy.image/jpg,0,"2020-09-22 12:00:33",NULL,NULL,NULL
266697,1082743,2,https://dqktdb1dhykn6.cloudfront.net/1082743-6ywhS5fCG.image/jpg,0,"2020-09-22 12:06:10",NULL,NULL,NULL
266701,1082748,1,https://dqktdb1dhykn6.cloudfront.net/1082748-knorg36H7.image/jpg,0,"2020-09-22 12:41:20",NULL,NULL,NULL
275322,1082749,1,https://dqktdb1dhykn6.cloudfront.net/1082749-qrLsRUDaB.image/jpg,NULL,"2020-10-01 20:16:39",NULL,NULL,NULL
266713,1082764,1,https://dqktdb1dhykn6.cloudfront.net/1082764-SmHzksn9p.image/jpg,0,"2020-09-22 13:35:32",NULL,NULL,NULL
266719,1082775,2,https://dqktdb1dhykn6.cloudfront.net/1082775-wfnxoLMUg.image/jpg,0,"2020-09-22 13:51:41",NULL,NULL,NULL
267506,1083605,2,https://dqktdb1dhykn6.cloudfront.net/1083605-lej9qHUkE.image/jpg,0,"2020-09-23 06:22:59",NULL,NULL,NULL
267539,1083664,2,https://dqktdb1dhykn6.cloudfront.net/1083664-ijZgRRTS3.image/jpg,NULL,"2020-09-23 07:57:12",NULL,NULL,NULL
267597,1083728,2,https://dqktdb1dhykn6.cloudfront.net/1083728-lQju8UyHz.image/jpeg,NULL,"2020-09-23 11:48:01",NULL,NULL,NULL
268448,1083732,2,https://dqktdb1dhykn6.cloudfront.net/1083732-B9SpEqXaZ.image/jpg,NULL,"2020-09-24 08:55:20",NULL,NULL,NULL
267608,1083754,2,https://dqktdb1dhykn6.cloudfront.net/1083754-oW3Vx43UZ.image/jpg,0,"2020-09-23 12:41:04",NULL,NULL,NULL
271699,1088136,1,https://dqktdb1dhykn6.cloudfront.net/1088136-tPqeKQe41.image/jpg,0,"2020-09-27 21:12:40",NULL,NULL,NULL
272934,1088136,1,https://dqktdb1dhykn6.cloudfront.net/1088136-VDdf9Mv4f.image/jpg,0,"2020-09-29 01:32:27",NULL,NULL,NULL
273843,1088136,1,https://dqktdb1dhykn6.cloudfront.net/1088136-oTc9evBSJ.image/jpg,0,"2020-09-30 01:45:59",NULL,NULL,NULL
274692,1088136,2,https://dqktdb1dhykn6.cloudfront.net/1088136-NjKcr0dm1.image/jpg,0,"2020-10-01 01:18:14",NULL,NULL,NULL
276433,1088136,2,https://dqktdb1dhykn6.cloudfront.net/1088136-esUpN2hsS.image/jpg,NULL,"2020-10-03 01:57:34",NULL,NULL,NULL
272152,1088638,2,https://dqktdb1dhykn6.cloudfront.net/1088638-uL4YOYk1v.image/jpg,0,"2020-09-28 03:25:46",NULL,NULL,NULL
273461,1090023,2,https://dqktdb1dhykn6.cloudfront.net/1090023-zjt76gtet.image/jpg,0,"2020-09-29 15:36:23",NULL,NULL,NULL
325538,1090834,1,https://dqktdb1dhykn6.cloudfront.net/1090834-ajoqDfKgo.image/jpg,NULL,"2020-12-03 20:40:41",NULL,NULL,NULL
310389,1091177,1,https://dqktdb1dhykn6.cloudfront.net/1091177-XT03KHhD0.image/jpg,NULL,"2020-11-14 06:00:13",NULL,NULL,NULL
275115,1091845,1,https://dqktdb1dhykn6.cloudfront.net/1091845-Lliua1Tbg.image/jpg,0,"2020-10-01 14:08:18",NULL,NULL,NULL
276281,1093104,2,https://dqktdb1dhykn6.cloudfront.net/1093104-88viDMxDP.image/jpg,NULL,"2020-10-02 22:54:32",NULL,NULL,NULL
276719,1093601,1,https://dqktdb1dhykn6.cloudfront.net/1093601-2c59S1TrQ.image/jpg,0,"2020-10-03 07:22:31",NULL,NULL,NULL
362591,1097286,2,https://dqktdb1dhykn6.cloudfront.net/1097286-67J0X4XYu.image/jpg,NULL,"2021-01-22 21:35:41",NULL,NULL,NULL
281730,1099099,2,https://dqktdb1dhykn6.cloudfront.net/1099099-AnR97heUH.image/jpeg,NULL,"2020-10-08 09:49:00",NULL,NULL,NULL
369395,1100101,1,https://dqktdb1dhykn6.cloudfront.net/1100101-MJvCBhwi3.image/jpeg,1,"2021-01-31 19:19:49",NULL,"2021-02-05 19:18:53","{"isR":false,"rScore":0.07594241946935654,"isAdultContent":false,"adultScore":0.0560678131878376,"faces":[]}"
285005,1102818,1,https://dqktdb1dhykn6.cloudfront.net/1102818-KkUx3PjxD.image/jpg,NULL,"2020-10-12 03:52:57",NULL,NULL,NULL
289023,1107412,2,https://dqktdb1dhykn6.cloudfront.net/1107412-pL4NgRypB.image/jpg,1,"2020-10-17 13:14:11",NULL,"2020-10-21 18:29:39",NULL
295938,1115261,2,https://dqktdb1dhykn6.cloudfront.net/1115261-FnsbqJSIN.image/jpg,1,"2020-10-26 07:12:47",NULL,"2020-10-29 19:20:38",NULL
298966,1115261,2,https://dqktdb1dhykn6.cloudfront.net/1115261-Grvj5FzYB.image/jpg,0,"2020-10-30 06:58:50",NULL,NULL,NULL
299925,1115975,1,https://dqktdb1dhykn6.cloudfront.net/1115975-Y7xI0L3a8.image/jpeg,0,"2020-10-31 15:20:35",NULL,NULL,NULL
296850,1116300,2,https://dqktdb1dhykn6.cloudfront.net/1116300-HhRLLhCU2.image/jpg,0,"2020-10-27 16:39:56",NULL,NULL,NULL
355325,1116433,1,https://dqktdb1dhykn6.cloudfront.net/1116433-H0dC4ccdQ.image/jpeg,NULL,"2021-01-13 15:51:39",NULL,NULL,NULL
300176,1120078,2,https://dqktdb1dhykn6.cloudfront.net/1120078-aMnWzknne.image/jpeg,0,"2020-10-31 23:10:14",NULL,NULL,NULL
302858,1120078,2,https://dqktdb1dhykn6.cloudfront.net/1120078-8P2j39kGH.image/jpeg,NULL,"2020-11-04 04:04:51",NULL,NULL,NULL
300556,1120549,2,https://dqktdb1dhykn6.cloudfront.net/1120549-2F0hFMRok.image/jpg,0,"2020-11-01 12:50:27",NULL,NULL,NULL
309015,1120549,2,https://dqktdb1dhykn6.cloudfront.net/1120549-f9gpuotkL.image/jpg,0,"2020-11-12 12:37:36",NULL,NULL,NULL
300557,1120552,2,https://dqktdb1dhykn6.cloudfront.net/1120552-41QApleZ5.image/jpeg,0,"2020-11-01 12:52:53",NULL,NULL,NULL
300564,1120556,2,https://dqktdb1dhykn6.cloudfront.net/1120556-RRKIVWMsQ.image/jpg,0,"2020-11-01 13:16:12",NULL,NULL,NULL
300674,1120687,2,https://dqktdb1dhykn6.cloudfront.net/1120687-H9aTCN46P.image/jpg,0,"2020-11-01 18:03:32",NULL,NULL,NULL
301462,1120713,2,https://dqktdb1dhykn6.cloudfront.net/1120713-cU0ki3mCO.image/jpeg,0,"2020-11-02 09:30:45",NULL,NULL,NULL
301367,1121478,2,https://dqktdb1dhykn6.cloudfront.net/1121478-jDuT95EiI.image/jpg,0,"2020-11-02 05:54:57",NULL,NULL,NULL
301715,1121569,2,https://dqktdb1dhykn6.cloudfront.net/1121569-sl11B5EwY.image/jpg,0,"2020-11-02 20:55:36",NULL,NULL,NULL
301878,1121976,2,https://dqktdb1dhykn6.cloudfront.net/1121976-yENX8zR4U.image/jpg,0,"2020-11-03 00:31:29",NULL,NULL,NULL
312841,1122749,1,https://dqktdb1dhykn6.cloudfront.net/1122749-7qNzAZLNW.image/jpg,NULL,"2020-11-17 02:36:16",NULL,NULL,NULL
317166,1122779,1,https://dqktdb1dhykn6.cloudfront.net/1122779-3zP0D0JE3.image/jpg,NULL,"2020-11-22 22:26:17",NULL,NULL,NULL
306286,1123189,1,https://dqktdb1dhykn6.cloudfront.net/1123189-lMztgXvbQ.image/jpg,0,"2020-11-08 22:20:19",NULL,NULL,NULL
303054,1123260,2,https://dqktdb1dhykn6.cloudfront.net/1123260-rzJ6SKmzN.image/jpg,1,"2020-11-04 12:27:32",NULL,"2020-11-04 19:11:47",NULL
303297,1123503,2,https://dqktdb1dhykn6.cloudfront.net/1123503-VnPAkEA3A.image/jpeg,0,"2020-11-04 22:05:07",NULL,NULL,NULL
312393,1125004,1,https://dqktdb1dhykn6.cloudfront.net/1125004-X8XCt7fWT.image/jpg,NULL,"2020-11-16 14:02:17",NULL,NULL,NULL
306193,1126815,2,https://dqktdb1dhykn6.cloudfront.net/1126815-g7XZKyKOQ.image/jpg,0,"2020-11-08 20:17:46",NULL,NULL,NULL
307283,1126815,1,https://dqktdb1dhykn6.cloudfront.net/1126815-sWifnf0UA.image/jpg,0,"2020-11-10 01:11:36",NULL,NULL,NULL
309939,1129459,2,https://dqktdb1dhykn6.cloudfront.net/1129459-xI0m2t0F7.image/jpg,NULL,"2020-11-13 20:50:58",NULL,NULL,NULL
309969,1130995,2,https://dqktdb1dhykn6.cloudfront.net/1130995-SIXeoyTVM.image/jpg,0,"2020-11-13 21:38:29",NULL,NULL,NULL
312477,1133810,1,https://dqktdb1dhykn6.cloudfront.net/1133810-nr4fc3kvp.image/jpg,0,"2020-11-16 17:43:33",NULL,NULL,NULL
324641,1133810,1,https://dqktdb1dhykn6.cloudfront.net/1133810-VvBkX37Y1.image/jpg,0,"2020-12-02 12:37:10",NULL,NULL,NULL
316081,1133840,2,https://dqktdb1dhykn6.cloudfront.net/1133840-B4W4p2hfU.image/jpeg,NULL,"2020-11-21 14:04:24",NULL,NULL,NULL
319444,1134807,2,https://dqktdb1dhykn6.cloudfront.net/1134807-I2erihwgY.image/jpg,0,"2020-11-25 21:07:30",NULL,NULL,NULL
334363,1134807,2,https://dqktdb1dhykn6.cloudfront.net/1134807-NIBXDdkqC.image/jpg,NULL,"2020-12-16 05:35:38",NULL,NULL,NULL
315197,1136588,2,https://dqktdb1dhykn6.cloudfront.net/1136588-eAuu4k1d7.image/jpg,0,"2020-11-20 04:50:51",NULL,NULL,NULL
316075,1136901,2,https://dqktdb1dhykn6.cloudfront.net/1136901-OTP1khAEN.image/jpg,NULL,"2020-11-21 13:40:06",NULL,NULL,NULL
315456,1136917,1,https://dqktdb1dhykn6.cloudfront.net/1136917-SUf4xm2Za.image/jpg,NULL,"2020-11-20 18:39:29",NULL,NULL,NULL
317917,1139533,2,https://dqktdb1dhykn6.cloudfront.net/1139533-zJaWUcaH6.image/jpg,NULL,"2020-11-23 19:48:11",NULL,NULL,NULL
319466,1141128,2,https://dqktdb1dhykn6.cloudfront.net/1141128-QT17Broen.image/jpg,1,"2020-11-25 21:33:58",NULL,"2020-11-25 22:10:54",NULL
320029,1141741,1,https://dqktdb1dhykn6.cloudfront.net/1141741-PB25tKbKy.image/jpg,NULL,"2020-11-26 15:42:03",NULL,NULL,NULL
347354,1141795,2,https://dqktdb1dhykn6.cloudfront.net/1141795-67fBr3pFo.image/jpeg,NULL,"2021-01-03 23:52:48",NULL,NULL,NULL
321400,1143181,2,https://dqktdb1dhykn6.cloudfront.net/1143181-NCMB1PaMR.image/jpg,1,"2020-11-28 09:12:55",NULL,"2020-11-30 19:31:56",NULL
321413,1143188,1,https://dqktdb1dhykn6.cloudfront.net/1143188-vk40OCUpb.image/jpg,0,"2020-11-28 09:54:58",NULL,NULL,NULL
324188,1145396,2,https://dqktdb1dhykn6.cloudfront.net/1145396-7wn72DIbw.image/jpg,NULL,"2020-12-01 23:21:48",NULL,NULL,NULL
324112,1146093,2,https://dqktdb1dhykn6.cloudfront.net/1146093-BElbAJGpE.image/jpg,NULL,"2020-12-01 21:29:10",NULL,NULL,NULL
324172,1146182,2,https://dqktdb1dhykn6.cloudfront.net/1146182-e8gXe3UaF.image/jpg,NULL,"2020-12-01 22:55:10",NULL,NULL,NULL
324184,1146199,2,https://dqktdb1dhykn6.cloudfront.net/1146199-QzvCPaF6P.image/jpeg,NULL,"2020-12-01 23:11:53",NULL,NULL,NULL
324994,1147005,2,https://dqktdb1dhykn6.cloudfront.net/1147005-iM4o4tbcw.image/jpg,0,"2020-12-03 00:41:26",NULL,NULL,NULL
325170,1147203,2,https://dqktdb1dhykn6.cloudfront.net/1147203-Hx2m5POcG.image/jpg,0,"2020-12-03 04:26:40",NULL,NULL,NULL
325527,1147203,2,https://dqktdb1dhykn6.cloudfront.net/1147203-Tp5sSab6O.image/jpg,NULL,"2020-12-03 20:21:08",NULL,NULL,NULL
325432,1147530,2,https://dqktdb1dhykn6.cloudfront.net/1147530-O7xHiUFrj.image/jpg,NULL,"2020-12-03 17:26:31",NULL,NULL,NULL
325680,1147781,2,https://dqktdb1dhykn6.cloudfront.net/1147781-k5582lXwM.image/jpg,0,"2020-12-04 00:36:18",NULL,NULL,NULL
325687,1147785,2,https://dqktdb1dhykn6.cloudfront.net/1147785-X0tVOnbma.image/jpeg,0,"2020-12-04 00:43:45",NULL,NULL,NULL
325724,1147828,2,https://dqktdb1dhykn6.cloudfront.net/1147828-wMeARpReU.image/jpg,0,"2020-12-04 01:40:59",NULL,NULL,NULL
326302,1148155,2,https://dqktdb1dhykn6.cloudfront.net/1148155-OXl7CMP7j.image/jpg,0,"2020-12-04 22:03:38",NULL,NULL,NULL
326505,1148199,2,https://dqktdb1dhykn6.cloudfront.net/1148199-YodrWiFSn.image/jpg,0,"2020-12-05 02:55:53",NULL,NULL,NULL
326245,1148351,2,https://dqktdb1dhykn6.cloudfront.net/1148351-0rGGFuY0R.image/jpg,0,"2020-12-04 20:27:54",NULL,NULL,NULL
326715,1148351,1,https://dqktdb1dhykn6.cloudfront.net/1148351-nvNogFWZ3.image/jpg,NULL,"2020-12-05 07:55:50",NULL,NULL,NULL
326676,1148787,2,https://dqktdb1dhykn6.cloudfront.net/1148787-hAkh9xg8O.image/jpg,0,"2020-12-05 06:35:52",NULL,NULL,NULL
326719,1148845,2,https://dqktdb1dhykn6.cloudfront.net/1148845-9eLjhtstg.image/jpg,0,"2020-12-05 08:04:55",NULL,NULL,NULL
326751,1148889,2,https://dqktdb1dhykn6.cloudfront.net/1148889-LVLWNeq6l.image/jpg,0,"2020-12-05 09:44:09",NULL,NULL,NULL
326759,1148892,1,https://dqktdb1dhykn6.cloudfront.net/1148892-QiAYh04mQ.image/jpg,0,"2020-12-05 10:05:18",NULL,NULL,NULL
326760,1148895,1,https://dqktdb1dhykn6.cloudfront.net/1148895-QRWLi9BIn.image/jpeg,0,"2020-12-05 10:08:59",NULL,NULL,NULL
326774,1148915,2,https://dqktdb1dhykn6.cloudfront.net/1148915-Nfn6dsci9.image/jpg,0,"2020-12-05 11:24:04",NULL,NULL,NULL
326779,1148930,2,https://dqktdb1dhykn6.cloudfront.net/1148930-shiSW7hnW.image/jpeg,0,"2020-12-05 12:01:04",NULL,NULL,NULL
326797,1148955,2,https://dqktdb1dhykn6.cloudfront.net/1148955-1tglwavKO.image/jpeg,0,"2020-12-05 13:49:00",NULL,NULL,NULL
326833,1149005,1,https://dqktdb1dhykn6.cloudfront.net/1149005-viuRwwqsc.image/jpg,0,"2020-12-05 16:08:40",NULL,NULL,NULL
326832,1149006,1,https://dqktdb1dhykn6.cloudfront.net/1149006-0gWtA1hPk.image/jpg,0,"2020-12-05 16:05:06",NULL,NULL,NULL
328884,1149006,1,https://dqktdb1dhykn6.cloudfront.net/1149006-TzpEz53z0.image/jpg,0,"2020-12-08 02:47:18",NULL,NULL,NULL
335111,1149006,2,https://dqktdb1dhykn6.cloudfront.net/1149006-a37EbAeVZ.image/jpg,1,"2020-12-17 14:39:17",NULL,"2020-12-21 19:18:08",NULL
334475,1149211,2,https://dqktdb1dhykn6.cloudfront.net/1149211-p15Iuj1nx.image/jpg,NULL,"2020-12-16 12:49:05",NULL,NULL,NULL
327423,1149579,2,https://dqktdb1dhykn6.cloudfront.net/1149579-5gPkK9Zpm.image/jpg,0,"2020-12-06 05:07:53",NULL,"2020-12-08 18:12:44",NULL
344354,1149579,2,https://dqktdb1dhykn6.cloudfront.net/1149579-qrvUYmZmq.image/jpg,NULL,"2020-12-31 07:39:50",NULL,NULL,NULL
328569,1150859,1,https://dqktdb1dhykn6.cloudfront.net/1150859-t6LPuCyTV.image/jpg,NULL,"2020-12-07 17:43:29",NULL,NULL,NULL
328659,1150965,1,https://dqktdb1dhykn6.cloudfront.net/1150965-V3KtMOVBq.image/jpeg,NULL,"2020-12-07 21:13:36",NULL,NULL,NULL
329192,1151532,2,https://dqktdb1dhykn6.cloudfront.net/1151532-QnCKfuSrV.image/jpeg,0,"2020-12-08 13:21:52",NULL,NULL,NULL
330059,1151532,1,https://dqktdb1dhykn6.cloudfront.net/1151532-mE9TeFwGc.image/jpeg,0,"2020-12-09 20:55:47",NULL,NULL,NULL
331819,1151532,1,https://dqktdb1dhykn6.cloudfront.net/1151532-NxU9IugZ1.image/jpeg,0,"2020-12-12 14:18:25",NULL,NULL,NULL
334101,1151532,1,https://dqktdb1dhykn6.cloudfront.net/1151532-yP3YQNEGQ.image/jpeg,0,"2020-12-15 23:46:32",NULL,NULL,NULL
336641,1151532,1,https://dqktdb1dhykn6.cloudfront.net/1151532-BcYBNKMZ1.image/jpeg,0,"2020-12-20 02:21:41",NULL,NULL,NULL
341288,1151532,1,https://dqktdb1dhykn6.cloudfront.net/1151532-8pRnoFLz1.image/jpeg,0,"2020-12-27 10:01:59",NULL,NULL,NULL
348214,1151532,2,https://dqktdb1dhykn6.cloudfront.net/1151532-MEx3rG1RL.image/jpeg,0,"2021-01-04 23:55:50",NULL,NULL,NULL
351524,1151532,2,https://dqktdb1dhykn6.cloudfront.net/1151532-giul6d3pQ.image/jpeg,0,"2021-01-09 03:31:21",NULL,NULL,NULL
354738,1151532,1,https://dqktdb1dhykn6.cloudfront.net/1151532-owzoYFz3r.image/jpeg,NULL,"2021-01-12 22:00:23",NULL,NULL,NULL
330474,1152865,2,https://dqktdb1dhykn6.cloudfront.net/1152865-1JUbINGLQ.image/jpeg,0,"2020-12-10 10:49:03",NULL,NULL,NULL
331266,1153740,2,https://dqktdb1dhykn6.cloudfront.net/1153740-QO5Q7f92c.image/jpeg,0,"2020-12-11 19:51:43",NULL,NULL,NULL
352183,1155028,1,https://dqktdb1dhykn6.cloudfront.net/1155028-deSqRSHqH.image/jpg,0,"2021-01-10 00:07:33",NULL,NULL,NULL
332430,1155042,1,https://dqktdb1dhykn6.cloudfront.net/1155042-9VRPhCEai.image/jpg,0,"2020-12-13 09:43:44",NULL,NULL,NULL
332435,1155052,2,https://dqktdb1dhykn6.cloudfront.net/1155052-tQ2LJ6uZk.image/jpg,0,"2020-12-13 10:05:28",NULL,NULL,NULL
332452,1155077,1,https://dqktdb1dhykn6.cloudfront.net/1155077-ObBagbfCh.image/jpg,0,"2020-12-13 12:30:35",NULL,NULL,NULL
332486,1155113,1,https://dqktdb1dhykn6.cloudfront.net/1155113-loKETJceW.image/jpg,0,"2020-12-13 15:20:35",NULL,NULL,NULL
332579,1155203,2,https://dqktdb1dhykn6.cloudfront.net/1155203-uH0PF66fm.image/jpg,1,"2020-12-13 18:57:28",NULL,"2020-12-16 18:10:04",NULL
337827,1158067,2,https://dqktdb1dhykn6.cloudfront.net/1158067-rGU6ghpQ2.image/jpeg,NULL,"2020-12-21 20:46:18",NULL,NULL,NULL
335225,1158235,2,https://dqktdb1dhykn6.cloudfront.net/1158235-VSr6Az4Jn.image/jpg,0,"2020-12-17 20:21:08",NULL,NULL,NULL
337769,1161310,2,https://dqktdb1dhykn6.cloudfront.net/1161310-1gejHZZkh.image/jpg,0,"2020-12-21 18:35:19",NULL,NULL,NULL
338850,1161310,2,https://dqktdb1dhykn6.cloudfront.net/1161310-LzfaeSjVI.image/jpg,NULL,"2020-12-23 05:50:34",NULL,NULL,NULL
343246,1162793,2,https://dqktdb1dhykn6.cloudfront.net/1162793-y9z76GJLv.image/jpg,NULL,"2020-12-29 21:46:12",NULL,NULL,NULL
339218,1162841,2,https://dqktdb1dhykn6.cloudfront.net/1162841-1P60OUX3U.image/jpg,0,"2020-12-23 23:17:35",NULL,NULL,NULL
339220,1162844,2,https://dqktdb1dhykn6.cloudfront.net/1162844-r7QMnkv2N.image/jpg,0,"2020-12-23 23:24:01",NULL,NULL,NULL
342459,1162844,2,https://dqktdb1dhykn6.cloudfront.net/1162844-aSd0XI3Ua.image/jpg,NULL,"2020-12-28 20:09:32",NULL,NULL,NULL
339765,1163426,2,https://dqktdb1dhykn6.cloudfront.net/1163426-DSQt7XsOK.image/jpg,0,"2020-12-24 22:10:11",NULL,NULL,NULL
339830,1163503,1,https://dqktdb1dhykn6.cloudfront.net/1163503-882eKtgfo.image/jpg,0,"2020-12-25 00:29:40",NULL,NULL,NULL
340028,1163714,2,https://dqktdb1dhykn6.cloudfront.net/1163714-WE6qrVmAJ.image/jpg,0,"2020-12-25 07:25:28",NULL,NULL,NULL
340048,1163744,2,https://dqktdb1dhykn6.cloudfront.net/1163744-7HTiowZHT.image/jpg,0,"2020-12-25 08:19:24",NULL,NULL,NULL
340072,1163778,2,https://dqktdb1dhykn6.cloudfront.net/1163778-P7ukx9efk.image/jpg,0,"2020-12-25 10:51:51",NULL,NULL,NULL
340165,1163883,1,https://dqktdb1dhykn6.cloudfront.net/1163883-TbzEg1XRe.image/jpg,0,"2020-12-25 19:16:10",NULL,NULL,NULL
340323,1164067,1,https://dqktdb1dhykn6.cloudfront.net/1164067-fouEeX0jk.image/jpg,0,"2020-12-26 00:56:28",NULL,NULL,NULL
343704,1167853,1,https://dqktdb1dhykn6.cloudfront.net/1167853-jP7FAGakh.image/jpeg,NULL,"2020-12-30 09:09:56",NULL,NULL,NULL
343754,1167900,2,https://dqktdb1dhykn6.cloudfront.net/1167900-HVuCOWj7i.image/jpg,1,"2020-12-30 13:29:18",NULL,"2020-12-31 19:27:08",NULL
344614,1167900,2,https://dqktdb1dhykn6.cloudfront.net/1167900-mJivF9P7I.image/jpg,0,"2020-12-31 21:35:33",NULL,NULL,NULL
345957,1167900,2,https://dqktdb1dhykn6.cloudfront.net/1167900-nBvJvAldm.image/jpg,1,"2021-01-02 07:47:40",NULL,"2021-01-04 20:43:04",NULL
351885,1167900,2,https://dqktdb1dhykn6.cloudfront.net/1167900-JS2FTstpD.image/jpg,0,"2021-01-09 14:50:28",NULL,NULL,NULL
356974,1167900,2,https://dqktdb1dhykn6.cloudfront.net/1167900-6UirQ74M8.image/jpg,NULL,"2021-01-15 23:53:21",NULL,NULL,NULL
349505,1168182,1,https://dqktdb1dhykn6.cloudfront.net/1168182-MfvDR6Ju0.image/jpeg,NULL,"2021-01-06 12:12:56",NULL,NULL,NULL
346179,1168224,2,https://dqktdb1dhykn6.cloudfront.net/1168224-LMtS296J0.image/jpg,NULL,"2021-01-02 19:09:49",NULL,NULL,NULL
344274,1168504,2,https://dqktdb1dhykn6.cloudfront.net/1168504-mTDGJmvcK.image/jpg,0,"2020-12-31 05:42:28",NULL,NULL,NULL
346071,1170373,2,https://dqktdb1dhykn6.cloudfront.net/1170373-5J2Ckk4YY.image/jpeg,0,"2021-01-02 15:14:55",NULL,NULL,NULL
346109,1170421,2,https://dqktdb1dhykn6.cloudfront.net/1170421-dnt28VlhT.image/jpg,0,"2021-01-02 16:47:12",NULL,NULL,NULL
346200,1170513,2,https://dqktdb1dhykn6.cloudfront.net/1170513-82dycSoVS.image/jpg,0,"2021-01-02 19:41:42",NULL,NULL,NULL
350878,1173325,1,https://dqktdb1dhykn6.cloudfront.net/1173325-I3y3dMI30.image/jpg,0,"2021-01-08 06:14:07",NULL,NULL,NULL
351252,1173325,2,https://dqktdb1dhykn6.cloudfront.net/1173325-meK0g0x0v.image/jpg,1,"2021-01-08 22:26:45",NULL,"2021-01-11 20:33:47","{"isR":false,"rScore":0.05224223434925079,"isAdultContent":false,"adultScore":0.03927354887127876,"faces":[]}"
349690,1174402,1,https://dqktdb1dhykn6.cloudfront.net/1174402-PKSPxe2Bk.image/jpeg,NULL,"2021-01-06 21:00:37",NULL,NULL,NULL
350179,1174978,1,https://dqktdb1dhykn6.cloudfront.net/1174978-Ih0dILev6.image/jpg,0,"2021-01-07 08:25:36",NULL,NULL,NULL
351756,1174978,2,https://dqktdb1dhykn6.cloudfront.net/1174978-s1KKerjCI.image/jpg,0,"2021-01-09 07:05:57",NULL,NULL,NULL
354716,1174978,2,https://dqktdb1dhykn6.cloudfront.net/1174978-zmqSVI8Vt.image/jpg,NULL,"2021-01-12 21:34:53",NULL,NULL,NULL
350271,1175098,2,https://dqktdb1dhykn6.cloudfront.net/1175098-JA2OiIqJq.image/jpg,NULL,"2021-01-07 16:13:02",NULL,NULL,NULL
350359,1175184,1,https://dqktdb1dhykn6.cloudfront.net/1175184-UtPgcWDWp.image/jpg,0,"2021-01-07 19:11:33",NULL,NULL,NULL
351734,1175888,1,https://dqktdb1dhykn6.cloudfront.net/1175888-qBjOBkN1Q.image/jpg,0,"2021-01-09 06:45:46",NULL,NULL,NULL
351856,1176842,1,https://dqktdb1dhykn6.cloudfront.net/1176842-5wFR6PERM.image/jpeg,0,"2021-01-09 12:04:51",NULL,NULL,NULL
351965,1176978,2,https://dqktdb1dhykn6.cloudfront.net/1176978-qiQ1CZuSz.image/jpg,0,"2021-01-09 18:04:14",NULL,NULL,NULL
352162,1177173,2,https://dqktdb1dhykn6.cloudfront.net/1177173-QrfX0M62r.image/jpg,0,"2021-01-09 23:44:19",NULL,NULL,NULL
352736,1177830,2,https://dqktdb1dhykn6.cloudfront.net/1177830-MnjJrH3oT.image/jpeg,NULL,"2021-01-10 15:50:35",NULL,NULL,NULL
357027,1182653,2,https://dqktdb1dhykn6.cloudfront.net/1182653-HUjtTtZ7r.image/jpg,0,"2021-01-16 00:51:25",NULL,NULL,NULL
358754,1184623,2,https://dqktdb1dhykn6.cloudfront.net/1184623-Hag1Bdfgj.image/jpg,0,"2021-01-17 23:23:51",NULL,NULL,NULL
360209,1186249,2,https://dqktdb1dhykn6.cloudfront.net/1186249-ei0qjstAH.image/jpeg,1,"2021-01-19 14:01:29",NULL,"2021-01-20 19:09:50",NULL
361103,1187241,2,https://dqktdb1dhykn6.cloudfront.net/1187241-3jSok8KvR.image/jpg,NULL,"2021-01-20 19:37:10",NULL,NULL,NULL
361348,1187539,2,https://dqktdb1dhykn6.cloudfront.net/1187539-3BmJKLiT3.image/jpg,0,"2021-01-21 01:44:34",NULL,NULL,NULL
362640,1188210,2,https://dqktdb1dhykn6.cloudfront.net/1188210-5ITpg3Jkl.image/jpg,0,"2021-01-22 23:04:03",NULL,NULL,NULL
363996,1190656,1,https://dqktdb1dhykn6.cloudfront.net/1190656-AbMp2UPq8.image/jpeg,NULL,"2021-01-24 15:18:45",NULL,NULL,NULL
365365,1191992,1,https://dqktdb1dhykn6.cloudfront.net/1191992-UJGRU0XM9.image/jpeg,0,"2021-01-26 03:53:16",NULL,"0000-00-00 00:00:00","{"isR":false,"rScore":0.027201537042856216,"isAdultContent":false,"adultScore":0.017071669921278954,"faces":[]}"
373186,1200789,2,https://dqktdb1dhykn6.cloudfront.net/1200789-dpxQ9kBTS.image/jpeg,0,"2021-02-05 23:44:09",NULL,NULL,NULL
373503,1201218,1,https://dqktdb1dhykn6.cloudfront.net/1201218-O4Y6BhD8x.image/jpg,0,"2021-02-06 06:18:06",NULL,NULL,NULL
373609,1201335,2,https://dqktdb1dhykn6.cloudfront.net/1201335-UWy2nFDkA.image/jpg,0,"2021-02-06 10:03:02",NULL,NULL,NULL
373621,1201350,2,https://dqktdb1dhykn6.cloudfront.net/1201350-nvWCYJreM.image/jpeg,0,"2021-02-06 11:16:49",NULL,NULL,NULL
373939,1201712,2,https://dqktdb1dhykn6.cloudfront.net/1201712-0N3Vnp6z2.image/jpg,0,"2021-02-07 00:03:17",NULL,NULL,NULL
373967,1201743,1,https://dqktdb1dhykn6.cloudfront.net/1201743-v2T72uR7f.image/jpeg,0,"2021-02-07 00:36:21",NULL,NULL,NULL
374446,1202334,2,https://dqktdb1dhykn6.cloudfront.net/1202334-s7Bg5KF31.image/jpg,0,"2021-02-07 13:30:52",NULL,NULL,NULL
374755,1202716,1,https://dqktdb1dhykn6.cloudfront.net/1202716-8YPXYT1bw.image/jpg,0,"2021-02-07 21:15:16",NULL,NULL,NULL
376820,1205106,2,https://dqktdb1dhykn6.cloudfront.net/1205106-an0SV7xIU.image/jpg,1,"2021-02-10 07:50:48",NULL,"2021-02-10 19:12:36",NULL
377053,1205106,2,https://dqktdb1dhykn6.cloudfront.net/1205106-0bWWSd3tD.image/jpg,0,"2021-02-10 21:15:29",NULL,NULL,NULL
378431,1206746,2,https://dqktdb1dhykn6.cloudfront.net/1206746-YmtO4vrno.image/jpg,0,"2021-02-12 21:59:42",NULL,NULL,NULL
378453,1206895,2,https://dqktdb1dhykn6.cloudfront.net/1206895-Qyl7tquFe.image/jpg,0,"2021-02-12 22:34:29",NULL,NULL,NULL
