id,user_id,pose_id,url,verified,created_at,deleted_at,verified_at,analyze_data
203875,894470,2,https://dqktdb1dhykn6.cloudfront.net/894470-TDHthT2Ja.image/jpg,0,"2020-08-11 19:01:10",NULL,NULL,NULL
141996,966589,2,https://dqktdb1dhykn6.cloudfront.net/966589-Z6VlmRUXO.image/jpg,0,"2020-06-03 18:31:26",NULL,NULL,NULL
142522,966589,2,https://dqktdb1dhykn6.cloudfront.net/966589-L9luEppw6.image/jpg,0,"2020-06-04 06:14:53",NULL,NULL,NULL
177747,967530,1,https://dqktdb1dhykn6.cloudfront.net/967530-oI0G931HS.image/jpeg,NULL,"2020-07-09 00:30:18",NULL,NULL,NULL
142781,967631,1,https://dqktdb1dhykn6.cloudfront.net/967631-4V7wzRNgX.image/jpg,0,"2020-06-04 18:21:43",NULL,NULL,NULL
144872,969825,1,https://dqktdb1dhykn6.cloudfront.net/969825-8pgzjcuvA.image/jpeg,0,"2020-06-06 19:17:51",NULL,NULL,"{"isR":false,"rScore":0.0259734857827425,"isAdultContent":false,"adultScore":0.022331323474645615,"faces":[{"age":37,"gender":"Male","faceRectangle":{"left":251,"top":142,"width":233,"height":233}}]}"
145003,969877,2,https://dqktdb1dhykn6.cloudfront.net/969877-4Gvn5D2b0.image/jpeg,0,"2020-06-06 22:02:37",NULL,NULL,"{"isR":false,"rScore":0.3284660875797272,"isAdultContent":false,"adultScore":0.24353763461112976,"faces":[]}"
157561,980291,1,https://dqktdb1dhykn6.cloudfront.net/980291-gIgYLf52z.image/jpg,0,"2020-06-16 04:41:53",NULL,NULL,"{"isR":false,"rScore":0.022116370499134064,"isAdultContent":false,"adultScore":0.02084347791969776,"faces":[{"age":34,"gender":"Male","faceRectangle":{"left":45,"top":0,"width":673,"height":640}}]}"
256684,980291,2,https://dqktdb1dhykn6.cloudfront.net/980291-k4v6gek35.image/jpg,NULL,"2020-09-12 19:18:05",NULL,NULL,NULL
159214,981708,2,https://dqktdb1dhykn6.cloudfront.net/981708-oWDgLncOt.image/jpg,NULL,"2020-06-17 17:24:29",NULL,NULL,"{"isR":false,"rScore":0.033057671040296555,"isAdultContent":false,"adultScore":0.03129540756344795,"faces":[{"age":29,"gender":"Male","faceRectangle":{"left":156,"top":444,"width":337,"height":337}}]}"
160850,983270,2,https://dqktdb1dhykn6.cloudfront.net/983270-rQtM9LU9I.image/jpg,NULL,"2020-06-19 04:45:18",NULL,NULL,"{"isR":false,"rScore":0.01839926280081272,"isAdultContent":false,"adultScore":0.009837938472628593,"faces":[]}"
161421,983513,2,https://dqktdb1dhykn6.cloudfront.net/983513-a1dBuNfCV.image/jpg,0,"2020-06-19 23:18:39",NULL,NULL,"{"isR":false,"rScore":0.09063412249088287,"isAdultContent":false,"adultScore":0.0683237761259079,"faces":[]}"
162131,984647,2,https://dqktdb1dhykn6.cloudfront.net/984647-g7SSe8LjJ.image/jpg,0,"2020-06-20 17:29:01",NULL,NULL,"{"isR":false,"rScore":0.04809490218758583,"isAdultContent":false,"adultScore":0.03470955044031143,"faces":[]}"
162271,984779,1,https://dqktdb1dhykn6.cloudfront.net/984779-IVWNexYuC.image/jpg,0,"2020-06-20 20:51:41",NULL,NULL,"{"isR":false,"rScore":0.013945795595645905,"isAdultContent":false,"adultScore":0.0086448909714818,"faces":[]}"
165321,984779,1,https://dqktdb1dhykn6.cloudfront.net/984779-kgm9RlDcD.image/jpg,0,"2020-06-23 20:23:53",NULL,NULL,NULL
250266,984779,1,https://dqktdb1dhykn6.cloudfront.net/984779-HWhTHi1TU.image/jpg,NULL,"2020-09-08 08:22:13",NULL,NULL,NULL
167476,990517,2,https://dqktdb1dhykn6.cloudfront.net/990517-tkDH2K7Ow.image/jpg,NULL,"2020-06-26 07:29:52",NULL,NULL,NULL
167570,990630,2,https://dqktdb1dhykn6.cloudfront.net/990630-gnILW7XWD.image/jpg,NULL,"2020-06-26 13:55:40",NULL,NULL,NULL
176578,1001919,2,https://dqktdb1dhykn6.cloudfront.net/1001919-ppfgVqtM1.image/jpg,0,"2020-07-07 11:19:58",NULL,NULL,NULL
183369,1010844,1,https://dqktdb1dhykn6.cloudfront.net/1010844-j5BTnXuuY.image/jpg,0,"2020-07-16 11:24:54",NULL,NULL,NULL
185741,1013644,2,https://dqktdb1dhykn6.cloudfront.net/1013644-4Uu505u0t.image/jpeg,NULL,"2020-07-19 17:47:27",NULL,NULL,NULL
187968,1016454,1,https://dqktdb1dhykn6.cloudfront.net/1016454-T3FIIxTns.image/jpg,0,"2020-07-22 07:07:24",NULL,NULL,NULL
189020,1017748,1,https://dqktdb1dhykn6.cloudfront.net/1017748-SlR5CB8Fx.image/jpg,0,"2020-07-24 00:05:31",NULL,NULL,NULL
192130,1021499,1,https://dqktdb1dhykn6.cloudfront.net/1021499-K1iH6Vlxs.image/jpg,0,"2020-07-27 12:54:20",NULL,NULL,NULL
192131,1021499,1,https://dqktdb1dhykn6.cloudfront.net/1021499-dCRSTRouP.image/jpg,0,"2020-07-27 12:54:36",NULL,NULL,NULL
197869,1028723,2,https://dqktdb1dhykn6.cloudfront.net/1028723-E1qnObIAO.image/jpg,0,"2020-08-04 01:31:03",NULL,NULL,NULL
202936,1034851,2,https://dqktdb1dhykn6.cloudfront.net/1034851-8aXZMjdlU.image/jpeg,0,"2020-08-10 14:39:00",NULL,NULL,NULL
203709,1035745,2,https://dqktdb1dhykn6.cloudfront.net/1035745-RSCn0r2oI.image/jpg,0,"2020-08-11 10:25:35",NULL,NULL,NULL
204542,1036749,2,https://dqktdb1dhykn6.cloudfront.net/1036749-J5c8Rj6QP.image/jpg,0,"2020-08-12 16:23:04",NULL,NULL,NULL
204711,1036892,1,https://dqktdb1dhykn6.cloudfront.net/1036892-E9vrqkO9O.image/jpeg,0,"2020-08-12 19:57:17",NULL,NULL,NULL
204871,1036970,2,https://dqktdb1dhykn6.cloudfront.net/1036970-dkqTAvh96.image/jpeg,0,"2020-08-12 21:52:04",NULL,NULL,NULL
206907,1038535,2,https://dqktdb1dhykn6.cloudfront.net/1038535-xDM7o9O5t.image/jpg,0,"2020-08-14 20:14:31",NULL,NULL,NULL
210434,1041579,2,https://dqktdb1dhykn6.cloudfront.net/1041579-n16RtDQ1r.image/jpg,0,"2020-08-17 10:51:42",NULL,NULL,NULL
210439,1041579,2,https://dqktdb1dhykn6.cloudfront.net/1041579-MFZtCXwUK.image/jpg,0,"2020-08-17 10:58:12",NULL,NULL,NULL
210845,1041579,2,https://dqktdb1dhykn6.cloudfront.net/1041579-BT3cDsq2x.image/jpg,0,"2020-08-17 18:56:41",NULL,NULL,NULL
210855,1041579,2,https://dqktdb1dhykn6.cloudfront.net/1041579-8AHQTok2O.image/jpg,NULL,"2020-08-17 19:00:50",NULL,NULL,NULL
211822,1042662,2,https://dqktdb1dhykn6.cloudfront.net/1042662-yklhMIAPi.image/jpeg,0,"2020-08-18 15:05:03",NULL,NULL,NULL
212146,1042898,2,https://dqktdb1dhykn6.cloudfront.net/1042898-Uh5ifvUhR.image/jpg,0,"2020-08-18 21:21:31",NULL,NULL,NULL
213019,1043660,2,https://dqktdb1dhykn6.cloudfront.net/1043660-Ki2ZcgfY7.image/jpg,0,"2020-08-19 13:03:27",NULL,NULL,NULL
213024,1043660,2,https://dqktdb1dhykn6.cloudfront.net/1043660-I4gbqRjj8.image/jpg,0,"2020-08-19 13:17:02",NULL,NULL,NULL
213033,1043660,2,https://dqktdb1dhykn6.cloudfront.net/1043660-oSqRl9tob.image/jpg,0,"2020-08-19 13:25:12",NULL,NULL,NULL
213034,1043660,2,https://dqktdb1dhykn6.cloudfront.net/1043660-xez002Lt8.image/jpg,0,"2020-08-19 13:26:22",NULL,NULL,NULL
213062,1043660,2,https://dqktdb1dhykn6.cloudfront.net/1043660-y5bA5NMu3.image/jpg,0,"2020-08-19 13:50:07",NULL,NULL,NULL
213165,1043747,2,https://dqktdb1dhykn6.cloudfront.net/1043747-O2nPc3kIP.image/jpg,0,"2020-08-19 15:45:01",NULL,NULL,NULL
215468,1045870,2,https://dqktdb1dhykn6.cloudfront.net/1045870-xUFjT5g2P.image/jpg,0,"2020-08-21 14:31:37",NULL,NULL,NULL
216790,1047145,2,https://dqktdb1dhykn6.cloudfront.net/1047145-tNvNTxAji.image/jpg,NULL,"2020-08-22 18:39:47",NULL,NULL,NULL
224413,1052105,2,https://dqktdb1dhykn6.cloudfront.net/1052105-doPc0TJW7.image/jpg,0,"2020-08-26 21:29:41",NULL,NULL,NULL
228033,1054282,2,https://dqktdb1dhykn6.cloudfront.net/1054282-mNyZbM2Rg.image/jpg,0,"2020-08-28 20:11:38",NULL,NULL,NULL
228791,1054282,1,https://dqktdb1dhykn6.cloudfront.net/1054282-CMYqVAfq9.image/jpg,0,"2020-08-29 03:08:34",NULL,NULL,NULL
229229,1054282,2,https://dqktdb1dhykn6.cloudfront.net/1054282-6PfbcGFlT.image/jpg,0,"2020-08-29 08:04:10",NULL,NULL,NULL
229230,1054282,2,https://dqktdb1dhykn6.cloudfront.net/1054282-EsedY1Vhl.image/jpg,NULL,"2020-08-29 08:04:11",NULL,NULL,NULL
228211,1054378,2,https://dqktdb1dhykn6.cloudfront.net/1054378-5bLGf3ONR.image/jpg,0,"2020-08-28 21:51:45",NULL,NULL,NULL
235332,1058588,1,https://dqktdb1dhykn6.cloudfront.net/1058588-3wGK4RhUv.image/jpg,0,"2020-09-01 02:59:43",NULL,NULL,NULL
236144,1058588,2,https://dqktdb1dhykn6.cloudfront.net/1058588-ybaVdKGH0.image/jpg,0,"2020-09-01 15:21:07",NULL,NULL,NULL
237731,1059963,2,https://dqktdb1dhykn6.cloudfront.net/1059963-zXOYGusd9.image/jpg,0,"2020-09-02 09:48:45",NULL,NULL,NULL
237886,1059963,2,https://dqktdb1dhykn6.cloudfront.net/1059963-6L9p2W44e.image/jpg,0,"2020-09-02 13:24:49",NULL,NULL,NULL
238049,1059963,2,https://dqktdb1dhykn6.cloudfront.net/1059963-E2RIoCxct.image/jpg,0,"2020-09-02 16:05:13",NULL,NULL,NULL
238146,1059963,1,https://dqktdb1dhykn6.cloudfront.net/1059963-tevddYBBc.image/jpg,0,"2020-09-02 17:46:24",NULL,NULL,NULL
238210,1059963,2,https://dqktdb1dhykn6.cloudfront.net/1059963-9zKwAIcXm.image/jpg,0,"2020-09-02 18:19:10",NULL,NULL,NULL
245650,1059963,2,https://dqktdb1dhykn6.cloudfront.net/1059963-XWRwOwcFp.image/jpg,NULL,"2020-09-06 14:53:28",NULL,NULL,NULL
237927,1060044,1,https://dqktdb1dhykn6.cloudfront.net/1060044-ibe5O65hA.image/jpg,0,"2020-09-02 14:11:01",NULL,NULL,NULL
237938,1060044,1,https://dqktdb1dhykn6.cloudfront.net/1060044-Wd1bWSYTS.image/jpg,0,"2020-09-02 14:21:29",NULL,NULL,NULL
239502,1060044,2,https://dqktdb1dhykn6.cloudfront.net/1060044-8NR8AKgct.image/jpg,NULL,"2020-09-03 05:49:06",NULL,NULL,NULL
239136,1060741,1,https://dqktdb1dhykn6.cloudfront.net/1060741-CBmsPznBp.image/jpg,0,"2020-09-03 02:51:53",NULL,NULL,NULL
239850,1061173,2,https://dqktdb1dhykn6.cloudfront.net/1061173-BQyG3Cqtj.image/jpg,0,"2020-09-03 13:29:30",NULL,NULL,NULL
240001,1061173,2,https://dqktdb1dhykn6.cloudfront.net/1061173-FTw6q2Njd.image/jpg,NULL,"2020-09-03 15:39:54",NULL,NULL,NULL
245397,1064439,2,https://dqktdb1dhykn6.cloudfront.net/1064439-utYomGCMC.image/jpg,NULL,"2020-09-06 10:05:11",NULL,NULL,NULL
249131,1066334,1,https://dqktdb1dhykn6.cloudfront.net/1066334-ehhM1cfiX.image/jpg,0,"2020-09-07 22:56:59",NULL,NULL,NULL
249136,1066334,1,https://dqktdb1dhykn6.cloudfront.net/1066334-8uf30rbv7.image/jpg,0,"2020-09-07 23:00:02",NULL,NULL,NULL
250550,1067183,2,https://dqktdb1dhykn6.cloudfront.net/1067183-jj6fCdbcS.image/jpg,0,"2020-09-08 13:59:06",NULL,NULL,NULL
252617,1067183,1,https://dqktdb1dhykn6.cloudfront.net/1067183-dwjbaRZDP.image/jpg,NULL,"2020-09-09 10:03:21",NULL,NULL,NULL
251505,1067607,2,https://dqktdb1dhykn6.cloudfront.net/1067607-HjPecAwGi.image/jpg,0,"2020-09-08 22:29:34",NULL,NULL,NULL
259961,1067607,2,https://dqktdb1dhykn6.cloudfront.net/1067607-HCAuVk1x3.image/jpg,NULL,"2020-09-15 10:31:44",NULL,NULL,NULL
253106,1068655,2,https://dqktdb1dhykn6.cloudfront.net/1068655-hj7qOsvYf.image/jpg,0,"2020-09-09 19:53:28",NULL,NULL,NULL
254034,1069430,2,https://dqktdb1dhykn6.cloudfront.net/1069430-3sv1yFOWs.image/jpg,0,"2020-09-10 09:03:00",NULL,NULL,NULL
254493,1069430,2,https://dqktdb1dhykn6.cloudfront.net/1069430-5csJPqnBa.image/jpg,NULL,"2020-09-10 21:01:47",NULL,NULL,NULL
255121,1070386,2,https://dqktdb1dhykn6.cloudfront.net/1070386-Axz5OIapN.image/jpg,0,"2020-09-11 05:04:50",NULL,NULL,NULL
255423,1070660,2,https://dqktdb1dhykn6.cloudfront.net/1070660-WDl3RCGfe.image/jpg,NULL,"2020-09-11 16:06:46",NULL,NULL,NULL
255525,1070781,1,https://dqktdb1dhykn6.cloudfront.net/1070781-iLtLAHOA8.image/jpeg,0,"2020-09-11 18:41:34",NULL,NULL,NULL
259972,1075372,2,https://dqktdb1dhykn6.cloudfront.net/1075372-rO7LgFUwE.image/jpg,0,"2020-09-15 11:30:50",NULL,NULL,NULL
261091,1075372,2,https://dqktdb1dhykn6.cloudfront.net/1075372-Fu52A5txk.image/jpg,NULL,"2020-09-16 18:22:14",NULL,NULL,NULL
260424,1075537,1,https://dqktdb1dhykn6.cloudfront.net/1075537-nePpQ6kfe.image/jpeg,NULL,"2020-09-16 00:03:07",NULL,NULL,NULL
261510,1076921,1,https://dqktdb1dhykn6.cloudfront.net/1076921-UF67H1r4x.image/jpg,0,"2020-09-17 02:55:22",NULL,NULL,NULL
261573,1077043,1,https://dqktdb1dhykn6.cloudfront.net/1077043-3wfShbGJx.image/jpg,0,"2020-09-17 03:43:30",NULL,NULL,NULL
264775,1080687,2,https://dqktdb1dhykn6.cloudfront.net/1080687-oIa3i94AS.image/jpg,0,"2020-09-20 17:32:10",NULL,NULL,NULL
268629,1084830,2,https://dqktdb1dhykn6.cloudfront.net/1084830-x8WDkj2lB.image/jpg,1,"2020-09-24 17:44:17",NULL,"2020-09-24 17:52:14",NULL
272353,1088863,2,https://dqktdb1dhykn6.cloudfront.net/1088863-gNaJ1D92b.image/jpg,0,"2020-09-28 06:18:38",NULL,NULL,NULL
274210,1090813,1,https://dqktdb1dhykn6.cloudfront.net/1090813-lzoL7KjUq.image/jpg,0,"2020-09-30 11:01:37",NULL,NULL,NULL
276905,1093859,2,https://dqktdb1dhykn6.cloudfront.net/1093859-RrZtnWNAW.image/jpg,0,"2020-10-03 17:04:14",NULL,NULL,NULL
279163,1096274,2,https://dqktdb1dhykn6.cloudfront.net/1096274-a26hi4BBW.image/jpg,0,"2020-10-05 14:35:47",NULL,NULL,NULL
281031,1098292,2,https://dqktdb1dhykn6.cloudfront.net/1098292-rl7WHxJnX.image/jpg,NULL,"2020-10-07 16:39:42",NULL,NULL,NULL
281343,1098632,2,https://dqktdb1dhykn6.cloudfront.net/1098632-uE7adeLd1.image/jpg,NULL,"2020-10-08 00:53:45",NULL,NULL,NULL
282028,1099411,1,https://dqktdb1dhykn6.cloudfront.net/1099411-HgQrG72qB.image/jpg,NULL,"2020-10-08 21:14:15",NULL,NULL,NULL
283618,1100536,2,https://dqktdb1dhykn6.cloudfront.net/1100536-W83oQ4j71.image/jpeg,NULL,"2020-10-10 20:44:35",NULL,NULL,NULL
283455,1101048,1,https://dqktdb1dhykn6.cloudfront.net/1101048-r7UvpFusx.image/jpg,NULL,"2020-10-10 15:37:39",NULL,NULL,NULL
286859,1104970,2,https://dqktdb1dhykn6.cloudfront.net/1104970-meczbPm2h.image/jpeg,NULL,"2020-10-14 15:04:29",NULL,NULL,NULL
289384,1107798,2,https://dqktdb1dhykn6.cloudfront.net/1107798-lRKUoTPMj.image/jpg,0,"2020-10-18 01:01:59",NULL,NULL,NULL
292954,1111819,1,https://dqktdb1dhykn6.cloudfront.net/1111819-xFYiegSfL.image/jpg,0,"2020-10-22 16:31:34",NULL,NULL,NULL
293513,1112498,1,https://dqktdb1dhykn6.cloudfront.net/1112498-7MhHZAFxE.image/jpeg,0,"2020-10-23 10:03:19",NULL,NULL,NULL
293638,1112641,2,https://dqktdb1dhykn6.cloudfront.net/1112641-SFnK85j7x.image/jpeg,NULL,"2020-10-23 17:12:42",NULL,NULL,NULL
295976,1115303,1,https://dqktdb1dhykn6.cloudfront.net/1115303-C4U1bwjtc.image/jpg,0,"2020-10-26 10:02:41",NULL,NULL,NULL
299993,1115303,2,https://dqktdb1dhykn6.cloudfront.net/1115303-L78zsesu3.image/jpg,NULL,"2020-10-31 17:22:07",NULL,NULL,NULL
302415,1122567,1,https://dqktdb1dhykn6.cloudfront.net/1122567-Ja0OiKd2i.image/jpg,0,"2020-11-03 16:21:21",NULL,NULL,NULL
303032,1123104,2,https://dqktdb1dhykn6.cloudfront.net/1123104-AFbmpsbkR.image/jpg,0,"2020-11-04 10:13:08",NULL,NULL,NULL
305156,1125548,2,https://dqktdb1dhykn6.cloudfront.net/1125548-1cvTOJ1c4.image/jpg,0,"2020-11-07 09:05:09",NULL,NULL,NULL
305345,1125763,2,https://dqktdb1dhykn6.cloudfront.net/1125763-xMrGGDKo0.image/jpeg,NULL,"2020-11-07 19:47:10",NULL,NULL,NULL
307707,1128562,1,https://dqktdb1dhykn6.cloudfront.net/1128562-OF37wMbJp.image/jpg,0,"2020-11-10 16:29:50",NULL,NULL,NULL
312429,1133767,1,https://dqktdb1dhykn6.cloudfront.net/1133767-KNufYHTS2.image/jpeg,0,"2020-11-16 16:19:38",NULL,NULL,NULL
314212,1135559,2,https://dqktdb1dhykn6.cloudfront.net/1135559-h9v3fIqcM.image/jpg,NULL,"2020-11-18 21:55:42",NULL,NULL,NULL
314744,1136122,2,https://dqktdb1dhykn6.cloudfront.net/1136122-H0vgskYyX.image/jpeg,NULL,"2020-11-19 14:59:28",NULL,NULL,NULL
316365,1137876,2,https://dqktdb1dhykn6.cloudfront.net/1137876-3iP1XrFBE.image/jpg,0,"2020-11-21 23:31:47",NULL,NULL,NULL
316794,1138372,2,https://dqktdb1dhykn6.cloudfront.net/1138372-0ShAGMKC8.image/jpg,1,"2020-11-22 09:31:23",NULL,"2020-11-23 20:02:32",NULL
317319,1138872,2,https://dqktdb1dhykn6.cloudfront.net/1138872-kt4dB5X6e.image/jpg,1,"2020-11-23 01:14:08",NULL,"2020-11-23 20:55:44",NULL
