id,user_id,prompt_id,text,created_at,deleted_at
3874655,894470,1,"God fearing & ambitious man, active LDS member, loyal and trustworthy. I got a kid so and I'll love to be a man that fears God to my future wife",11/08/2020 19:03,NULL
3562840,958657,1,Am loving caring and understanding...,27/05/2020 02:43,NULL
3572244,961090,1,Am just the man next door to you,29/05/2020 11:01,29/05/2020 11:06
3572250,961090,1,Am just the man next door to you.am a engineering consultant always want to be with the right person.,29/05/2020 11:06,NULL
3588585,965342,1,,02/06/2020 07:37,NULL
3593624,966589,1,Am an orthopedic doctor from Texas ,03/06/2020 18:25,04/06/2020 06:12
3596088,966589,1,"Am an orthopedic doctor from Texas, am a cool gentle man, looking for the right woman to be with, and not the heart breakers ",04/06/2020 06:12,NULL
3597048,967530,1,"I am a respectful man who was raised to love the Lord first, my family second, and everything else next. And, that is exactly what I do. I am not a perfect man, but I have a perfect heart. I make mistakes, but not purposely. I am not a machine. I am human. ",04/06/2020 16:30,NULL
3597364,967631,1,I'm nice,04/06/2020 18:20,NULL
3605532,969825,1,Cool and okay ,06/06/2020 19:15,NULL
3605980,969877,1,"Well im a very good listener, lets chat so we can get to know each other ",06/06/2020 21:41,NULL
3611291,971314,1,"I'm a loving caring personate honest responsible God fearing and trustworthy man. I'm seeking a woman who have faith in God and have similar qualities to mine, I'm ready to make her happy and treat her right  for good if she could be loyal to only me. I'm always open so feel free to initiate conversation of you find my profile suitable for you. ",07/06/2020 23:59,NULL
3622627,974006,1,Adventurous and just wanna exploit the world with the right person 😍,10/06/2020 15:58,NULL
3625648,974948,1,"Im a cool, funny, smart, honest, warm, thoughtful, perceptive, nurturing, passionate, laid back, down to earth, caring, funny",11/06/2020 06:12,NULL
3629862,976042,1,Gentle,12/06/2020 10:20,NULL
3635644,977651,1,Am a mutaul girl looking for a serious relationship,13/06/2020 23:56,NULL
3643949,979773,1,Cute and caring ,15/06/2020 19:13,NULL
3646288,980291,1,"I hate lies, just be yourself ",16/06/2020 04:42,26/06/2020 12:04
3690992,980291,1,"I hate lies, just be yourself ",26/06/2020 12:04,29/06/2020 04:48
3703266,980291,0,,29/06/2020 04:48,NULL
3648674,980835,1,"Got married young. She broke my heart. In no rush to do that again. 

Big movie guy. Big music guy. If those don't move your soul, I don't think we'll connect. 

Kinda outdoorsy. Kinda indoorsy.indoors. Hit me up, ladies. ",16/06/2020 21:46,NULL
3651408,981549,1,"I am an easy going man i am here to
Look for a relationship that we lead to marriage ",17/06/2020 11:58,NULL
3652174,981708,1,"I'm easy going, kind, honest and faithful man",17/06/2020 17:25,NULL
3652362,981730,1,"•I just want to shower someone with love and affection 
•blm and 1312
•I like reality TV-show 
•really into the weeknd music
•if  you'll get to know me you know how fun I am",17/06/2020 18:18,NULL
3659517,983270,1,I like to save lives with every single moment I have,19/06/2020 04:46,NULL
3662293,983513,1,"Lovely,single and looking for a serious relationship",19/06/2020 22:55,19/06/2020 23:15
3662368,983513,1,"Lovely,single and looking for a serious relationship",19/06/2020 23:15,NULL
3665420,984647,1,"Understanding,honest, caring, passionate man
God fearing man",20/06/2020 17:29,26/06/2020 19:42
3691935,984647,1,"Understanding,honest, caring, passionate man
God fearing man",26/06/2020 19:42,NULL
3666011,984779,1,I'm an outdoor kinda girl and I'm passionate about my work and my family. If at all you want to know about my pet peeves. Hit me up!,20/06/2020 20:58,20/06/2020 20:58
3666012,984779,1,I'm an outdoor kinda girl and I'm passionate about my work and my family. If at all you want to know about my pet peeves. Hit me up!,20/06/2020 20:58,20/06/2020 21:24
3666087,984779,1,I'm an outdoor kinda girl and I'm passionate about my work and my family. If at all you want to know about my pet peeves. Hit me up!,20/06/2020 21:24,08/09/2020 08:21
4005794,984779,1,I'm an outdoor kinda girl and I'm passionate about my work and my family. If at all you want to know about my pet peeves. Hit me up!,08/09/2020 08:21,NULL
3690687,990517,1,Am a straight and easy going person,26/06/2020 07:30,29/06/2020 06:35
3703874,990517,1,Am a straight and easy going person.,29/06/2020 06:35,NULL
3691088,990630,0,,26/06/2020 13:55,26/06/2020 14:00
3691105,990630,1,,26/06/2020 14:00,NULL
3736371,1001919,1,,07/07/2020 11:20,NULL
3771810,1010844,1,,16/07/2020 11:25,16/07/2020 11:32
3771813,1010844,1,"Loving, Caring, honest and God fearing man",16/07/2020 11:32,NULL
3783350,1013644,1,Im a God fearing man what i value most in friendship is hones lt and truthful,19/07/2020 13:44,NULL
3795328,1016454,1,Helo.,22/07/2020 07:06,NULL
3800769,1017748,1,"I am fun and easy and God fearing person, I hate lies and love and respect honest people. ",24/07/2020 00:28,NULL
3844750,1028723,1,,04/08/2020 01:31,04/08/2020 01:35
3844772,1028723,1,I'm a loving guy seeking for marriage.. You can ask me anything you wanna know I'll answer you ,04/08/2020 01:35,NULL
3870119,1034851,1,"Hi, My name is Liam I am shy but once you get familiar you get to unfold different level of me.

Ps: Looking forward to meet my partner here😊",10/08/2020 15:01,NULL
3873780,1035745,1,"Looking for life partner,my best friend.i love to travel ,enjoy anything that's gonna make me smiles ,laugh and have a good time ",11/08/2020 10:28,NULL
3877931,1036749,1,God faith 💙💙,12/08/2020 16:23,12/08/2020 16:34
3877964,1036749,1,God faith 💙💙,12/08/2020 16:34,12/08/2020 16:34
3877965,1036749,1,God faith 💙💙,12/08/2020 16:34,NULL
3878990,1036970,1,"Hey there, I live in Des Moines Iowa but currently in South Carolina,
Hoping to meet a very serious lady who’s ready for a relationship and not FWB 
I have talk to few nd they seem to just come on here to see what’s going on, most especially when they feel bored.... I’m not in for joke please....",12/08/2020 21:54,NULL
3886125,1038535,1,"Time decides who you meet in life, your heart decides who you want in your life, but you behaviors decide who will stay in your life…",14/08/2020 20:15,NULL
3897812,1041579,1,,17/08/2020 10:58,17/08/2020 18:56
3898813,1041579,1,,17/08/2020 18:56,17/08/2020 19:00
3898830,1041579,1,,17/08/2020 19:00,17/08/2020 19:00
3898831,1041579,1,,17/08/2020 19:00,NULL
3902229,1042662,1," I consider myself as a hard working woman and goal oriented. I'm a very down-to-earth, honesty,  understanding, polite, considerate,affectionate,and a caring person. I love  dining out, traveling, or cuddle up at home and watch TV. ",18/08/2020 15:07,NULL
3903236,1042898,1,I m generosity,18/08/2020 21:21,NULL
3906074,1043660,1,About me I'm new here I'm looking for responsible woman that has big Sense of humor and promise not to cheating on me ,19/08/2020 13:04,19/08/2020 13:17
3906089,1043660,1,About me I'm new here I'm looking for responsible woman that has big Sense of humor and promise not to cheating on me ,19/08/2020 13:17,19/08/2020 13:25
3906099,1043660,1,About me I'm new here I'm looking for responsible woman that has big Sense of humor and promise not to cheating on me ,19/08/2020 13:25,19/08/2020 13:26
3906103,1043660,1,About me I'm new here I'm looking for responsible woman that has big Sense of humor and promise not to cheating on me ,19/08/2020 13:26,19/08/2020 13:50
3906150,1043660,1,About me I'm new here I'm looking for responsible woman that has big Sense of humor and promise not to cheating on me ,19/08/2020 13:50,NULL
3907344,1043747,1,,19/08/2020 21:34,NULL
3914411,1045870,0,,21/08/2020 14:32,NULL
3919252,1047145,1,Hello my name is edward here for serious relationship,22/08/2020 18:41,NULL
3940234,1052105,1,Am a gentle woman I have two kids one daughter and one son am divorced,26/08/2020 21:30,NULL
3949523,1054282,1,Am a simple guy ,28/08/2020 20:11,28/08/2020 20:19
3949547,1054282,1,Am a simple guy.. You can call me on? ############# ,28/08/2020 20:19,29/08/2020 03:08
3951320,1054282,1,Am a simple guy.. You can call me on? ############# ,29/08/2020 03:08,29/08/2020 08:04
3952751,1054282,1,Am a simple guy.. You can call me on? ############# ,29/08/2020 08:04,NULL
3949922,1054378,1,"I'm a realtor 
I love jet skiing",28/08/2020 21:52,NULL
3967597,1058588,1,"Humble, kind and caring ",01/09/2020 03:00,01/09/2020 15:21
3969843,1058588,1,"Humble, kind and caring ",01/09/2020 15:21,NULL
3974113,1059963,7,,02/09/2020 09:49,02/09/2020 10:01
3974121,1059963,5,,02/09/2020 10:01,02/09/2020 10:13
3974130,1059963,3,"Singing and playing
",02/09/2020 10:13,02/09/2020 18:19
3975121,1059963,3,"Singing and playing
",02/09/2020 18:19,NULL
3974474,1060044,1,,02/09/2020 14:11,02/09/2020 14:21
3974492,1060044,1,I'm a good man and trustworthy,02/09/2020 14:21,03/09/2020 05:49
3978276,1060044,1,I'm a good man and trustworthy,03/09/2020 05:49,NULL
3977167,1060741,1,Am a loyal person who's love friendship,03/09/2020 02:44,NULL
3979165,1061173,1,Active Lds looking for the same. I like fun and adventure and being social. I love all animals and nature . I love to laugh and listen to stories,03/09/2020 13:31,03/09/2020 15:40
3979473,1061173,1,Active Lds looking for the same. I like fun and adventure and being social. I love all animals and nature . I love to laugh and listen to stories,03/09/2020 15:40,NULL
3993790,1064439,1,Ask and i tell u ,06/09/2020 10:05,NULL
4002683,1066334,1,Lovely friend,07/09/2020 22:57,07/09/2020 23:00
4002695,1066334,1,Lovely friend,07/09/2020 23:00,NULL
4006284,1067183,1,,08/09/2020 13:59,NULL
4008226,1067607,1,"I'm mark, single dad, technologist and a very active lds member who wants to experience love in its full sense... I am fully healed from all past relationship and want a woman as same....i  give everyone a fair chance in life and i am a man with a big heart who believe in the golden rule of life..
",08/09/2020 22:33,15/09/2020 10:31
4042308,1067607,1,"I'm mark, single dad, technologist and a very active lds member who wants to experience love in its full sense... I am fully healed from all past relationship and want a woman as same....i  give everyone a fair chance in life and i am a man with a big heart who believe in the golden rule of life..
",15/09/2020 10:31,NULL
4012657,1068655,1,"God is good, all the time ",09/09/2020 19:53,NULL
4017619,1069430,1,Am just an open person who love making new friends and have fun,10/09/2020 21:02,NULL
4020016,1070386,1,I'm good and honest caring loving man ,11/09/2020 05:06,NULL
4021483,1070660,1,Cool calm and collected man.,11/09/2020 16:07,NULL
4047932,1075372,1,,16/09/2020 18:22,NULL
4044511,1075537,1,"arrange and capture my ten digit numbers on this message and call me or text me directly on my mobil i’m kind, generous, easy-going person, ### i love to laugh and enjoy funny situations... ### i also like going to the movies, #### theater, concerts .",16/09/2020 00:00,NULL
4047102,1076344,1,Am a young man who is looking for a serious relationship .,16/09/2020 12:25,16/09/2020 12:42
4047126,1076344,1,Am a young man who is looking for a serious relationship .,16/09/2020 12:42,17/09/2020 08:09
4051454,1076344,1,Am a young man who is looking for a serious relationship .,17/09/2020 08:09,04/11/2020 05:48
4260863,1076344,1,Am a young man who is looking for a serious relationship .,04/11/2020 05:48,NULL
4049635,1076899,1,Love and caring person,17/09/2020 02:03,NULL
4049918,1076921,1,,17/09/2020 02:55,17/09/2020 03:01
4049958,1076921,1,Well my sugar babies been honest loyal and trust worthy with me and I spoil them but they can only keep me company and give me advice when needed and I want nothing in return,17/09/2020 03:01,NULL
4050218,1077043,1,Looking for serious relationship ,17/09/2020 03:43,NULL
4065753,1080687,1,Love for love,20/09/2020 17:32,NULL
4084481,1084830,1,Am Kendrick Jason from Atlanta. Am a contractor and also a forex trader. I looking for the right person. Anything you want to know about me please DM my DM is always open ,24/09/2020 17:47,NULL
4101731,1088863,1,I'm scarcely lovely,28/09/2020 06:19,28/09/2020 06:33
4101802,1088863,1,I'm scarcely lovely,28/09/2020 06:33,NULL
4110706,1090813,1,,30/09/2020 11:01,NULL
4123067,1093859,7,Fried chicken with salaf,03/10/2020 17:02,03/10/2020 17:07
4123085,1093859,7,Fried chicken with salad,03/10/2020 17:07,NULL
4134805,1096274,1,Hi my w.app num is #############,05/10/2020 14:36,06/10/2020 14:13
4139240,1096274,1,Hi my w.app num is #############,06/10/2020 14:13,NULL
4145597,1098632,1,"I'm simple, adventurous and fun to be with
I love simplicity and sincerity",08/10/2020 00:54,NULL
4154014,1100536,1,I am very sincere and honest woman. And I am not afraid to say what I really think and feel. I get told a lot that I am very open person and I am not trying to be like someone else. But the only person I am always trying to be - is the best version of myself.,10/10/2020 01:37,NULL
4156161,1101048,1,"I am a woman  who speaks better with my heart while I write, so expect me talking to much maybe hahahahaa ",10/10/2020 15:38,NULL
4174120,1104970,1,"I'm  kind and Humble with a good heart and i have great values to human life because I'm christian . I'm a very passionate, physical person that would want the same in a mate, deeply romantic, optimistic, hopeful, wise, & smart.",14/10/2020 15:14,NULL
4187925,1107798,1,I'm a true believer,18/10/2020 01:02,18/10/2020 01:26
4188013,1107798,1,"I'm a honest, spontaneous and loving father. I enjoy traveling, spending time outdoors, beach, movies, active sports and fitness, charity volunteering and spending time with family.
I would like to find a partner with similar interest for a life long commitment together",18/10/2020 01:26,NULL
4207904,1111819,1,"I'm single, here to find that special someone ",22/10/2020 16:32,NULL
4211125,1112498,1,Contact me to know more better !! ,23/10/2020 10:03,NULL
4211766,1112641,1,I’m a call and well aproachable man.,23/10/2020 17:13,NULL
4224541,1115303,1,,26/10/2020 10:12,26/10/2020 10:29
4224546,1115303,1,,26/10/2020 10:29,27/10/2020 01:21
4226847,1115303,1,,27/10/2020 01:21,31/10/2020 00:12
4242739,1115303,1,,31/10/2020 00:12,31/10/2020 17:23
4245395,1115303,1,I'm a nice person,31/10/2020 17:23,01/11/2020 17:44
4249112,1115303,1,I'm a nice person,01/11/2020 17:44,NULL
4258177,1122567,1,Honest and trustworthy,03/11/2020 16:30,NULL
4261422,1123104,1,,04/11/2020 10:13,NULL
4272627,1125548,1,"
I would describe myself as very Intelligent, patients,loyal ,kind ,love ,compassion ,passionate ,understanding,sincerely ,honest and I have big heart.. am easy going man with sense of honor, creative, and humorous 
",07/11/2020 09:05,NULL
4273709,1125763,1,aye;),07/11/2020 19:46,NULL
4312144,1133767,1,"I’m a creature of contradictions—An athletic bookworm, a night owl who’s an early riser, and an active guy who loves to be lazy on Sunday mornings. I’m always interested in learning new things whether it’s history, politics, or the guitar. (I started teaching myself piano last year ",16/11/2020 16:17,NULL
4320988,1135559,1,I'm here for something serious and special,18/11/2020 21:56,NULL
4323809,1136122,1,i easily socialise with people..i love meeting people and understanding peoples predicaments..i do not judge people by what they wear(appearance)neither do i judge people by their actions because i believe every human on earth has a specific good reasons for their actions i love meeting people ,19/11/2020 15:01,NULL
4334737,1138372,1,Am simple as ABC ,22/11/2020 09:29,NULL
4337149,1138872,1,",pet lover ,am a single dad",23/11/2020 01:12,NULL
