id,fb_id,gf_id,ak_id,auth_type,device_token,first_name,last_name,email,location,locale,lat,lng,lat_lng_updated_at,hometown,gender,age,birthdate,language,school,position,acct_status,drip_state,gated,height_ft,height_in,mission_location,dating_interest,pref_age_low,pref_age_high,pref_search_radius,created_at,modified_at,deleted_at,notif_match,notif_message,notif_reminders,notif_allowed,notif_notes,auto_archive_notes,distance_off,app_version,p_note_balance,p_enabled,p_double_take_last_used,p_ward_hop,p_ninja_mode,p_no_ads,gender_id,acct_status_id,paused,pref_height_min,pref_height_max,search_by_country,locality,admin_area,country,country_code,is_ig_connected,ig_token,ig_expires_at
894470,NULL,bQp4HAPZarUj8yfXmuGN5PU52qT2,NULL,NULL,NULL,Craig,Brandon,ac7373261@gmail.com,NULL,NULL,NULL,NULL,"2020-08-16 01:00:16",NULL,male,37,NULL,NULL,NULL,NULL,deleted,NULL,0,NULL,NULL,NULL,94,NULL,NULL,700,"2020-03-30 09:49:08","2020-08-16 01:00:30","2020-08-16 01:00:30",1,1,0,0,1,0,1,1240302,NULL,0,NULL,0,0,NULL,1,5,0,36,95,0,NULL,NULL,NULL,NULL,0,NULL,NULL
958657,NULL,FE4N1BpHHfQDLFjp6GmWS5tgjPn1,NULL,NULL,NULL,Hernandez,james,NULL,"Dallas, Texas",NULL,32.7405,-96.7838,"2020-05-27 02:45:59",NULL,male,38,"1982-05-27 00:00:00",en_US,NULL,NULL,archived,NULL,0,5,8,NULL,83,35,60,600,"2020-05-27 02:38:14","2020-06-05 02:05:05",NULL,1,1,0,0,1,0,0,1210501,NULL,0,"2020-06-04 16:48:58",0,0,NULL,1,7,0,36,95,1,Dallas,Texas,"United States",US,0,NULL,NULL
961090,NULL,94eE1mrGtYXuN0G86Rd5DQ1w79f1,NULL,NULL,<013186506faef184a3561b5d96440c97ae04060cfb502400a6a96641df1203ee>,Brown,Brym,NULL,"Manchester Township, NJ",NULL,40.0583,-74.4057,"2020-08-01 19:03:13","Florida Miami ",male,55,"1965-07-05 00:00:00",en-US,"University of Florida ","Engineering construction ",archived,NULL,0,6,6,"Florida ",98,45,65,218,"2020-05-29 10:57:11","2020-08-01 19:03:13",NULL,1,1,1,1,1,0,0,0.97,NULL,0,NULL,0,0,NULL,1,7,0,NULL,NULL,0,"Manchester Township",NJ,"United States",US,0,NULL,NULL
965342,NULL,mnCisznEhQNhrIcmZXw2gIgjdox2,NULL,NULL,NULL,"Gonzalez ",marcu,NULL,NULL,NULL,NULL,NULL,"2020-06-21 09:59:43",NULL,male,29,NULL,NULL,NULL,NULL,deleted,NULL,0,NULL,NULL,NULL,77,NULL,NULL,553,"2020-06-02 07:36:18","2020-06-21 10:00:23","2020-06-21 10:00:23",1,1,0,0,1,0,0,1230201,NULL,0,NULL,0,0,NULL,1,5,0,36,95,1,NULL,NULL,NULL,NULL,0,NULL,NULL
966589,NULL,1x0lkjlDTgMbInqJjbNlpW4llhq1,NULL,NULL,NULL,garry,jonshon,NULL,"Dallas, Texas",NULL,32.7791,-96.8003,"2020-06-16 22:56:18","Dallas Texas ",male,40,"1980-06-03 06:00:00",en_US,"Texas state university ","Am an orthopedic doctor ",archived,NULL,0,5,8,"Dallas Texas ",84,18,65,50,"2020-06-03 18:16:48","2020-06-16 22:56:18",NULL,1,1,0,0,1,0,0,1230201,NULL,0,"2020-06-04 18:36:20",0,0,NULL,1,7,0,36,95,0,Dallas,Texas,"United States",US,0,NULL,NULL
966889,NULL,M6SccUj1p8ShmOq4b3Y2m7yRD6f1,NULL,NULL,<341c45e267c810304a52a794f851bbe4913e1d240ff48aea466cf63178b28bfe>,Emmanuel,Ayodeji,NULL,Nigeria,NULL,6.5305,3.34667,"2020-06-10 19:39:15",NULL,male,27,"1993-04-24 00:00:00",en-NG,NULL,NULL,archived,NULL,0,5,6,NULL,50,31,41,213,"2020-06-04 00:45:50","2020-06-10 19:39:15",NULL,1,1,1,1,1,0,0,0.95,NULL,0,NULL,0,0,NULL,1,7,0,NULL,NULL,0,,Lagos,Nigeria,NG,0,NULL,NULL
967530,NULL,g2IarWhwu3W3jeggbuiRjpeFSvN2,NULL,NULL,<1435c219265683339ac4c209e01c31ed90e720a4a4c29b8e40737901c224c0c2>,Graham,"Flores ",NULL,"Delaware, OH",NULL,40.3675,-82.9962,"2020-07-19 13:19:08","Dayton,OH",male,55,"1965-07-20 00:00:00",en-US,"Delaware college,OH","Military ",archived,NULL,0,5,9,,88,45,65,242,"2020-06-04 16:17:48","2020-07-19 13:19:08",NULL,1,1,1,1,1,0,0,0.97,NULL,0,NULL,0,0,0,1,7,0,NULL,NULL,1,Delaware,OH,"United States",US,0,NULL,NULL
967631,1320579728071728,NULL,NULL,NULL,NULL,Joshua,Nielson,greenxops86@gmail.com,NULL,NULL,NULL,NULL,"2020-06-07 05:27:54",NULL,female,33,NULL,NULL,NULL,NULL,deleted,NULL,0,NULL,NULL,NULL,50,NULL,NULL,131,"2020-06-04 18:18:46","2020-06-07 05:37:11","2020-06-07 05:37:11",1,1,0,0,1,0,0,1210501,NULL,0,NULL,0,0,NULL,2,5,0,36,95,0,NULL,NULL,NULL,NULL,0,NULL,NULL
969825,114362133637372,NULL,NULL,NULL,NULL,Baston,Bull,thomasgustavo121@gmail.com,NULL,,NULL,NULL,"2020-06-20 21:56:55",NULL,male,44,NULL,NULL,NULL,NULL,deleted,NULL,0,NULL,NULL,NULL,83,NULL,NULL,50,"2020-06-06 19:13:16","2020-06-20 21:57:48","2020-06-20 21:57:48",1,1,1,1,1,0,0,0.97,NULL,0,NULL,0,0,NULL,1,5,0,NULL,NULL,0,NULL,NULL,NULL,NULL,0,NULL,NULL
969877,NULL,Sx0p0sI8nNUyW9wwUK7Lfav7ias1,NULL,NULL,<d99780afb9900c26bb2c4488cd0f1a021432fbc1b4a31a6e4dadd4a9e4029159>,"James ","Cortez ",NULL,"Akure, NG",NULL,7.22936,5.17917,"2020-06-14 17:29:16",NULL,male,39,"1980-08-10 03:00:00",en_US,NULL,NULL,archived,NULL,0,5,10,NULL,87,38,60,50,"2020-06-06 20:20:32","2020-06-14 17:29:16",NULL,1,1,1,0,1,0,0,1210501,NULL,0,NULL,0,0,NULL,1,7,0,36,95,0,Akure,Ondo,Nigeria,NG,0,NULL,NULL
971314,NULL,cJulDex8CZNzhU4XpLgB82nRNxN2,NULL,phone,Optional(<9251231291d3f527613f8da9299cbcb3762a16ff9e9fc46246b6cc9c986f72a3>),Capps,Shannon,NULL,Utah,NULL,39.0612,-113.192,"2020-06-09 07:22:30",NULL,male,56,"1964-06-17 03:00:00",en_US,NULL,NULL,archived,NULL,0,5,8,NULL,100,38,65,477,"2020-06-07 23:44:55","2020-10-11 23:54:29",NULL,1,1,0,0,1,0,0,1210501,NULL,0,NULL,0,0,NULL,1,7,0,36,95,0,NULL,Utah,"United States",US,0,NULL,NULL
974006,167003741460130,NULL,NULL,NULL,NULL,Amabell,Atasha,NULL,Utah,NULL,39.4282,-111.728,"2020-06-10 16:35:37",NULL,male,35,"1985-04-09 04:00:00",en_GB,NULL,NULL,archived,NULL,0,4,7,NULL,89,25,45,201,"2020-06-10 08:49:29","2020-06-11 07:03:12",NULL,1,1,0,0,1,0,0,1230201,NULL,0,NULL,0,0,NULL,1,7,0,36,84,0,NULL,Utah,"United States",US,0,NULL,NULL
974948,NULL,VyyRO37qFBT7mE71wKHSffVc7CC3,NULL,NULL,NULL,Ryan,Harris,NULL,NULL,NULL,NULL,NULL,"2020-06-11 06:25:13",NULL,male,NULL,NULL,NULL,NULL,NULL,deleted,NULL,0,NULL,NULL,NULL,89,NULL,NULL,378,"2020-06-11 05:58:59","2020-06-11 06:25:56","2020-06-11 06:25:56",1,1,1,1,1,0,0,0.96,NULL,0,NULL,0,0,NULL,1,5,0,NULL,NULL,0,NULL,NULL,NULL,NULL,0,NULL,NULL
976042,NULL,sp4RjnOayXbFUVQuqhuOC2Xxs3g2,NULL,NULL,NULL,"nando malachovki","John nando",NULL,NULL,NULL,0,0,NULL,NULL,male,34,"1985-08-12 01:00:00",en_US,NULL,NULL,archived,NULL,0,7,9,NULL,88,18,65,50,"2020-06-12 10:11:57","2020-06-13 02:12:37",NULL,1,1,0,0,1,0,0,1210501,NULL,0,NULL,0,0,NULL,1,7,0,36,95,0,NULL,NULL,NULL,NULL,0,NULL,NULL
977651,NULL,Rkr3QSEanIdZ33AJod2Dm3GZbrD3,NULL,NULL,<43899b79f24959f576f7e72f45c185d1d2b120f1d9fa00611e39b8041093c963>,Felicia,Sharon,NULL,"Canastota, NY",NULL,43.1562,-75.845,"2020-06-17 00:53:53",NULL,female,29,"1990-09-29 00:00:00",en-NG,NULL,NULL,archived,NULL,0,5,5,NULL,87,30,65,50,"2020-06-13 23:53:06","2020-06-17 00:53:53",NULL,1,1,1,1,1,0,1,0.97,NULL,0,NULL,0,0,NULL,2,7,0,NULL,NULL,0,Canastota,NY,"United States",US,0,NULL,NULL
979773,NULL,FKYWM6n4u2VoIYppYkRylZlcRoE3,NULL,NULL,<7ccef98d6496f81e146b300ce0a3a35a1be2b763b14f74966c1a2188319898b6>,"SteveEd ","Stephanie ",NULL,"Wenatchee, WA",NULL,47.4178,-120.319,"2020-07-18 08:41:19",NULL,unknown,25,"1995-06-22 00:00:00",en-US,NULL,NULL,archived,NULL,0,5,9,NULL,78,20,41,483,"2020-06-15 19:09:10","2020-07-18 08:41:19",NULL,1,1,1,1,1,0,0,0.97,NULL,0,NULL,0,0,NULL,5,7,0,NULL,NULL,0,Wenatchee,WA,"United States",US,0,NULL,NULL
980291,NULL,dfGeanWfmgcD0yBTjTS0VVoO9YI2,NULL,NULL,NULL,"Hilson ","Greg ",NULL,"Florissant, Colorado",NULL,38.8994,-105.417,"2020-09-12 19:18:05",Ohio,male,60,"1960-03-09 00:00:00",en_GB,"University of California ","Medical doctor ",archived,NULL,0,3,9,"Working ",86,37,65,621,"2020-06-16 04:35:27","2020-09-12 19:18:05",NULL,0,0,0,0,1,0,0,1230201,NULL,0,NULL,0,0,NULL,1,7,0,36,95,0,Florissant,Colorado,"United States",US,0,NULL,NULL
980835,NULL,tZ3OWzCYIddBPIS0s3EHwEBSUIx1,NULL,NULL,NULL,Caleb,Jergins,NULL,NULL,NULL,0,0,NULL,NULL,male,19,"2001-03-31 17:00:00",en_US,NULL,NULL,archived,NULL,0,6,1,NULL,25,18,65,50,"2020-06-16 21:11:18","2020-06-19 03:23:08",NULL,1,1,0,0,1,0,0,NULL,NULL,0,NULL,0,0,NULL,1,7,0,36,95,0,NULL,NULL,NULL,NULL,0,NULL,NULL
981549,269492244259969,NULL,NULL,NULL,<b47f5e44dde9d9a97807246265c44beaa1ca604ace0a3b609a744103322de77f>,Weber,Phliilp,,Nigeria,,6.263,5.63796,"2020-06-17 11:55:13",,male,53,"1966-12-24 00:00:00",en-AU,,,archived,NULL,0,3,7,,83,43,63,50,"2020-06-17 11:46:04","2020-06-19 02:27:39",NULL,1,1,1,0,1,0,0,0.97,NULL,0,NULL,0,0,NULL,1,7,0,NULL,NULL,0,,Edo,Nigeria,NG,0,NULL,NULL
981708,NULL,ChV5OyZgayP6cBSgQGhP2mg4Ll83,NULL,NULL,NULL,johnson,nick,NULL,"Colorado Springs, Colorado",NULL,38.8339,-104.821,"2020-06-28 18:22:42",NULL,male,35,"1984-07-24 04:00:00",en_US,NULL,NULL,archived,NULL,0,5,10,NULL,90,39,65,380,"2020-06-17 17:17:43","2020-06-28 18:22:42",NULL,1,1,0,0,1,0,0,1230201,NULL,0,NULL,0,0,NULL,1,7,0,36,95,0,"Colorado Springs",Colorado,"United States",US,0,NULL,NULL
981730,NULL,jQBEo0xbDGeE8VvbVavLFYzqiN02,NULL,NULL,NULL,sarah,"Mickelson ",NULL,"Milford, Delaware",NULL,38.9127,-75.4288,"2020-06-17 18:20:00",NULL,female,30,"1990-03-26 00:00:00",en_US,NULL,NULL,archived,NULL,0,6,0,NULL,55,18,65,50,"2020-06-17 18:09:35","2020-06-18 02:47:18",NULL,1,1,0,0,1,0,0,1210501,NULL,0,NULL,0,0,NULL,2,7,0,36,95,0,Milford,Delaware,"United States",US,0,NULL,NULL
983270,NULL,4uAtpBDa63XzO30giQ4s2K0xh983,NULL,NULL,NULL,"David Nguyen",Ngugen,NULL,"Jacksboro, Texas",NULL,33.2158,-98.3207,"2020-06-19 04:50:47",NULL,male,55,"1964-06-30 00:00:00",en_US,NULL,NULL,archived,NULL,0,5,6,NULL,50,18,65,50,"2020-06-19 04:34:32","2020-06-20 02:41:00",NULL,1,1,0,0,1,0,0,1230201,NULL,0,NULL,0,0,NULL,1,7,0,36,95,0,Jacksboro,Texas,"United States",US,0,NULL,NULL
983513,NULL,yZQ1i5BPCVboBXvDp9tabmhCoFD2,NULL,NULL,NULL,harper,lillian,NULL,NULL,NULL,NULL,NULL,"2020-06-19 23:20:00",NULL,female,26,NULL,NULL,NULL,NULL,deleted,NULL,0,NULL,NULL,NULL,86,NULL,NULL,50,"2020-06-19 12:41:43","2020-06-20 17:51:26","2020-06-20 17:51:26",1,1,0,0,1,0,0,1230201,NULL,0,NULL,0,0,NULL,2,5,0,36,95,0,NULL,NULL,NULL,NULL,0,NULL,NULL
984647,NULL,vd9Lny0VAmbX2i1a4GbkHAdm4yL2,NULL,NULL,NULL,Micheal,"Derek Mike",NULL,"Los Angeles, California",NULL,34.0537,-118.243,"2020-06-26 19:42:23",Florida,male,39,"1980-12-21 01:00:00",en_US,"California institute",Doctor,archived,NULL,0,5,9,California,84,18,65,50,"2020-06-20 17:22:47","2020-06-26 19:42:23",NULL,1,1,0,0,1,0,0,1230304,NULL,0,NULL,0,0,NULL,1,7,0,36,95,0,"Los Angeles",California,"United States",US,0,NULL,NULL
984779,NULL,lLzbQCEdh8QNv10MQKIAoJ8Drnp1,NULL,phone,NULL,April,mathis,henryadedeji04@gmail.com,NULL,NULL,NULL,NULL,"2020-09-11 14:05:35",NULL,female,34,NULL,NULL,NULL,NULL,deleted,NULL,0,NULL,NULL,NULL,76,NULL,NULL,485,"2020-06-20 20:18:43","2020-09-11 14:06:21","2020-09-11 14:06:21",1,1,0,0,1,0,0,1260206,NULL,0,NULL,0,0,NULL,2,5,0,36,95,0,NULL,NULL,NULL,NULL,0,NULL,NULL
985440,141014680931780,NULL,NULL,NULL,NULL,Ezra,Murphy,NULL,NULL,NULL,0,0,NULL,NULL,male,55,"1964-07-05 02:00:00",en_US,NULL,NULL,archived,NULL,0,5,11,NULL,50,45,65,50,"2020-06-21 07:09:42","2020-06-23 05:01:26",NULL,1,1,0,0,1,0,0,NULL,NULL,0,NULL,0,0,NULL,1,7,0,36,95,0,NULL,NULL,NULL,NULL,0,NULL,NULL
990517,NULL,mX6HtfrIrBdhCCWTy9Umyt3OFG92,NULL,NULL,NULL,Robert,Smith,NULL,"Onitsha, NG",NULL,6.11065,6.76162,"2020-07-01 11:55:08",Texas,male,42,"1977-07-07 03:00:00",en_US,Florida,"Marine Engineer",archived,NULL,0,5,8,Florida,90,18,65,50,"2020-06-26 07:21:47","2020-07-01 11:55:08",NULL,1,1,0,0,1,0,0,1230201,NULL,0,NULL,0,0,NULL,1,7,0,36,95,0,Onitsha,Anambra,Nigeria,NG,0,NULL,NULL
990630,NULL,UOlYrpwBN4YCYJmNbF67CmMwbgq2,NULL,NULL,NULL,"David ",waston,NULL,"Coffeyville, Kansas",NULL,37.0361,-95.6237,"2020-06-26 14:00:27",Dallas,male,40,"1980-06-26 01:00:00",en_US,NULL,Millitary,archived,NULL,0,5,7,Texas,83,41,63,50,"2020-06-26 13:51:44","2020-06-26 14:46:09",NULL,1,1,0,0,1,0,0,1230304,NULL,0,NULL,0,0,NULL,1,7,0,36,95,0,Coffeyville,Kansas,"United States",US,0,NULL,NULL
1001919,NULL,vTYJu14sy2cprlGssOeHSOl11kR2,NULL,NULL,NULL,"Adam ","griffin ",NULL,NULL,NULL,NULL,NULL,"2020-07-07 21:30:47",NULL,male,40,NULL,NULL,NULL,NULL,deleted,NULL,0,NULL,NULL,NULL,50,NULL,NULL,50,"2020-07-07 10:40:16","2020-07-07 21:31:21","2020-07-07 21:31:21",1,1,0,0,1,0,0,1230304,NULL,0,NULL,0,0,NULL,1,5,0,36,95,0,NULL,NULL,NULL,NULL,0,NULL,NULL
1010844,NULL,H8D7bKRKFePXKLBR5Gyoowpc4Oz1,NULL,NULL,NULL,Johnson,Carl,NULL,"Sanger, California",NULL,36.7917,-119.441,"2020-07-20 09:17:12","Ashley, Ohio",male,45,"1975-07-14 03:00:00",en_US,"Texas University",Detective,archived,NULL,0,6,1,NULL,84,50,65,700,"2020-07-16 11:19:25","2020-07-20 09:18:04",NULL,1,1,0,0,1,0,1,1230304,NULL,0,NULL,0,0,NULL,1,7,1,36,95,0,Sanger,California,"United States",US,0,NULL,NULL
1013644,117402986718896,NULL,NULL,NULL,<44f34ad07f22816cf6914f67f4e1b4ad07c6089c17e4a24b3dc90cb2aee2eb31>,Jasone,Glad,,"Wisconsin Rapids, WI",,44.4309,-89.6885,"2020-07-21 00:45:34",,male,46,"1974-07-16 00:00:00",en-US,,,archived,NULL,0,5,6,,89,30,60,482,"2020-07-19 13:42:55","2020-07-21 00:45:34",NULL,1,1,1,1,1,0,0,0.97,NULL,0,NULL,0,0,NULL,1,7,0,NULL,NULL,0,"Wisconsin Rapids",WI,"United States",US,0,NULL,NULL
1013711,NULL,pMs4wUVDJrcdkY6kl0SNJWqLUKr2,NULL,NULL,NULL,harold,jacobs,haroldjacobs@gmail.com,NULL,NULL,NULL,NULL,"2020-07-19 16:04:43",NULL,male,21,NULL,NULL,NULL,NULL,deleted,NULL,0,NULL,NULL,NULL,50,NULL,NULL,700,"2020-07-19 16:02:51","2020-07-21 16:19:03","2020-07-21 16:19:03",1,1,0,0,0,0,1,1240302,NULL,0,NULL,0,0,NULL,1,5,0,36,95,0,NULL,NULL,NULL,NULL,0,NULL,NULL
1016454,NULL,Jx9huI2SeaOzumw1sa53XmRNONn1,NULL,NULL,NULL,Mike,Oxlong,jedi.samwise@gmail.com,NULL,NULL,NULL,NULL,NULL,NULL,male,18,NULL,NULL,NULL,NULL,deleted,NULL,0,NULL,NULL,NULL,94,NULL,NULL,50,"2020-07-22 07:04:02","2020-07-22 18:12:10","2020-07-22 18:12:10",1,1,0,0,0,0,0,1240302,NULL,0,NULL,0,0,NULL,1,5,0,36,95,0,NULL,NULL,NULL,NULL,0,NULL,NULL
1017748,NULL,DWD7r7dQ33ZAJbOrsfWiooXqFlQ2,NULL,NULL,NULL,michael,Rafferty,raffertym81@gmail.com,"Ughelli, NG",NULL,5.47942,6.02551,"2020-07-24 00:29:00","Canada ",male,47,"1973-03-25 03:00:00",en_US,"University of Toronto ","Chevron Texas",archived,NULL,0,5,6,"Quebec Canada ",100,43,65,700,"2020-07-23 23:37:09","2020-07-24 04:18:35",NULL,1,1,0,0,1,0,1,1240302,NULL,0,NULL,0,0,NULL,1,7,0,36,95,0,Ughelli,Delta,Nigeria,NG,0,NULL,NULL
1021499,NULL,ok3RLefKfChTzVQ41sY1A5MdvYe2,NULL,NULL,NULL,harry,fred,fhvhhkk@gmail.com,"New York, New York",NULL,40.7129,-74.0061,"2020-07-27 19:17:14",NULL,male,43,"1976-08-06 01:00:00",en_US,NULL,NULL,archived,NULL,0,5,8,NULL,50,32,65,475,"2020-07-27 12:41:42","2020-07-27 19:17:14",NULL,1,1,0,0,0,0,0,1240302,NULL,0,NULL,0,0,NULL,1,7,0,36,95,0,"New York","New York","United States",US,0,NULL,NULL
1028723,NULL,X4MyiE6kWUapPquKw2X9KzJf6Hs2,NULL,NULL,NULL,"Justin ",Troy,NULL,"San Antonio, Texas",NULL,29.4898,-98.523,"2020-08-04 02:12:00","Austin ",male,34,"1986-08-01 02:00:00",en_NG,NULL,NSA,archived,NULL,0,0,0,NULL,86,18,65,50,"2020-08-04 01:27:30","2020-08-04 19:41:35",NULL,1,1,0,0,1,0,0,1230304,NULL,0,NULL,0,0,NULL,1,7,0,36,95,0,"San Antonio",Texas,"United States",US,0,NULL,NULL
1034851,NULL,HFU3dIk2ZgOyJtJAAWdfsUK9Iib2,NULL,phone,Optional(<a37ef6a467020cb67a31b494bd2e38f1f3da9d28adb7bf25ad6b606c559103dd>),Liam,Castro,Ashleyaliana7@gmail.com,"Rockville, MD",NULL,39.084,-77.1528,"2020-09-24 13:19:23","Chicago ",male,35,"1984-12-17 00:00:00",en-NG,"University of North Carolina Wilmington","An engineer ",archived,NULL,0,5,9,,82,30,65,50,"2020-08-10 14:34:24","2020-09-24 13:19:23",NULL,1,1,1,1,1,0,0,3.81,NULL,0,NULL,0,0,NULL,1,7,0,NULL,NULL,1,Rockville,MD,"United States",US,0,NULL,NULL
1035745,NULL,dEgZJYxjkIhFT2qMSrq0r3KgMD33,NULL,NULL,NULL,Daniel,"james jordan ",turcotteabdul93@gmail.com,NULL,NULL,NULL,NULL,"2020-08-26 07:38:18",NULL,male,40,NULL,NULL,NULL,NULL,deleted,NULL,0,NULL,NULL,NULL,100,NULL,NULL,600,"2020-08-11 10:22:58","2020-08-26 07:40:35","2020-08-26 07:40:35",1,1,0,0,0,0,0,1240302,NULL,0,NULL,0,0,NULL,1,5,0,36,95,1,NULL,NULL,NULL,NULL,0,NULL,NULL
1036749,NULL,xlk2gHNWH6XguuFgHQmFR1ZrgDz2,NULL,NULL,NULL,"bishop mike",Michael,mikesmith000x@gmail.com,"Owo, NG",NULL,7.19763,5.59194,"2020-08-12 21:48:35",NULL,male,44,"1975-08-17 02:00:00",en_US,NULL,NULL,archived,NULL,0,6,1,NULL,67,45,65,700,"2020-08-12 16:18:29","2020-08-12 21:48:35",NULL,0,0,0,0,0,0,1,1240302,NULL,0,NULL,0,0,NULL,1,7,0,36,95,0,Owo,Ondo,Nigeria,NG,0,NULL,NULL
1036892,NULL,9QvWIdQQTnW5f1gAtAogeOibKts2,NULL,Phone,NULL,Leslie,Elizabeth,leslieelizabeth3443@gmail.com,NULL,NULL,NULL,NULL,"2020-08-15 18:36:57",NULL,female,30,NULL,NULL,NULL,NULL,deleted,NULL,0,NULL,NULL,NULL,78,NULL,NULL,50,"2020-08-12 19:50:10","2020-08-15 18:37:12","2020-08-15 18:37:12",1,1,1,1,1,0,1,0.99,NULL,0,NULL,0,0,NULL,2,5,0,NULL,NULL,0,NULL,NULL,NULL,NULL,0,NULL,NULL
1036970,NULL,fy9lG3UYCmOywo7QybJciAgTsbB3,NULL,Phone,<ada321d4471c7e65b7898e3d145de2214e1e8de7e9104fa2976382cf4c59416b>,Wilson,"Steve ",Vivianthomas177@gmail.com,"Pinewood, SC",NULL,33.6874,-80.4364,"2020-08-13 10:10:43",,male,42,"1977-10-14 00:00:00",en-US,"University of Iowa ",,archived,NULL,0,5,9,"Future ",86,32,65,50,"2020-08-12 21:46:24","2020-08-13 18:17:53",NULL,1,1,1,1,1,0,1,0.99,NULL,0,NULL,0,0,NULL,1,7,0,NULL,NULL,1,Pinewood,SC,"United States",US,0,NULL,NULL
1038535,NULL,OjmgEkVWLRSLAmqcVdP53xPEhO03,NULL,Phone,NULL,micheal,scott,michealscott6912@gmail.com,"Miami Beach, Florida",NULL,25.7868,-80.1309,"2020-08-14 20:35:07","Lyon,france",male,32,"1987-09-27 00:00:00",en_US,"Harvard university","Am a military man,who has the fear of God.",archived,NULL,0,4,8,"I serve the nation",65,40,60,316,"2020-08-14 11:22:04","2020-08-14 20:35:07",NULL,1,1,1,0,1,0,0,1240603,NULL,0,NULL,0,0,NULL,1,7,0,36,95,0,"Miami Beach",Florida,"United States",US,0,NULL,NULL
1041579,NULL,TA4mo6LO42W7Au46SB2omWKm0Q72,NULL,Phone,NULL,"smart good",good,goodkalvin575@email.com,"Owerri, NG",NULL,5.47568,7.03208,"2020-08-17 19:01:03",NULL,male,45,"1974-10-21 03:00:00",en_US,NULL,NULL,suspended,NULL,0,6,10,NULL,65,35,55,400,"2020-08-17 10:41:24","2020-08-17 20:13:39",NULL,1,1,1,0,1,0,0,1240603,NULL,0,NULL,0,0,NULL,1,9,0,36,95,0,Owerri,Imo,Nigeria,NG,0,NULL,NULL
1042662,NULL,guEq5AD90GNOFZZPNu9jvgZLV892,NULL,Phone,<719f8c570641536ec7b9afc23bf7245b432fa5b62a29c9166bf5893dc5726b36>),"Michele ",Strayhorn,Funderwood353@gmail.com,"New York, NY",NULL,40.8417,-73.9358,"2020-08-18 14:56:20",NULL,female,35,"1984-09-09 00:00:00",en,NULL,NULL,archived,NULL,0,5,7,NULL,99,25,45,50,"2020-08-18 14:53:52","2020-08-18 16:35:05",NULL,1,1,1,0,1,0,0,0.99,NULL,0,NULL,0,0,NULL,2,7,0,NULL,NULL,0,"New York",NY,"United States",US,0,NULL,NULL
1042898,NULL,ATcj1Huy8MZYU9ioMAoGXuiLsXf1,NULL,Phone,NULL,Jenny,croft,jennycroft1660@gmail.com,NULL,NULL,NULL,NULL,NULL,NULL,female,35,"1985-08-11 00:00:00",en_US,NULL,NULL,archived,NULL,0,6,2,NULL,88,25,45,400,"2020-08-18 21:11:54","2020-08-18 21:46:14",NULL,1,1,1,0,1,0,0,1240603,NULL,0,NULL,0,0,NULL,2,7,0,36,95,0,NULL,NULL,NULL,NULL,0,NULL,NULL
1043660,135503201331823,NULL,NULL,NULL,NULL,Glover,Jakiedonald,gloverrickben@gmail.com,"Gardner, Massachusetts",NULL,42.5659,-71.948,"2020-08-20 01:23:19",Connecticut,male,68,"1951-10-31 05:00:00",en_US,NULL,"I do my job has man of honor",archived,NULL,0,7,10,NULL,86,28,65,700,"2020-08-19 12:58:56","2020-08-20 01:23:19",NULL,1,1,0,0,1,1,1,1240603,NULL,0,NULL,0,0,NULL,1,7,0,36,95,0,Gardner,Massachusetts,"United States",US,0,NULL,NULL
1043747,NULL,RtfdaQy3B8V7tABPAueXf6Hd9iE3,NULL,Phone,NULL,williamluke,luke,williamluke203@gmail.com,"Jyväskylä, FI",NULL,62.3882,25.6593,"2020-08-23 09:22:38","I'm from Florida ",male,67,"1953-08-05 05:00:00",en_US,NULL,NULL,archived,NULL,0,5,11,NULL,50,40,65,700,"2020-08-19 15:39:50","2020-08-23 09:22:38",NULL,1,1,1,0,1,1,1,1240302,NULL,0,NULL,0,0,NULL,1,7,0,36,95,0,Jyväskylä,"Chernihiv Oblast",Finland,FI,0,NULL,NULL
1045870,NULL,77oPiP7SZXafWzRTTpqNtcsEmZ63,NULL,Phone,NULL,Johnson,Smith's,johnsonsmiths979@gmail.com,NULL,NULL,NULL,NULL,NULL,NULL,male,39,"1980-09-01 00:00:00",en_US,NULL,NULL,archived,NULL,0,4,3,NULL,50,30,50,400,"2020-08-21 14:25:50","2020-08-21 16:42:29",NULL,1,1,1,0,1,0,0,1240603,NULL,0,NULL,0,0,NULL,1,7,0,36,95,0,NULL,NULL,NULL,NULL,0,NULL,NULL
1047145,599593940711206,NULL,NULL,NULL,NULL,Michael,Edward,michaeledwardmiller4555@gmail.com,NULL,NULL,0,0,NULL,NULL,male,45,"1975-02-06 01:00:00",en_US,NULL,NULL,archived,NULL,0,6,0,NULL,87,35,55,700,"2020-08-22 18:31:08","2020-08-24 22:54:51",NULL,1,1,0,0,1,0,1,1240603,NULL,0,NULL,0,0,NULL,1,7,0,36,95,0,NULL,NULL,NULL,NULL,0,NULL,NULL
1052105,NULL,LSbeCgjmGUWqC1WDT9EZmNIVerE3,NULL,Phone,NULL,"Elizabeth stears",stears,elizabethsunhine200@gmail.com,NG,NULL,6.67668,3.37119,"2020-08-26 21:34:54",NULL,female,34,"1985-09-30 00:00:00",en_US,NULL,NULL,archived,NULL,0,6,1,NULL,86,24,44,600,"2020-08-26 21:21:54","2020-08-27 17:28:24",NULL,1,1,1,0,1,0,0,1250405,NULL,0,NULL,0,0,NULL,2,7,0,36,95,1,NULL,"Ogun State",Nigeria,NG,0,NULL,NULL
1054282,3259130684179724,NULL,NULL,NULL,NULL,Mazi,Samuel,samuel_adibe@yahoo.com,"Lagos, NG",NULL,6.47965,3.17442,"2020-08-29 08:04:30",NULL,male,31,"1989-07-15 03:00:00",en_US,NULL,NULL,archived,NULL,0,5,0,NULL,39,30,52,700,"2020-08-28 20:07:42","2020-08-29 14:57:55",NULL,1,1,0,0,0,0,1,1250405,NULL,0,NULL,0,0,NULL,1,7,0,36,95,0,Lagos,Lagos,Nigeria,NG,0,NULL,NULL
1054378,NULL,rEZxVNB7UkPhYUjnm9ciZ5qpoKE3,NULL,Phone,NULL,Tyrese,Peterson,marktyrese68@gmail.com,"Coquimbo, CL",NULL,-29.9523,-71.2982,"2020-08-28 21:53:57",NULL,male,43,"1976-08-31 00:00:00",en_US,NULL,NULL,archived,NULL,0,5,11,NULL,84,18,54,400,"2020-08-28 21:48:16","2020-08-29 17:29:54",NULL,1,1,1,0,1,0,0,1250405,NULL,0,NULL,0,0,NULL,1,7,0,36,95,0,Coquimbo,Coquimbo,Chile,CL,0,NULL,NULL
1058588,NULL,yf8oBwIs6MfwnfJmBWG4bOf7xgP2,NULL,Phone,NULL,"George morrison ","morrison ",goergemorrison88@gmail.com,NULL,NULL,NULL,NULL,NULL,NULL,male,49,"1971-09-01 01:00:00",en_GB,NULL,NULL,archived,NULL,0,4,0,NULL,50,39,59,400,"2020-09-01 02:54:51","2020-09-01 21:56:07",NULL,1,1,1,0,1,0,0,1250501,NULL,0,NULL,0,0,NULL,1,7,0,36,95,0,NULL,NULL,NULL,NULL,0,NULL,NULL
1059963,NULL,f9ACgfK0adQ8ALD9Kp8tamvoO1J2,NULL,Phone,NULL,Nathan,Fair,richardfair746@gmail.com,NULL,NULL,NULL,NULL,"2020-09-06 14:53:44",NULL,male,48,NULL,NULL,NULL,NULL,deleted,NULL,0,NULL,NULL,NULL,84,NULL,NULL,400,"2020-09-02 09:35:42","2020-09-06 14:54:44","2020-09-06 14:54:44",1,1,1,0,1,0,0,1250501,NULL,0,NULL,0,0,NULL,1,5,0,36,95,0,NULL,NULL,NULL,NULL,0,NULL,NULL
1060044,NULL,vnn82zxzB8RvAy4rwIlwlohLBpM2,NULL,Phone,NULL,"wilson thomson",jeff,wilsonthomson44@gmail.com,"Dallas, Texas",NULL,32.7791,-96.8003,"2020-09-03 05:49:15",Dallas,male,42,"1978-09-02 02:00:00",en_US,"Dallas ","Military man",archived,NULL,0,7,11,Dallas,88,34,57,400,"2020-09-02 13:31:21","2020-09-03 05:49:15",NULL,1,1,1,0,1,0,0,1250501,NULL,0,NULL,0,0,NULL,1,7,0,36,95,0,Dallas,Texas,"United States",US,0,NULL,NULL
1060741,NULL,Dn3yhfCtXcMu3NQYjteSooa7tFf1,NULL,Phone,NULL,"Mai Linda",Linda,mailinda596@gmail.com,NULL,NULL,NULL,NULL,NULL,NULL,female,28,"1992-03-05 00:00:00",en_US,NULL,NULL,archived,NULL,0,5,0,NULL,89,18,38,200,"2020-09-03 02:40:07","2020-09-04 17:28:21",NULL,1,1,1,0,1,0,0,1250501,NULL,0,NULL,0,0,NULL,2,7,0,36,95,0,NULL,NULL,NULL,NULL,0,NULL,NULL
1061173,NULL,l0JAiQY99vNSywhTidF5DqxjJSz2,NULL,phone,NULL,Matt,cliton,lolliepopaugustine@gmail.com,NULL,NULL,NULL,NULL,"2020-11-14 04:25:53",NULL,male,38,NULL,NULL,NULL,NULL,deleted,NULL,0,NULL,NULL,NULL,84,NULL,NULL,174,"2020-09-03 13:21:41","2020-11-14 04:27:08","2020-11-14 04:27:08",1,1,1,0,1,0,0,1270602,NULL,0,NULL,0,0,NULL,1,5,0,36,95,0,NULL,NULL,NULL,NULL,0,NULL,NULL
1064439,NULL,BjwuUtVHd1OVmTL2kg5q5VpTaG62,NULL,Phone,NULL,Anne,Lehnhardt,annem.lehnhardt@gmail.com,"Kwashieman, GH",NULL,5.59683,-0.266145,"2020-09-06 10:06:34",NULL,female,37,"1983-02-23 00:00:00",en_GB,NULL,NULL,archived,NULL,0,4,3,NULL,50,27,47,400,"2020-09-06 09:55:43","2020-09-07 22:42:01",NULL,1,1,1,0,1,0,0,1250501,NULL,0,NULL,0,0,NULL,2,7,0,36,95,0,Kwashieman,"Greater Accra Region",Ghana,GH,0,NULL,NULL
1066334,210585453744661,NULL,NULL,NULL,NULL,Achak,Zebedee,Williamsmith124566@gmail.com,NULL,NULL,0,0,NULL,NULL,male,46,"1974-05-16 01:00:00",en_NG,NULL,NULL,archived,NULL,0,4,6,NULL,100,36,56,400,"2020-09-07 22:48:01","2020-09-11 23:27:17",NULL,1,1,0,0,0,0,0,1250501,NULL,0,NULL,0,0,NULL,1,7,0,36,95,0,NULL,NULL,NULL,NULL,0,NULL,NULL
1067183,106361234542646,NULL,NULL,NULL,NULL,Steven,Frank,victorsteven287@gmail.com,"Ado Ekiti, NG",NULL,7.61232,5.20868,"2020-09-09 10:03:30",NULL,male,46,"1973-10-10 02:00:00",en_US,NULL,NULL,archived,NULL,0,6,7,NULL,50,44,65,700,"2020-09-08 13:55:39","2020-09-09 10:03:30",NULL,1,1,0,0,0,0,1,1250501,NULL,0,NULL,0,0,NULL,1,7,0,36,95,0,"Ado Ekiti",Ekiti,Nigeria,NG,0,NULL,NULL
1067607,NULL,xdjIFyUgXIQvBAxGkOb2YZJe6WB2,NULL,phone,NULL,Mark,Cole,luck80032@gmail.com,NULL,NULL,NULL,NULL,"2020-09-15 23:23:37",NULL,male,64,NULL,NULL,NULL,NULL,deleted,NULL,0,NULL,NULL,NULL,86,NULL,NULL,700,"2020-09-08 22:26:01","2020-09-15 23:23:48","2020-09-15 23:23:48",1,1,1,0,1,0,1,1260206,NULL,0,NULL,0,0,NULL,1,5,0,36,95,0,NULL,NULL,NULL,NULL,0,NULL,NULL
1068655,NULL,HMRUPP7QsqRihQBLuWtWupPifTF3,NULL,Phone,NULL,bella,"Melendez ",da4564my@gmail.com,NULL,NULL,NULL,NULL,NULL,NULL,female,43,"1977-08-03 00:00:00",en_US,NULL,NULL,archived,NULL,0,6,0,NULL,100,33,53,400,"2020-09-09 19:50:15","2020-09-09 19:57:32",NULL,1,1,1,0,1,0,0,1250501,NULL,0,NULL,0,0,NULL,2,7,0,36,95,0,NULL,NULL,NULL,NULL,0,NULL,NULL
1069430,102811568237548,NULL,NULL,NULL,NULL,William,Scott,williamscott2k9@gmail.com,NULL,NULL,0,0,NULL,NULL,male,50,"1970-04-27 04:00:00",en_US,NULL,NULL,archived,NULL,0,7,0,NULL,88,40,60,400,"2020-09-10 08:55:48","2020-09-10 21:05:02",NULL,1,1,0,0,0,0,0,1250501,NULL,0,NULL,0,0,NULL,1,7,0,36,95,0,NULL,NULL,NULL,NULL,0,NULL,NULL
1070386,113407037169673,NULL,NULL,NULL,NULL,Roland,James,gentleheart7902@gmail.com,"Adó-Èkìtì, NG",NULL,7.61451,5.21137,"2020-09-11 05:08:07",NULL,male,45,"1974-10-17 01:00:00",en_US,NULL,NULL,archived,NULL,0,6,1,NULL,82,40,65,400,"2020-09-11 04:59:27","2020-09-11 17:08:16",NULL,1,1,0,0,0,0,0,1250501,NULL,0,NULL,0,0,NULL,1,7,0,36,95,0,Adó-Èkìtì,"Ìpínlẹ̀ Èkìtì",Nigeria,NG,0,NULL,NULL
1070660,NULL,lLzbQCEdh8QNv10MQKIAoJ8Drnp1,NULL,phone,NULL,Henry,hughes,odayimicheal1@gmail.com,"Alliance, Ohio",NULL,40.9192,-81.1455,"2020-11-19 18:04:38",NULL,male,40,"1980-06-12 01:00:00",en_AU,NULL,NULL,archived,NULL,0,6,1,NULL,84,30,50,400,"2020-09-11 14:09:47","2020-11-19 18:04:38",NULL,1,1,1,0,1,0,0,1280303,NULL,0,NULL,0,0,NULL,1,7,0,36,95,0,Alliance,Ohio,"United States",US,0,NULL,NULL
1070781,NULL,EcnyvvG7y6YEGfkCjrQmSVQox3v1,NULL,facebook,<24e7c1e031832b6d5e6ba98df643788f88ca74ffe149c0de402ef1ec4394d0a1>,Frank,John,lisaengc@gmail.com,"Palo Alto, CA",NULL,37.4443,-122.16,"2020-09-11 21:31:35",NULL,male,46,"1974-01-17 00:00:00",en-NG,NULL,NULL,archived,NULL,0,5,10,NULL,50,36,56,400,"2020-09-11 18:37:37","2020-09-11 21:31:35",NULL,1,1,1,1,1,0,0,3.81,NULL,0,NULL,0,0,NULL,1,7,0,NULL,NULL,0,"Palo Alto",CA,"United States",US,0,NULL,NULL
1075372,NULL,EyLu5W4ojsO78JrQzfozVgqm9sx1,NULL,Phone,NULL,"Carter ",Salinas,salinasgrinfin@gmail.com,"Houston, Texas",NULL,29.7604,-95.3698,"2020-09-16 18:23:28",Germany,male,38,"1981-09-18 01:00:00",en_US,NULL,Engineer,archived,NULL,0,5,7,NULL,90,42,65,600,"2020-09-15 11:26:21","2020-09-16 18:23:28",NULL,1,1,1,0,1,0,0,1250501,NULL,0,NULL,0,0,NULL,1,7,0,36,95,1,Houston,Texas,"United States",US,0,NULL,NULL
1075537,NULL,xVJNyDsqyHWOICi6mPaaMAcDaW53,NULL,phone,<328a1bfedcba11a8f64595c1485329933300afff273a9255436c09e56432b9af>),Anna,Park,Annpak77@gmail.com,NULL,NULL,NULL,NULL,NULL,NULL,female,33,"1987-03-18 00:00:00",NULL,NULL,NULL,archived,NULL,0,5,10,NULL,14,23,43,400,"2020-09-15 18:14:22","2020-09-16 00:05:33",NULL,1,1,1,0,1,0,1,NULL,NULL,0,NULL,0,0,0,2,7,0,NULL,NULL,0,NULL,NULL,NULL,NULL,0,NULL,NULL
1076344,NULL,C7EnIGKLmDZkNxeOAinDsW0MOeq1,NULL,Phone,NULL,David,Dosu,dosudavid0@gmail.com,"Dodowa, GH",NULL,5.88617,-0.0995825,"2020-11-04 05:50:13",Accra,male,29,"1990-12-21 00:00:00",en_US,"S hs",Painter,archived,NULL,0,5,5,"Looking love",51,53,65,700,"2020-09-16 12:19:50","2020-11-04 05:50:13",NULL,1,1,1,0,1,1,1,1240603,NULL,0,NULL,0,0,NULL,1,7,0,36,95,0,Dodowa,"Eastern Region",Ghana,GH,0,NULL,NULL
1076899,NULL,LbykU2Q6UJNIJFgfdmwijriNzRM2,NULL,phone,NULL,Susan,smith,susansmiths2704@gmail.com,NULL,NULL,NULL,NULL,NULL,NULL,female,21,"1999-07-14 00:00:00",en_US,NULL,NULL,archived,NULL,0,4,4,NULL,90,18,31,200,"2020-09-17 01:55:04","2020-09-23 05:10:17",NULL,1,1,1,0,1,0,0,1260206,NULL,0,NULL,0,0,NULL,2,7,0,36,95,0,NULL,NULL,NULL,NULL,0,NULL,NULL
1076921,NULL,AvaItPhhBkhaNjjkcSlM6iV0yB12,NULL,phone,NULL,"Daniel ","Moore ",mooredaniel305@gmail.com,"Lagos, NG",NULL,6.49883,3.17029,"2020-09-17 03:03:44","Illinois Chicago ",male,45,"1975-06-20 02:00:00",en_AU,"Methodist ","Contractor ",archived,NULL,0,4,0,Church,60,18,40,621,"2020-09-17 02:12:55","2020-09-22 22:03:36",NULL,1,1,1,0,1,0,1,1260301,NULL,0,NULL,0,0,NULL,1,7,0,36,84,0,Lagos,Lagos,Nigeria,NG,0,NULL,NULL
1077043,NULL,4VfoBemRpNQf9eOYAmxh14KdBrs2,NULL,phone,NULL,juliana,smith,julianasmith258@gmail.com,GH,NULL,10.9053,-0.903654,"2020-09-17 03:46:15",NULL,female,30,"1990-09-17 00:00:00",en_US,NULL,NULL,archived,NULL,0,5,1,NULL,83,20,65,700,"2020-09-17 03:40:36","2020-09-22 21:47:29",NULL,1,1,1,0,1,0,1,1260206,NULL,0,NULL,0,0,NULL,2,7,0,36,95,0,NULL,"Upper East Region",Ghana,GH,0,NULL,NULL
1080687,NULL,DapIGcpgewXAxy2BLoZKNpa0cWC2,NULL,phone,NULL,clarkferman,clark,clarkferman10@gmail.com,"Warri, NG",NULL,5.5819,5.84391,"2020-09-20 17:35:06",NULL,male,65,"1954-10-06 01:00:00",en_US,NULL,NULL,archived,NULL,0,5,2,NULL,64,43,65,76,"2020-09-20 17:29:43","2020-09-22 20:20:06",NULL,1,1,1,0,1,0,0,1260301,NULL,0,NULL,0,0,NULL,1,7,0,36,95,0,Warri,Delta,Nigeria,NG,0,NULL,NULL
1084830,NULL,J4AClRCBt0fOefn8fBsV5086x503,NULL,phone,NULL,Kendrick,Jason,kendrickjason78@gmail.com,"Atlanta, Georgia",NULL,33.7491,-84.3883,"2020-09-24 17:50:28",NULL,male,31,"1988-10-02 00:00:00",en_US,NULL,NULL,archived,NULL,0,7,2,NULL,59,18,25,600,"2020-09-24 17:32:11","2020-09-24 17:59:58",NULL,1,1,1,0,1,0,0,1260403,NULL,0,NULL,0,0,NULL,1,7,0,36,95,1,Atlanta,Georgia,"United States",US,0,NULL,NULL
1088863,NULL,EnqhKBhobnUub2JgRYyofy7Jwg82,NULL,phone,NULL,"Daylen ",Salt,dnola070@gmail.com,"Aberdeen, South Dakota",NULL,45.45,-98.5057,"2020-10-04 16:15:07",Piedmont,female,30,"1990-09-30 06:00:00",en_US,Pcos,"Proffesional make up artist and model.",archived,NULL,0,5,8,"Santiago North mission",1,20,65,700,"2020-09-28 06:09:23","2020-10-30 18:12:37",NULL,1,1,1,0,1,0,1,1260403,NULL,0,NULL,0,0,NULL,2,7,0,36,95,0,Aberdeen,"South Dakota","United States",US,0,NULL,NULL
1090813,NULL,MIfAvpkSASY0k3RCz3OA6DSOjdi1,NULL,phone,NULL,Kathy,Bruce,kathybruce182@gmail.com,"Washington, District of Columbia",NULL,38.9218,-77.0658,"2020-10-02 11:32:20","Park City Kansas",female,33,"1986-10-06 20:00:00",en_US,NULL,NULL,archived,NULL,0,5,7,NULL,87,24,65,700,"2020-09-30 10:57:43","2020-10-02 11:32:20",NULL,1,1,1,0,1,0,1,1260403,NULL,0,NULL,0,0,NULL,2,7,0,36,95,0,Washington,"District of Columbia","United States",US,0,NULL,NULL
1093859,NULL,ZjVZK4olUFfjjyOpcng7grdaBj92,NULL,facebook,NULL,Lizzy,Adiel,adiellizzy4@gmail.com,NULL,NULL,NULL,NULL,NULL,NULL,female,25,"1995-06-04 00:00:00",en_US,NULL,NULL,archived,NULL,0,5,0,NULL,7,18,35,200,"2020-10-03 16:54:45","2020-10-14 17:20:39",NULL,1,1,1,0,1,0,0,1260403,NULL,0,NULL,0,0,NULL,2,7,0,36,95,0,NULL,NULL,NULL,NULL,0,NULL,NULL
1096274,NULL,Is2g4BihcVbnGSaZQFy05jmxpuZ2,NULL,facebook,NULL,Blu,Bird,blueebirdd007@gmail.com,"Karachi, PK",NULL,24.842,67.0396,"2020-10-06 14:13:08",NULL,male,35,"1985-05-30 05:00:00",en_US,NULL,NULL,archived,NULL,0,5,10,"Hi my w.app num is +13219991767",68,25,45,400,"2020-10-05 14:32:33","2020-10-06 16:55:31",NULL,1,1,1,0,1,0,0,1260403,NULL,0,NULL,0,0,NULL,1,7,0,36,95,0,Karachi,Sindh,Pakistan,PK,0,NULL,NULL
1098292,NULL,A5cJL6dhbgV3FCTQP4vuylahHBB2,NULL,phone,NULL,Theresa,taylor,betharris6@gmail.com,NULL,NULL,NULL,NULL,NULL,NULL,female,34,"1985-11-22 00:00:00",en_US,NULL,NULL,archived,NULL,0,5,0,NULL,50,24,44,400,"2020-10-07 16:34:01","2020-10-07 19:14:14",NULL,1,1,1,0,1,0,0,NULL,NULL,0,NULL,0,0,NULL,2,7,0,36,95,0,NULL,NULL,NULL,NULL,0,NULL,NULL
1098632,NULL,4VotOjX6U0fLdujUylxIpK09UnE3,NULL,phone,NULL,kattie,dobbins,hamobi4@gmail.com,"Dallas, Texas",NULL,32.7762,-96.7969,"2020-10-18 01:04:01",NULL,female,38,"1982-02-15 06:00:00",en_US,NULL,NULL,archived,NULL,0,5,8,NULL,81,48,65,600,"2020-10-08 00:39:56","2020-10-18 01:04:01",NULL,1,1,1,0,1,0,0,1260403,NULL,0,NULL,0,0,NULL,2,7,0,36,95,1,Dallas,Texas,"United States",US,0,NULL,NULL
1099411,NULL,yKVJ71KFf9XWdx1FtGevDdKKCrH3,NULL,phone,NULL,sandar,alxe,sandaralxe706@gmail.com,NULL,NULL,NULL,NULL,NULL,NULL,female,31,"1989-10-01 00:00:00",en_GB,NULL,NULL,archived,NULL,0,4,11,NULL,50,21,41,400,"2020-10-08 21:04:08","2020-10-08 21:15:06",NULL,1,1,1,0,1,0,0,1260403,NULL,0,NULL,0,0,NULL,2,7,0,36,95,0,NULL,NULL,NULL,NULL,0,NULL,NULL
1100536,NULL,NmGFwnm2jGc0ho6kxgf9VEwK8xr1,NULL,phone,<760201746aa3654061ae7bb8827b4fa2b126d20f88dea3cc5843f666e4cc7d87>,Isabella,Michel,Abigaillee1k@gmail.com,Ghana,NULL,6.9404,-1.48954,"2020-11-26 23:55:51",NULL,female,38,"1982-10-04 00:00:00",en-GH,NULL,NULL,archived,NULL,0,5,6,NULL,99,36,65,400,"2020-10-10 01:24:11","2020-11-26 23:55:51",NULL,1,1,1,0,1,0,0,3.86,NULL,0,NULL,0,0,NULL,2,7,0,NULL,NULL,1,,Ashanti,Ghana,GH,0,NULL,NULL
1101048,NULL,ihgHgvGxbBbookpEtRuixYz5B3t2,NULL,phone,NULL,gaines,charlotte,gainescharlotte48@gmail.com,NULL,NULL,NULL,NULL,"2020-10-10 15:52:06",NULL,female,37,NULL,NULL,NULL,NULL,deleted,NULL,0,NULL,NULL,NULL,90,NULL,NULL,600,"2020-10-10 15:30:51","2020-10-25 15:03:31","2020-10-25 15:03:31",1,1,1,0,1,1,0,1260602,NULL,0,NULL,0,0,NULL,2,5,0,36,95,1,NULL,NULL,NULL,NULL,0,NULL,NULL
1104970,NULL,X7V8M0pFrQMyVwVFO6w9JxAQCBZ2,NULL,phone,<953cb3f45e9a6c0d9da873f278a573d94a2eae9d47769b918e246561445dbff4>,Charles,Marcelo,Thomascharles1011@gmail.com,"Clayton, ID",NULL,44.0682,-114.742,"2020-11-11 08:11:11",,male,36,"1984-11-10 00:00:00",en-US,,MVM,archived,NULL,0,6,4,,99,36,63,496,"2020-10-14 14:51:56","2020-11-11 08:11:22",NULL,1,1,1,1,1,0,0,3.82,NULL,0,NULL,0,0,NULL,1,7,0,NULL,NULL,0,Clayton,ID,"United States",US,0,NULL,NULL
1107798,NULL,A47f6t9WQSbkpHeqD5zDdpCpy893,NULL,phone,NULL,Nicolas,Gale,nicolasgale884@gmail.com,NULL,NULL,NULL,NULL,"2020-10-23 14:35:28",NULL,male,53,NULL,NULL,NULL,NULL,deleted,NULL,0,NULL,NULL,NULL,100,NULL,NULL,700,"2020-10-18 00:49:05","2020-10-26 12:16:26","2020-10-26 12:16:26",1,1,1,0,1,0,1,1270401,NULL,0,NULL,0,0,NULL,1,5,0,36,95,0,NULL,NULL,NULL,NULL,0,NULL,NULL
1111819,NULL,JP0dvuH61zObqTSWig7aKXiJKTm1,NULL,phone,NULL,Michelle,"Jennifer ",Michellejennifer7001@gmail.com,"Seattle, Washington",NULL,47.6076,-122.335,"2020-10-22 16:34:30",NULL,female,35,"1985-08-12 00:00:00",en_US,NULL,NULL,archived,NULL,0,5,11,NULL,100,25,63,600,"2020-10-22 16:04:00","2020-10-27 21:00:37",NULL,1,1,1,0,1,0,0,1260602,NULL,0,NULL,0,0,NULL,2,7,0,36,95,1,Seattle,Washington,"United States",US,0,NULL,NULL
1112498,NULL,ha85ntPvl9Sx2BnAXM8rYo01uYm1,NULL,phone,<6838fec36bce1560cf3e6721c535f70abd7a5c59654403cc468373bf5bb2237f>,Eden,Watson,Jrminister101@yahoo.com,"Bucyrus, OH",NULL,40.799,-83.0093,"2020-11-10 13:50:36","Belgium ",male,58,"1962-04-05 00:00:00",en-US,,"Engineer ",archived,NULL,0,6,2,,50,47,65,400,"2020-10-23 09:59:20","2020-11-10 17:22:42",NULL,1,1,1,1,1,0,1,3.90,NULL,0,NULL,0,0,NULL,1,7,0,NULL,NULL,0,Bucyrus,OH,"United States",US,0,NULL,NULL
1112641,NULL,6HIctTTRQofRPB6gajdLXLJvw542,NULL,phone,NULL,Alexander,Owen,markwilson85661@gmail.com,NULL,NULL,NULL,NULL,"2020-10-23 23:36:24",NULL,male,57,NULL,NULL,NULL,NULL,deleted,NULL,0,NULL,NULL,NULL,51,NULL,NULL,400,"2020-10-23 17:08:23","2020-10-23 23:37:06","2020-10-23 23:37:06",1,1,1,1,1,0,0,3.85,NULL,0,NULL,0,0,NULL,1,5,0,NULL,NULL,0,NULL,NULL,NULL,NULL,0,NULL,NULL
1115303,NULL,hse94Ez3aeVraQiKnddJWVwIyJj2,NULL,phone,NULL,"John smith",Smith,ricardogary06@gmail.com,NULL,NULL,NULL,NULL,"2020-11-07 23:31:09",NULL,male,62,NULL,NULL,NULL,NULL,deleted,NULL,0,NULL,NULL,NULL,85,NULL,NULL,489,"2020-10-26 09:54:18","2020-11-07 23:32:22","2020-11-07 23:32:22",1,1,1,0,1,0,0,1260403,NULL,0,NULL,0,0,NULL,1,5,1,36,95,0,NULL,NULL,NULL,NULL,0,NULL,NULL
1122567,NULL,jAADBZT0aBUG9tE7QxhMSy3kqT23,NULL,phone,NULL,Mandela,Sandra,mandelasandra111@gmail.com,"Osogbo, NG",NULL,7.74694,4.56643,"2020-11-03 16:32:01",NULL,female,30,"1990-08-08 00:00:00",en_US,NULL,NULL,archived,NULL,0,5,3,NULL,55,20,40,400,"2020-11-03 16:14:42","2020-11-03 17:01:23",NULL,1,1,1,0,1,0,0,1270602,NULL,0,NULL,0,0,NULL,2,7,0,36,95,0,Osogbo,Osun,Nigeria,NG,0,NULL,NULL
1123104,NULL,ekEyWx7MYwMuGtaFLvUNHCwpqSD2,NULL,phone,NULL,"Henderson ","Smith ",hendersons132@gmail.com,"Independence, Kansas",NULL,37.091,-95.7109,"2020-11-04 10:15:40",NULL,male,42,"1978-10-10 01:00:00",en_NG,NULL,NULL,archived,NULL,0,4,0,NULL,84,32,52,400,"2020-11-04 05:10:39","2020-11-04 17:37:46",NULL,1,1,1,0,1,0,0,1260403,NULL,0,NULL,0,0,NULL,1,7,0,36,95,0,Independence,Kansas,"United States",US,0,NULL,NULL
1125548,NULL,6QvO68DGzqbOgJnETzEwCg8GdoI2,NULL,phone,NULL,"Micheal ","Micheal ",jamesmicheal90100@gmail.com,"Melbourne, Iowa",NULL,41.8794,-93.0978,"2020-11-07 09:09:01",NULL,male,46,"1974-05-08 00:00:00",en_US,NULL,NULL,archived,NULL,0,6,3,NULL,87,39,65,400,"2020-11-07 08:56:35","2020-11-12 19:57:59",NULL,1,1,1,0,1,0,0,1280201,NULL,0,NULL,0,0,NULL,1,7,0,36,95,0,Melbourne,Iowa,"United States",US,0,NULL,NULL
1125763,NULL,cCAGt0aVOAQo5L49Xt3iuiedfjm2,NULL,phone,<0826f61f51911fddfcc326dfcb8bf744c81822e8983ade4769c5ccd0d0090033>,Easton,Jack,paigemakenzie928@gmail.com,"San Tan Valley, AZ",NULL,33.236,-111.557,"2020-11-08 09:07:53",NULL,male,23,"1997-04-22 00:00:00",en-US,NULL,NULL,archived,NULL,0,6,2,NULL,92,18,33,200,"2020-11-07 19:39:18","2020-11-12 19:08:45",NULL,1,1,1,1,1,0,0,3.86,NULL,0,NULL,0,0,NULL,1,7,0,NULL,NULL,0,"San Tan Valley",AZ,"United States",US,0,NULL,NULL
1128562,NULL,jOVVFon7bUUrVyQsc9m3HlMCUiI2,NULL,phone,NULL,"Kate ",Alice,berryalice991@gmail.com,NULL,NULL,NULL,NULL,NULL,NULL,female,31,"1988-11-24 00:00:00",en_GB,NULL,NULL,archived,NULL,0,4,0,NULL,50,22,42,400,"2020-11-10 16:28:11","2020-11-10 18:25:48",NULL,1,1,1,0,1,0,0,1280201,NULL,0,NULL,0,0,NULL,2,7,0,36,95,0,NULL,NULL,NULL,NULL,0,NULL,NULL
1133767,NULL,taPbdRX15MPG7ZXDJ8PJ17aWBH63,NULL,Phone,NULL,"John ","Morris ",Jm761254@gmail.com,NULL,NULL,NULL,NULL,"2020-11-26 13:19:31",NULL,male,56,NULL,NULL,NULL,NULL,deleted,NULL,0,NULL,NULL,NULL,87,NULL,NULL,497,"2020-11-16 16:09:11","2020-11-26 13:20:33","2020-11-26 13:20:33",1,1,1,1,1,0,0,0.99,NULL,0,NULL,0,0,NULL,1,5,0,NULL,NULL,0,NULL,NULL,NULL,NULL,0,NULL,NULL
1135559,NULL,85J8rJ9i2aYRZnCcFwgoiOORJJ42,NULL,phone,NULL,Torres,Perry,samsontorres81@gmail.com,NULL,NULL,NULL,NULL,"2020-11-19 12:16:46",NULL,male,44,NULL,NULL,NULL,NULL,deleted,NULL,0,NULL,NULL,NULL,84,NULL,NULL,400,"2020-11-18 21:49:03","2020-11-19 12:17:35","2020-11-19 12:17:35",1,1,1,0,1,0,0,1280303,NULL,0,NULL,0,0,NULL,1,5,0,36,95,0,NULL,NULL,NULL,NULL,0,NULL,NULL
1136122,NULL,nnMXwlkK5nbX6ydWRY4XzpwfB0z1,NULL,phone,<5fb3c592f264161b6e18081c6f286044971f9bbf1917e4a150b2173fb2f7e661>,"Richard ",Micheal,Richardmicheal45@gmail.com,"Ephraim, UT",NULL,39.4277,-111.717,"2020-11-19 17:43:02",NULL,male,42,"1977-11-26 00:00:00",en-US,NULL,NULL,archived,NULL,0,6,5,NULL,96,51,52,489,"2020-11-19 14:53:51","2020-11-19 17:43:02",NULL,1,1,1,1,1,0,1,3.92,NULL,0,NULL,0,0,NULL,1,7,0,NULL,NULL,0,Ephraim,UT,"United States",US,0,NULL,NULL
1137876,NULL,eSV6BVE6qyg24g87dQyol96eFDe2,NULL,phone,NULL,Emmerich,Burnard,jkim44484@gmail.com,NG,NULL,6.19224,5.62712,"2020-11-21 23:38:58","Hamburg, Germany",male,51,"1968-12-24 00:00:00",en_US,NULL,"Surgeon Doctor",archived,NULL,0,6,9,NULL,85,41,61,700,"2020-11-21 23:22:06","2020-11-24 22:28:13",NULL,1,1,1,0,1,0,1,1280303,NULL,0,NULL,0,0,NULL,1,7,0,36,95,0,NULL,Edo,Nigeria,NG,0,NULL,NULL
1138372,NULL,8b7SEbIlVnV8XFplo6p0h5SlaJo2,NULL,Phone,NULL,stewart,menser,NULL,NG,NULL,4.96214,6.36373,"2020-11-22 09:32:19",NULL,male,21,"1999-06-17 00:00:00",en_GB,NULL,NULL,archived,NULL,0,3,11,NULL,88,18,65,50,"2020-11-22 09:23:10","2020-11-24 21:19:43",NULL,1,1,1,0,1,0,0,1210501,NULL,0,NULL,0,0,NULL,1,7,0,36,95,0,NULL,Bayelsa,Nigeria,NG,0,NULL,NULL
1138872,NULL,dvnghEV8PIZh9KnlZFWSh5dyYl22,NULL,phone,NULL,"Morales ",steven,stevenleesheppard101@gmail.com,"San Antonio, Texas",NULL,29.6261,-98.609,"2020-11-23 02:03:32",NULL,male,40,"1980-09-09 03:00:00",en_GB,NULL,NULL,archived,NULL,0,4,3,NULL,88,43,65,441,"2020-11-23 01:02:00","2020-11-23 21:24:16",NULL,1,1,1,0,1,0,0,1280303,NULL,0,NULL,0,0,NULL,1,7,0,36,84,0,"San Antonio",Texas,"United States",US,0,NULL,NULL
