id,user_id,pose_id,url,verified,created_at,deleted_at,verified_at,analyze_data
64274,3893,1,https://dqktdb1dhykn6.cloudfront.net/3893-9eR6BkaCf.jpg,1,"2020-02-09 19:24:13",NULL,"2020-02-13 03:55:38",NULL
64046,5099,2,https://dqktdb1dhykn6.cloudfront.net/5099-l8T6KM7jM.jpg,1,"2020-02-09 08:51:23",NULL,"2020-02-13 03:46:02",NULL
68336,6341,2,https://dqktdb1dhykn6.cloudfront.net/6341-iPCIxTjRk.jpg,1,"2020-02-16 15:14:50",NULL,"2020-02-20 00:52:30",NULL
64675,11031,1,https://dqktdb1dhykn6.cloudfront.net/11031-HgUC23bzx.jpg,1,"2020-02-10 02:02:53",NULL,"2020-02-13 04:25:24",NULL
39587,18982,2,https://dqktdb1dhykn6.cloudfront.net/18982-AnOzbN4MX.jpg,1,"2020-01-05 18:42:05",NULL,"2020-01-07 03:45:34",NULL
152250,26269,2,https://dqktdb1dhykn6.cloudfront.net/26269-9k2FwpbjN.image/jpeg,1,"2020-06-12 00:46:51",NULL,"2020-06-12 21:26:44",NULL
38930,27089,1,https://dqktdb1dhykn6.cloudfront.net/27089-hOZDs9co1.jpg,1,"2020-01-04 19:05:39",NULL,"2020-01-06 23:10:46",NULL
42083,29793,2,https://dqktdb1dhykn6.cloudfront.net/29793-2xIRrKtsf.jpg,1,"2020-01-09 17:20:48",NULL,"2020-01-10 15:40:00",NULL
46249,32394,1,https://dqktdb1dhykn6.cloudfront.net/32394-pcHQDLphF.jpg,1,"2020-01-16 01:14:49",NULL,"2020-01-16 04:01:46",NULL
81499,33347,2,https://dqktdb1dhykn6.cloudfront.net/33347-z8q8rzQo7.jpg,1,"2020-03-08 18:26:06",NULL,"2020-03-10 05:18:33",NULL
83241,39424,2,https://dqktdb1dhykn6.cloudfront.net/39424-5aSF800CN.jpg,1,"2020-03-11 19:06:46",NULL,"2020-03-12 02:59:24",NULL
172788,43273,1,https://dqktdb1dhykn6.cloudfront.net/43273-FqlK3S0Mm.image/jpeg,1,"2020-07-03 02:41:00",NULL,"2020-07-03 16:36:00",NULL
202960,44413,2,https://dqktdb1dhykn6.cloudfront.net/44413-O6BiJ7wiR.image/jpg,1,"2020-08-10 15:16:32",NULL,"2020-08-11 22:01:56",NULL
8916,45056,1,https://dqktdb1dhykn6.cloudfront.net/45056-04KPOxeTI.jpg,0,"2019-11-09 04:47:33","2019-11-09 04:58:12","2019-11-09 04:58:12",NULL
8917,45056,1,https://dqktdb1dhykn6.cloudfront.net/45056-HQa6gmtbY.jpg,0,"2019-11-09 04:47:50","2019-11-09 04:58:14","2019-11-09 04:58:14",NULL
8918,45056,1,https://dqktdb1dhykn6.cloudfront.net/45056-oxvQUriEh.jpg,1,"2019-11-09 04:48:05",NULL,"2019-11-09 04:58:35",NULL
147864,51220,2,https://dqktdb1dhykn6.cloudfront.net/51220-XkoxGvLUk.image/jpg,1,"2020-06-09 04:16:12",NULL,"2020-06-10 14:49:19",NULL
159246,53469,2,https://dqktdb1dhykn6.cloudfront.net/53469-vS7Ko6Wcw.image/jpeg,1,"2020-06-17 18:13:22",NULL,"2020-06-19 19:05:48",NULL
173266,53759,1,https://dqktdb1dhykn6.cloudfront.net/53759-AcKTAJC5c.image/jpg,1,"2020-07-03 20:11:31",NULL,"2020-07-04 02:09:56",NULL
147867,55855,2,https://dqktdb1dhykn6.cloudfront.net/55855-QBbFoMbep.image/jpeg,1,"2020-06-09 04:18:40",NULL,"2020-06-10 14:49:25",NULL
241350,57242,2,https://dqktdb1dhykn6.cloudfront.net/57242-dyfx4xd70.image/jpeg,1,"2020-09-04 05:26:18",NULL,"2020-09-08 21:54:49",NULL
161847,61785,2,https://dqktdb1dhykn6.cloudfront.net/61785-w2K2ME3T5.image/jpeg,1,"2020-06-20 06:08:01",NULL,"2020-06-23 20:49:00",NULL
65410,63266,1,https://dqktdb1dhykn6.cloudfront.net/63266-8jjeKkLhM.jpg,1,"2020-02-11 00:46:16",NULL,"2020-02-14 04:35:53",NULL
167179,66250,2,https://dqktdb1dhykn6.cloudfront.net/66250-jSS040vE8.image/jpeg,1,"2020-06-26 01:39:26",NULL,"2020-06-26 19:07:18",NULL
148056,76120,1,https://dqktdb1dhykn6.cloudfront.net/76120-RlAcndXOG.image/jpg,1,"2020-06-09 06:09:52",NULL,"2020-06-10 14:55:18",NULL
72639,77367,1,https://dqktdb1dhykn6.cloudfront.net/77367-XAAywMzC3.jpg,1,"2020-02-23 03:05:21",NULL,"2020-02-24 16:47:34",NULL
48602,82423,2,https://dqktdb1dhykn6.cloudfront.net/82423-Z57BjSRcJ.jpg,1,"2020-01-19 21:24:07",NULL,"2020-01-23 18:13:00",NULL
143355,82846,2,https://dqktdb1dhykn6.cloudfront.net/82846-7qI0jnUx0.image/jpeg,1,"2020-06-05 05:16:39",NULL,"2020-06-05 22:10:48",NULL
61047,83480,2,https://dqktdb1dhykn6.cloudfront.net/83480-yXyMFriFE.jpg,1,"2020-02-05 02:41:39",NULL,"2020-02-08 17:19:24",NULL
304302,83480,2,https://dqktdb1dhykn6.cloudfront.net/83480-ZEyu84P36.image/jpg,1,"2020-11-06 05:14:07",NULL,"2020-11-11 22:33:37",NULL
71417,84422,2,https://dqktdb1dhykn6.cloudfront.net/84422-RXsZ4RL8M.jpg,1,"2020-02-21 06:20:53",NULL,"2020-02-21 20:57:09",NULL
368273,84422,2,https://dqktdb1dhykn6.cloudfront.net/84422-80ZNCqW7W.image/jpeg,1,"2021-01-30 05:56:52",NULL,"2021-02-03 18:22:22",NULL
105295,85856,2,https://dqktdb1dhykn6.cloudfront.net/85856-GwH6iF1gK.image/jpeg,1,"2020-04-13 19:48:25",NULL,"2020-04-20 00:08:28",NULL
106523,92870,2,https://dqktdb1dhykn6.cloudfront.net/92870-u7JrUZYEy.image/jpeg,1,"2020-04-15 07:17:34",NULL,"2020-04-20 05:45:43",NULL
84889,93890,2,https://dqktdb1dhykn6.cloudfront.net/93890-DvLoJU4RI.jpg,1,"2020-03-15 02:24:23",NULL,"2020-03-17 00:39:36",NULL
148154,95635,1,https://dqktdb1dhykn6.cloudfront.net/95635-ZBG5kw8LD.image/jpeg,1,"2020-06-09 08:40:03",NULL,"2020-06-10 14:58:27",NULL
168288,104508,1,https://dqktdb1dhykn6.cloudfront.net/104508-PKPRRqm6Z.image/jpg,0,"2020-06-27 07:15:50",NULL,NULL,NULL
255378,104508,2,https://dqktdb1dhykn6.cloudfront.net/104508-D08t5E9V6.image/jpg,1,"2020-09-11 14:20:50",NULL,"2020-09-21 19:11:22",NULL
10774,105832,1,https://dqktdb1dhykn6.cloudfront.net/105832-pXbHaTyz1.jpg,1,"2019-11-16 05:04:20",NULL,"2019-11-18 19:32:08",NULL
161729,105952,1,https://dqktdb1dhykn6.cloudfront.net/105952-7TBkGQpTy.image/jpg,0,"2020-06-20 04:21:04",NULL,NULL,NULL
257763,105952,1,https://dqktdb1dhykn6.cloudfront.net/105952-5B8asSuf2.image/jpg,0,"2020-09-13 17:35:58",NULL,NULL,NULL
1584,107855,1,https://dqktdb1dhykn6.cloudfront.net/107855-k0emWn6HW.jpg,1,"2019-09-27 00:31:36",NULL,"2019-09-28 00:40:09",NULL
259504,107855,2,https://dqktdb1dhykn6.cloudfront.net/107855-jnnw1pNuj.image/jpeg,1,"2020-09-15 01:31:06",NULL,"2020-09-22 17:59:21",NULL
194777,111452,1,https://dqktdb1dhykn6.cloudfront.net/111452-9neUMOZ3J.image/jpg,1,"2020-07-31 02:39:02",NULL,"2020-07-31 02:47:58",NULL
194987,117213,1,https://dqktdb1dhykn6.cloudfront.net/117213-iYNH9Z1wg.image/jpeg,0,"2020-07-31 07:53:52",NULL,NULL,NULL
112484,117955,2,https://dqktdb1dhykn6.cloudfront.net/117955-fFOcNjoMF.image/jpeg,1,"2020-04-23 21:09:58",NULL,"2020-04-24 23:16:09",NULL
286489,128058,1,https://dqktdb1dhykn6.cloudfront.net/128058-ioLAWmc9f.image/jpg,0,"2020-10-14 02:16:17",NULL,NULL,NULL
26970,130932,2,https://dqktdb1dhykn6.cloudfront.net/130932-ZprMOJf7V.jpg,1,"2019-12-14 02:34:04",NULL,"2019-12-17 06:35:02",NULL
58444,135127,2,https://dqktdb1dhykn6.cloudfront.net/135127-r83exL16h.jpg,1,"2020-02-02 03:15:12",NULL,"2020-02-06 04:00:23",NULL
117460,135818,2,https://dqktdb1dhykn6.cloudfront.net/135818-g7mCm4ET6.image/jpeg,1,"2020-04-30 21:45:16",NULL,"2020-05-01 18:14:29",NULL
162903,139656,2,https://dqktdb1dhykn6.cloudfront.net/139656-FFzWPbO4M.image/jpeg,1,"2020-06-21 09:02:50",NULL,"2020-06-23 23:20:25",NULL
126984,140891,2,https://dqktdb1dhykn6.cloudfront.net/140891-EgqPKRsMF.image/jpeg,1,"2020-05-14 05:21:29",NULL,"2020-05-15 00:14:47",NULL
278982,143442,2,https://dqktdb1dhykn6.cloudfront.net/143442-NnY3dhIaR.image/jpeg,1,"2020-10-05 05:45:18",NULL,"2020-10-05 18:25:44",NULL
307233,143442,2,https://dqktdb1dhykn6.cloudfront.net/143442-7UYZo3efu.image/jpeg,1,"2020-11-10 00:12:01",NULL,"2020-11-16 19:38:13",NULL
167066,146346,2,https://dqktdb1dhykn6.cloudfront.net/146346-s7umyJwx5.image/jpeg,1,"2020-06-25 23:03:42",NULL,"2020-06-25 23:26:56",NULL
108411,148255,2,https://dqktdb1dhykn6.cloudfront.net/148255-g910PUQ0n.image/jpeg,1,"2020-04-18 03:39:15",NULL,"2020-04-20 07:06:11",NULL
4873,151688,1,https://dqktdb1dhykn6.cloudfront.net/151688-MVb39yjzc.jpg,0,"2019-10-16 20:32:20","2019-10-17 00:22:44","2019-10-17 00:22:44",NULL
301166,151688,2,https://dqktdb1dhykn6.cloudfront.net/151688-Cx526EdsI.image/jpeg,1,"2020-11-02 02:53:57",NULL,"2020-11-03 19:14:30",NULL
61559,152947,1,https://dqktdb1dhykn6.cloudfront.net/152947-XtrBljrpy.jpg,1,"2020-02-05 22:31:03",NULL,"2020-02-08 19:28:35",NULL
26859,154792,2,https://dqktdb1dhykn6.cloudfront.net/154792-KqEnm60Sf.jpg,1,"2019-12-14 00:09:36",NULL,"2019-12-17 06:19:45",NULL
157895,160840,1,https://dqktdb1dhykn6.cloudfront.net/160840-MgkJnZgCQ.image/jpg,0,"2020-06-16 13:57:27",NULL,NULL,NULL
95947,162622,1,https://dqktdb1dhykn6.cloudfront.net/162622-2mbeL1pKv.jpg,1,"2020-04-01 01:52:57",NULL,"2020-04-08 03:16:12",NULL
199795,166599,2,https://dqktdb1dhykn6.cloudfront.net/166599-3ZR83d2T2.image/jpg,1,"2020-08-06 18:45:33",NULL,"2020-08-06 18:50:04",NULL
143658,172824,1,https://dqktdb1dhykn6.cloudfront.net/172824-QiW9QreKN.image/jpeg,1,"2020-06-05 17:13:02",NULL,"2020-06-06 15:09:26",NULL
37319,175342,1,https://dqktdb1dhykn6.cloudfront.net/175342-P0kqfDM6k.jpg,1,"2020-01-02 00:06:58",NULL,"2020-01-04 05:07:19",NULL
85854,178655,2,https://dqktdb1dhykn6.cloudfront.net/178655-277ciOGrf.jpg,1,"2020-03-16 08:24:04",NULL,"2020-03-17 01:50:57",NULL
189002,178896,2,https://dqktdb1dhykn6.cloudfront.net/178896-vht6nJ2QA.image/jpeg,1,"2020-07-23 23:35:38",NULL,"2020-07-24 04:35:53",NULL
225206,187662,2,https://dqktdb1dhykn6.cloudfront.net/187662-HKXK6qo4j.image/jpeg,1,"2020-08-27 04:39:40",NULL,"2020-08-31 22:58:42",NULL
37435,188002,2,https://dqktdb1dhykn6.cloudfront.net/188002-HiRZTbrtu.jpg,1,"2020-01-02 03:24:33",NULL,"2020-01-04 05:24:04",NULL
25985,190667,1,https://dqktdb1dhykn6.cloudfront.net/190667-aul5mhZ65.jpg,1,"2019-12-12 18:26:51",NULL,"2019-12-13 04:24:46",NULL
62999,198531,2,https://dqktdb1dhykn6.cloudfront.net/198531-S0X6XISB2.jpg,1,"2020-02-08 02:30:01",NULL,"2020-02-12 04:29:51",NULL
27386,204362,2,https://dqktdb1dhykn6.cloudfront.net/204362-jGdDbJGkk.jpg,1,"2019-12-14 18:16:47",NULL,"2019-12-18 04:25:59",NULL
125127,206808,2,https://dqktdb1dhykn6.cloudfront.net/206808-O44KneECd.image/jpg,1,"2020-05-11 19:40:56",NULL,"2020-05-14 00:37:19",NULL
267791,206808,2,https://dqktdb1dhykn6.cloudfront.net/206808-XJsl0SFPD.image/jpg,1,"2020-09-23 19:28:06",NULL,"2020-09-23 19:48:45",NULL
60370,214947,1,https://dqktdb1dhykn6.cloudfront.net/214947-vDqtYs0tn.jpg,1,"2020-02-04 03:38:32",NULL,"2020-02-07 03:41:17",NULL
103069,218080,1,https://dqktdb1dhykn6.cloudfront.net/218080-uSq4pSZ8a.image/jpg,1,"2020-04-10 17:53:40",NULL,"2020-04-18 17:09:18",NULL
69862,218531,2,https://dqktdb1dhykn6.cloudfront.net/218531-alivhA3fu.jpg,1,"2020-02-18 23:46:23",NULL,"2020-02-20 21:56:18",NULL
149721,220531,2,https://dqktdb1dhykn6.cloudfront.net/220531-A9VbDVJpe.image/jpeg,0,"2020-06-10 03:59:13",NULL,NULL,NULL
149723,220531,2,https://dqktdb1dhykn6.cloudfront.net/220531-Qmn6RyJYK.image/jpeg,0,"2020-06-10 04:00:55",NULL,NULL,NULL
22193,223917,2,https://dqktdb1dhykn6.cloudfront.net/223917-wNaEqKOoT.jpg,1,"2019-12-05 19:06:03",NULL,"2019-12-10 01:46:00",NULL
372650,223917,2,https://dqktdb1dhykn6.cloudfront.net/223917-dy5rfM3UX.image/jpeg,1,"2021-02-05 02:30:51",NULL,"2021-02-09 22:24:15",NULL
443,235423,1,https://dqktdb1dhykn6.cloudfront.net/235423-1BlEdzfRz.jpg,1,"2019-09-18 03:20:42",NULL,"2019-09-19 06:28:04",NULL
27068,251730,1,https://dqktdb1dhykn6.cloudfront.net/251730-6M8pUE2w5.jpg,1,"2019-12-14 04:21:49",NULL,"2019-12-18 03:30:15",NULL
30775,253477,2,https://dqktdb1dhykn6.cloudfront.net/253477-qIShpEfg4.jpg,1,"2019-12-20 04:19:26",NULL,"2019-12-28 03:49:37",NULL
125751,266861,1,https://dqktdb1dhykn6.cloudfront.net/266861-Hv9DiZuYS.image/jpg,0,"2020-05-12 15:45:41",NULL,NULL,NULL
351186,266861,1,https://dqktdb1dhykn6.cloudfront.net/266861-RlgZ55D8c.image/jpg,0,"2021-01-08 20:42:45",NULL,NULL,NULL
9929,273587,1,https://dqktdb1dhykn6.cloudfront.net/273587-2q12LPFqV.jpg,1,"2019-11-12 22:10:41",NULL,"2019-11-13 01:42:12",NULL
20259,274085,1,https://dqktdb1dhykn6.cloudfront.net/274085-DhbmJrqZa.jpg,1,"2019-12-02 07:53:40",NULL,"2019-12-07 03:59:40",NULL
155112,277804,1,https://dqktdb1dhykn6.cloudfront.net/277804-K3joJ2YK7.image/jpeg,1,"2020-06-14 14:57:18",NULL,"2020-06-16 18:17:23",NULL
152104,280449,1,https://dqktdb1dhykn6.cloudfront.net/280449-Tn616Vkpp.image/jpeg,0,"2020-06-11 22:35:39",NULL,NULL,NULL
200100,281129,2,https://dqktdb1dhykn6.cloudfront.net/281129-lVFDQCt66.image/jpeg,1,"2020-08-07 02:31:24",NULL,"2020-08-07 14:32:53",NULL
24502,285303,1,https://dqktdb1dhykn6.cloudfront.net/285303-dn4wK7NJ3.jpg,1,"2019-12-09 21:11:22",NULL,"2019-12-12 00:45:21",NULL
50851,292488,2,https://dqktdb1dhykn6.cloudfront.net/292488-8SddoATPO.jpg,1,"2020-01-22 22:48:02",NULL,"2020-01-25 04:36:33",NULL
265482,299307,2,https://dqktdb1dhykn6.cloudfront.net/299307-R34UFZsIN.image/jpeg,1,"2020-09-21 03:55:34",NULL,"2020-09-23 17:14:29",NULL
146790,303123,1,https://dqktdb1dhykn6.cloudfront.net/303123-JrHCifhDk.image/jpg,1,"2020-06-08 05:31:54",NULL,"2020-06-10 13:57:23",NULL
149453,303144,1,https://dqktdb1dhykn6.cloudfront.net/303144-H3gC8n76W.image/jpeg,1,"2020-06-10 01:56:21",NULL,"2020-06-10 15:38:43",NULL
45515,323037,2,https://dqktdb1dhykn6.cloudfront.net/323037-3iaV4mKko.jpg,1,"2020-01-14 18:13:55",NULL,"2020-01-16 03:11:25",NULL
276875,323280,1,https://dqktdb1dhykn6.cloudfront.net/323280-MJG9ISLL4.image/jpg,0,"2020-10-03 16:16:21",NULL,NULL,NULL
40700,329594,2,https://dqktdb1dhykn6.cloudfront.net/329594-m5zsexFmE.jpg,1,"2020-01-07 05:25:24",NULL,"2020-01-08 22:34:14",NULL
40711,329594,2,https://dqktdb1dhykn6.cloudfront.net/329594-kW9QrO3R4.jpg,1,"2020-01-07 05:28:20",NULL,"2020-01-08 22:36:20",NULL
150235,338157,2,https://dqktdb1dhykn6.cloudfront.net/338157-H5V3FId42.image/jpeg,1,"2020-06-10 15:21:49",NULL,"2020-06-11 22:44:54",NULL
249563,342354,1,https://dqktdb1dhykn6.cloudfront.net/342354-K0jESe2s0.image/jpeg,1,"2020-09-08 02:02:53",NULL,"2020-09-11 20:35:43",NULL
147960,345292,2,https://dqktdb1dhykn6.cloudfront.net/345292-AycrqxgKw.image/jpg,1,"2020-06-09 05:07:23",NULL,"2020-06-10 14:51:33",NULL
80344,347752,1,https://dqktdb1dhykn6.cloudfront.net/347752-mNyu871Rf.jpg,1,"2020-03-06 20:14:08",NULL,"2020-03-06 23:23:02",NULL
269975,357798,1,https://dqktdb1dhykn6.cloudfront.net/357798-yru00Uxw4.image/jpeg,1,"2020-09-26 01:49:21",NULL,"2020-09-28 15:35:29",NULL
18566,360574,2,https://dqktdb1dhykn6.cloudfront.net/360574-9yWUB2qzH.jpg,0,"2019-11-30 07:44:11","2019-12-10 00:25:23","2019-12-10 00:25:23",NULL
301215,360574,2,https://dqktdb1dhykn6.cloudfront.net/360574-dVWiK75tJ.image/jpeg,0,"2020-11-02 03:38:12",NULL,NULL,NULL
34332,360719,1,https://dqktdb1dhykn6.cloudfront.net/360719-R2StlTtVI.jpg,1,"2019-12-27 10:46:59",NULL,"2020-01-03 00:54:45",NULL
97087,361098,1,https://dqktdb1dhykn6.cloudfront.net/361098-8AZ3hq7K5.image/jpg,1,"2020-04-02 21:30:40",NULL,"2020-04-10 22:37:15",NULL
20118,367945,2,https://dqktdb1dhykn6.cloudfront.net/367945-PEfwew8EH.jpg,1,"2019-12-02 04:58:11",NULL,"2019-12-07 03:53:27",NULL
123992,372224,2,https://dqktdb1dhykn6.cloudfront.net/372224-BfjxGZHJd.image/jpeg,1,"2020-05-10 03:31:03",NULL,"2020-05-13 00:53:39",NULL
230689,377649,2,https://dqktdb1dhykn6.cloudfront.net/377649-pXzBX1KFR.image/jpeg,1,"2020-08-30 02:16:57",NULL,"2020-09-03 15:08:36",NULL
5709,380883,1,https://dqktdb1dhykn6.cloudfront.net/380883-2LvIdIkq3.jpg,0,"2019-10-23 21:36:45","2019-10-24 02:17:42","2019-10-24 02:17:42",NULL
31273,384920,2,https://dqktdb1dhykn6.cloudfront.net/384920-N3CGIOu8U.jpg,1,"2019-12-21 05:14:05",NULL,"2019-12-28 04:29:27",NULL
155681,391074,1,https://dqktdb1dhykn6.cloudfront.net/391074-ak3CjOCL4.image/jpeg,0,"2020-06-14 23:49:55",NULL,NULL,NULL
322798,391074,2,https://dqktdb1dhykn6.cloudfront.net/391074-JfwZW3aKn.image/jpeg,0,"2020-11-30 03:14:00",NULL,NULL,NULL
144580,391506,2,https://dqktdb1dhykn6.cloudfront.net/391506-pESHE3jP7.image/jpg,0,"2020-06-06 11:43:06",NULL,NULL,NULL
41393,407267,2,https://dqktdb1dhykn6.cloudfront.net/407267-kI4utAJeI.jpg,1,"2020-01-08 08:23:27",NULL,"2020-01-09 06:55:15",NULL
260174,417546,1,https://dqktdb1dhykn6.cloudfront.net/417546-uIjDad6kh.image/jpg,0,"2020-09-15 18:50:59",NULL,NULL,NULL
5371,425266,1,https://dqktdb1dhykn6.cloudfront.net/425266-UdkFjvfte.jpg,1,"2019-10-21 00:31:13",NULL,"2019-10-22 02:17:43",NULL
38456,433836,1,https://dqktdb1dhykn6.cloudfront.net/433836-FjcyR4ahH.jpg,1,"2020-01-03 23:50:45",NULL,"2020-01-04 18:48:17",NULL
8584,442547,1,https://dqktdb1dhykn6.cloudfront.net/442547-rGVM0y7BZ.jpg,0,"2019-11-08 02:25:42","2019-11-09 00:54:29","2019-11-09 00:54:29",NULL
147097,442547,1,https://dqktdb1dhykn6.cloudfront.net/442547-KkkWYXaUA.image/jpg,1,"2020-06-08 17:20:13",NULL,"2020-06-10 14:05:25",NULL
32834,450734,1,https://dqktdb1dhykn6.cloudfront.net/450734-uBThiPcct.jpg,1,"2019-12-24 02:33:48",NULL,"2020-01-02 01:43:35",NULL
40438,454900,2,https://dqktdb1dhykn6.cloudfront.net/454900-HEJJa8T6e.jpg,1,"2020-01-06 22:27:40",NULL,"2020-01-08 21:04:20",NULL
246222,455680,1,https://dqktdb1dhykn6.cloudfront.net/455680-dYIWGzfzA.image/jpg,1,"2020-09-06 19:35:18",NULL,"2020-09-07 21:48:00",NULL
158364,458486,1,https://dqktdb1dhykn6.cloudfront.net/458486-71lLFJ4vO.image/jpg,1,"2020-06-16 23:56:20",NULL,"2020-06-19 18:37:24",NULL
100937,458853,1,https://dqktdb1dhykn6.cloudfront.net/458853-RHEclU1JE.image/jpg,1,"2020-04-07 16:29:03",NULL,"2020-04-16 04:29:11",NULL
100938,458853,1,https://dqktdb1dhykn6.cloudfront.net/458853-HfjLudILw.image/jpg,1,"2020-04-07 16:29:23",NULL,"2020-04-16 04:29:13",NULL
14274,464898,2,https://dqktdb1dhykn6.cloudfront.net/464898-7kV63gvXP.jpg,1,"2019-11-24 05:54:39",NULL,"2019-11-28 02:19:16","{""isR"":false,""rScore"":0.013968825340270996,""isAdultContent"":false,""adultScore"":0.013065551407635212,""faces"":[{""age"":28,""gender"":""Male"",""faceRectangle"":{""left"":17,""top"":549,""width"":506,""height"":506}}]}"
65817,465386,2,https://dqktdb1dhykn6.cloudfront.net/465386-5MbaPw3sx.jpg,1,"2020-02-11 16:23:52",NULL,"2020-02-14 05:03:24",NULL
20883,470677,1,https://dqktdb1dhykn6.cloudfront.net/470677-kDKhzK2OS.jpg,0,"2019-12-03 07:46:48","2019-12-07 17:53:24","2019-12-07 17:53:24",NULL
41211,470677,1,https://dqktdb1dhykn6.cloudfront.net/470677-HHDXst51u.jpg,1,"2020-01-08 03:01:26",NULL,"2020-01-09 01:30:52",NULL
265398,479916,2,https://dqktdb1dhykn6.cloudfront.net/479916-g0QbsU3gC.image/jpg,1,"2020-09-21 02:52:58",NULL,"2020-09-23 17:07:39",NULL
46110,482776,1,https://dqktdb1dhykn6.cloudfront.net/482776-fpyx756hn.jpg,1,"2020-01-15 19:36:13",NULL,"2020-01-16 03:43:49",NULL
181905,485224,2,https://dqktdb1dhykn6.cloudfront.net/485224-jtGMrggIY.image/jpg,1,"2020-07-14 06:23:53",NULL,"2020-07-14 16:09:33",NULL
5756,490506,1,https://dqktdb1dhykn6.cloudfront.net/490506-PjqQBBX6G.jpg,0,"2019-10-24 04:10:32","2019-10-26 00:31:51","2019-10-26 00:31:51",NULL
6588,490506,1,https://dqktdb1dhykn6.cloudfront.net/490506-l79ajc687.jpg,1,"2019-10-31 01:16:43",NULL,"2019-10-31 01:44:39",NULL
191411,493707,1,https://dqktdb1dhykn6.cloudfront.net/493707-0OuLnKhGZ.image/jpg,0,"2020-07-26 21:35:57",NULL,NULL,NULL
29282,503831,1,https://dqktdb1dhykn6.cloudfront.net/503831-Vsk2n51Bb.jpg,0,"2019-12-17 05:55:10","2019-12-20 05:56:29","2019-12-20 05:56:29",NULL
147776,506190,1,https://dqktdb1dhykn6.cloudfront.net/506190-jhZ50CU7k.image/jpeg,1,"2020-06-09 03:25:30",NULL,"2020-06-10 14:45:27",NULL
284519,509142,1,https://dqktdb1dhykn6.cloudfront.net/509142-h4UJX3A3N.image/jpg,1,"2020-10-11 21:06:03",NULL,"2020-10-16 18:52:37",NULL
73648,510460,1,https://dqktdb1dhykn6.cloudfront.net/510460-3r79FDXmz.jpg,1,"2020-02-24 06:15:51",NULL,"2020-02-25 06:20:28",NULL
168523,510819,1,https://dqktdb1dhykn6.cloudfront.net/510819-ykg5QepMV.image/jpg,1,"2020-06-27 19:38:43",NULL,"2020-06-30 17:47:11",NULL
77027,512058,2,https://dqktdb1dhykn6.cloudfront.net/512058-u4Y73vwQ5.jpg,1,"2020-03-01 05:07:03",NULL,"2020-03-03 01:46:57",NULL
109760,517614,1,https://dqktdb1dhykn6.cloudfront.net/517614-qFRRyp4i7.image/jpeg,0,"2020-04-20 00:23:54",NULL,NULL,NULL
109764,517614,1,https://dqktdb1dhykn6.cloudfront.net/517614-DpCPqeM9j.image/jpeg,1,"2020-04-20 00:27:54",NULL,"2020-04-20 08:28:43",NULL
155790,519659,2,https://dqktdb1dhykn6.cloudfront.net/519659-TK26eXAba.image/jpeg,1,"2020-06-15 01:14:34",NULL,"2020-06-16 18:34:13",NULL
17899,529743,2,https://dqktdb1dhykn6.cloudfront.net/529743-FcNGeQuzm.jpg,0,"2019-11-29 07:47:36","2019-12-05 02:45:30","2019-12-05 02:45:30",NULL
45072,530068,1,https://dqktdb1dhykn6.cloudfront.net/530068-sgMLTtHpU.jpg,0,"2020-01-13 23:12:01","2020-01-15 06:42:15","2020-01-15 06:42:15",NULL
65454,530439,1,https://dqktdb1dhykn6.cloudfront.net/530439-Kask4WIHj.jpg,1,"2020-02-11 02:01:53",NULL,"2020-02-14 04:41:45",NULL
238613,536183,2,https://dqktdb1dhykn6.cloudfront.net/536183-CPIWOlbqw.image/jpeg,0,"2020-09-02 22:31:44",NULL,NULL,NULL
165539,540250,2,https://dqktdb1dhykn6.cloudfront.net/540250-hLPfxNHXw.image/jpeg,1,"2020-06-24 01:01:37",NULL,"2020-06-25 00:37:10",NULL
43244,545314,2,https://dqktdb1dhykn6.cloudfront.net/545314-MrBb8wvzh.jpg,1,"2020-01-11 07:14:15",NULL,"2020-01-14 03:36:38",NULL
242088,546455,1,https://dqktdb1dhykn6.cloudfront.net/546455-PoxSSJgWx.image/jpeg,0,"2020-09-04 18:42:55",NULL,NULL,NULL
199850,547519,1,https://dqktdb1dhykn6.cloudfront.net/547519-7JZ5NJrqi.image/jpeg,1,"2020-08-06 20:16:54",NULL,"2020-08-06 22:41:07",NULL
41922,554346,1,https://dqktdb1dhykn6.cloudfront.net/554346-J21kI0eZ7.jpg,1,"2020-01-09 06:00:37",NULL,"2020-01-09 07:32:17",NULL
202155,564114,1,https://dqktdb1dhykn6.cloudfront.net/564114-gaQCsh5rg.image/jpeg,1,"2020-08-09 19:54:16",NULL,"2020-08-11 17:13:01",NULL
166570,569882,2,https://dqktdb1dhykn6.cloudfront.net/569882-Ti1NjCCWz.image/jpeg,1,"2020-06-25 04:23:50",NULL,"2020-06-25 20:19:50",NULL
46985,579507,1,https://dqktdb1dhykn6.cloudfront.net/579507-AfwpdIP1n.jpg,1,"2020-01-17 06:18:03",NULL,"2020-01-17 23:46:21",NULL
29323,579936,2,https://dqktdb1dhykn6.cloudfront.net/579936-sgkkPM6Ub.jpg,1,"2019-12-17 06:39:49",NULL,"2019-12-20 05:59:21",NULL
3634,593394,1,https://dqktdb1dhykn6.cloudfront.net/593394-ndh3H2Qjj.jpg,0,"2019-10-07 14:39:14","2019-10-08 03:52:32","2019-10-08 03:52:29",NULL
253837,593394,1,https://dqktdb1dhykn6.cloudfront.net/593394-k4x8mJ03N.image/jpeg,0,"2020-09-10 04:52:22",NULL,NULL,NULL
284386,593394,1,https://dqktdb1dhykn6.cloudfront.net/593394-UFE2832NI.image/jpeg,0,"2020-10-11 18:33:31",NULL,NULL,NULL
291319,593394,1,https://dqktdb1dhykn6.cloudfront.net/593394-eqK1RCzmt.image/jpeg,0,"2020-10-20 03:53:45",NULL,NULL,NULL
317163,593394,1,https://dqktdb1dhykn6.cloudfront.net/593394-Vyuae2G63.image/jpeg,0,"2020-11-22 22:25:41",NULL,NULL,NULL
369453,593394,1,https://dqktdb1dhykn6.cloudfront.net/593394-56xU53LCI.image/jpeg,0,"2021-01-31 20:33:16",NULL,NULL,NULL
132022,593999,2,https://dqktdb1dhykn6.cloudfront.net/593999-Elt8zx8fQ.image/jpg,1,"2020-05-21 05:46:25",NULL,"2020-05-21 21:58:34",NULL
59397,594734,2,https://dqktdb1dhykn6.cloudfront.net/594734-kBSjtY282.jpg,1,"2020-02-03 02:03:55",NULL,"2020-02-06 04:43:52",NULL
91257,595617,2,https://dqktdb1dhykn6.cloudfront.net/595617-HGUSKNyOD.jpg,1,"2020-03-25 01:46:22",NULL,"2020-03-31 20:19:28",NULL
373932,595617,2,https://dqktdb1dhykn6.cloudfront.net/595617-Dkqmtxk4d.image/jpeg,1,"2021-02-06 23:53:00",NULL,"2021-02-11 01:03:33",NULL
148853,606083,2,https://dqktdb1dhykn6.cloudfront.net/606083-wPV4ZMZfJ.image/jpg,1,"2020-06-09 20:24:09",NULL,"2020-06-10 15:20:47",NULL
262198,607041,1,https://dqktdb1dhykn6.cloudfront.net/607041-GW2ZS8oAA.image/jpeg,1,"2020-09-17 22:28:43",NULL,"2020-09-23 15:29:07",NULL
136116,617306,2,https://dqktdb1dhykn6.cloudfront.net/617306-ak8ANp7ZB.image/jpeg,1,"2020-05-26 05:57:51",NULL,"2020-05-28 00:27:14",NULL
1875,618827,1,https://dqktdb1dhykn6.cloudfront.net/618827-Yn7CT8qY2.jpg,1,"2019-09-28 04:04:36",NULL,"2019-10-01 01:19:36",NULL
41462,623476,1,https://dqktdb1dhykn6.cloudfront.net/623476-NiO9XQhAS.jpg,1,"2020-01-08 16:31:34",NULL,"2020-01-09 07:03:12",NULL
283815,627233,1,https://dqktdb1dhykn6.cloudfront.net/627233-e1nQ44jvC.image/jpg,0,"2020-10-11 01:09:38",NULL,NULL,NULL
106894,627590,1,https://dqktdb1dhykn6.cloudfront.net/627590-Dj7XmvWdn.image/jpg,1,"2020-04-15 23:30:52",NULL,"2020-04-20 06:06:14",NULL
354981,627590,1,https://dqktdb1dhykn6.cloudfront.net/627590-91hvJXX2R.image/jpg,1,"2021-01-13 03:21:40",NULL,"2021-01-15 19:16:49",NULL
61132,634671,2,https://dqktdb1dhykn6.cloudfront.net/634671-NxoIR1Yzr.jpg,1,"2020-02-05 04:23:21",NULL,"2020-02-08 17:42:10",NULL
62781,635268,2,https://dqktdb1dhykn6.cloudfront.net/635268-PYEvCHL3i.jpg,1,"2020-02-07 20:25:41",NULL,"2020-02-12 03:54:31",NULL
157577,641660,2,https://dqktdb1dhykn6.cloudfront.net/641660-7PkXQR9Ng.image/jpg,1,"2020-06-16 04:51:53",NULL,"2020-06-19 16:51:34",NULL
63694,649581,1,https://dqktdb1dhykn6.cloudfront.net/649581-LWbJg0VkO.jpg,1,"2020-02-09 01:37:37",NULL,"2020-02-13 03:29:03",NULL
28961,651497,1,https://dqktdb1dhykn6.cloudfront.net/651497-DVP2ayIQf.jpg,1,"2019-12-16 21:23:53",NULL,"2019-12-19 04:32:07",NULL
90492,653219,2,https://dqktdb1dhykn6.cloudfront.net/653219-4zE5l8i2t.jpg,1,"2020-03-23 21:26:42",NULL,"2020-03-31 06:24:05",NULL
7182,655318,1,https://dqktdb1dhykn6.cloudfront.net/655318-fxtYHi66E.jpg,1,"2019-11-03 01:01:09",NULL,"2019-11-03 01:51:46",NULL
159494,657222,1,https://dqktdb1dhykn6.cloudfront.net/657222-1toIcNhaq.image/jpeg,1,"2020-06-17 23:22:45",NULL,"2020-06-19 19:14:05",NULL
168965,661720,1,https://dqktdb1dhykn6.cloudfront.net/661720-HZFLutKdk.image/jpeg,1,"2020-06-28 04:46:52",NULL,"2020-06-30 18:18:06",NULL
4598,667090,1,https://dqktdb1dhykn6.cloudfront.net/667090-sdmsXv3ZU.jpg,1,"2019-10-14 06:59:57",NULL,"2019-10-15 02:45:27",NULL
10195,668016,1,https://dqktdb1dhykn6.cloudfront.net/668016-DGaXx4qUO.jpg,1,"2019-11-14 00:49:37",NULL,"2019-11-14 04:04:17",NULL
75582,668242,2,https://dqktdb1dhykn6.cloudfront.net/668242-xguFy5vBV.jpg,0,"2020-02-27 20:56:03","2020-02-28 20:54:08","2020-02-28 20:54:08",NULL
117183,669811,2,https://dqktdb1dhykn6.cloudfront.net/669811-9D6JzeUag.image/jpeg,1,"2020-04-30 07:49:26",NULL,"2020-05-01 01:33:40",NULL
68600,671955,2,https://dqktdb1dhykn6.cloudfront.net/671955-OJlQHiF7p.jpg,1,"2020-02-17 04:17:44",NULL,"2020-02-20 01:09:48",NULL
18336,672269,2,https://dqktdb1dhykn6.cloudfront.net/672269-UvuUODebO.jpg,1,"2019-11-30 03:10:31",NULL,"2019-12-06 17:13:35",NULL
79353,672683,2,https://dqktdb1dhykn6.cloudfront.net/672683-yFyC3CdsI.jpg,1,"2020-03-04 22:24:17",NULL,"2020-03-05 02:27:25",NULL
9536,675852,1,https://dqktdb1dhykn6.cloudfront.net/675852-3lBEo99R4.jpg,1,"2019-11-11 06:24:21",NULL,"2019-11-11 19:27:55",NULL
19001,677979,2,https://dqktdb1dhykn6.cloudfront.net/677979-o3PVekFEr.jpg,1,"2019-12-01 01:38:23",NULL,"2019-12-10 01:02:03",NULL
235802,679049,1,https://dqktdb1dhykn6.cloudfront.net/679049-DcudQOFZd.image/jpeg,1,"2020-09-01 09:04:51",NULL,"2020-09-03 22:31:59",NULL
124849,681895,2,https://dqktdb1dhykn6.cloudfront.net/681895-a4EKh1qHD.image/jpeg,1,"2020-05-11 05:30:58",NULL,"2020-05-14 00:09:46",NULL
149535,682143,1,https://dqktdb1dhykn6.cloudfront.net/682143-B7uoMEEJK.image/jpg,0,"2020-06-10 02:36:51",NULL,NULL,NULL
152253,682143,2,https://dqktdb1dhykn6.cloudfront.net/682143-2F1GAUw0n.image/jpg,1,"2020-06-12 00:50:27",NULL,"2020-06-12 21:26:51",NULL
146498,684081,1,https://dqktdb1dhykn6.cloudfront.net/684081-6OZ0ADkQS.image/jpeg,1,"2020-06-08 02:15:50",NULL,"2020-06-10 13:48:56",NULL
230584,684926,2,https://dqktdb1dhykn6.cloudfront.net/684926-ZLvrGm7qv.image/jpeg,1,"2020-08-30 01:26:27",NULL,"2020-09-02 22:59:41",NULL
40184,687090,2,https://dqktdb1dhykn6.cloudfront.net/687090-ZpwdVhjPM.jpg,1,"2020-01-06 07:08:59",NULL,"2020-01-08 04:45:19",NULL
114412,689112,2,https://dqktdb1dhykn6.cloudfront.net/689112-JgQtLcCXX.image/jpeg,1,"2020-04-26 14:10:21",NULL,"2020-04-27 22:59:30",NULL
5941,692088,1,https://dqktdb1dhykn6.cloudfront.net/692088-e0mOvTMpV.jpg,1,"2019-10-25 22:32:51",NULL,"2019-10-26 00:44:04",NULL
226192,692495,1,https://dqktdb1dhykn6.cloudfront.net/692495-4pglIN5lL.image/jpeg,1,"2020-08-27 20:37:38",NULL,"2020-09-01 20:43:15",NULL
226194,692495,1,https://dqktdb1dhykn6.cloudfront.net/692495-wrxPLTkX4.image/jpeg,1,"2020-08-27 20:38:12",NULL,"2020-09-01 20:43:18",NULL
226196,692495,1,https://dqktdb1dhykn6.cloudfront.net/692495-2CyyGWg7r.image/jpeg,1,"2020-08-27 20:38:31",NULL,"2020-09-01 20:43:19",NULL
226197,692495,1,https://dqktdb1dhykn6.cloudfront.net/692495-RFYacBsqh.image/jpeg,1,"2020-08-27 20:38:51",NULL,"2020-09-01 20:43:19",NULL
158568,695683,2,https://dqktdb1dhykn6.cloudfront.net/695683-obngdJ6QL.image/jpeg,1,"2020-06-17 02:14:49",NULL,"2020-06-19 18:44:45",NULL
11791,699785,1,https://dqktdb1dhykn6.cloudfront.net/699785-LRpaTg1Wh.jpg,0,"2019-11-18 07:02:19","2019-11-21 01:56:40","2019-11-21 01:56:40",NULL
67938,699785,2,https://dqktdb1dhykn6.cloudfront.net/699785-820D7paTL.jpg,1,"2020-02-15 03:45:21",NULL,"2020-02-18 05:22:59",NULL
36692,701169,2,https://dqktdb1dhykn6.cloudfront.net/701169-o1wvHxqi1.jpg,1,"2019-12-31 20:29:20",NULL,"2020-01-04 04:25:27",NULL
298790,701169,2,https://dqktdb1dhykn6.cloudfront.net/701169-HlBkr1lGG.image/jpg,1,"2020-10-30 03:14:12",NULL,"2020-10-30 21:33:21",NULL
20277,721003,2,https://dqktdb1dhykn6.cloudfront.net/721003-16f2CQVo1.jpg,1,"2019-12-02 09:07:02",NULL,"2019-12-07 04:00:28",NULL
168125,726967,2,https://dqktdb1dhykn6.cloudfront.net/726967-139fupt8C.image/jpeg,1,"2020-06-27 04:04:37",NULL,"2020-06-27 05:36:35",NULL
4069,728570,1,https://dqktdb1dhykn6.cloudfront.net/728570-Q3E1USCiP.jpg,1,"2019-10-10 06:11:10",NULL,"2019-10-12 02:01:37",NULL
4493,730879,1,https://dqktdb1dhykn6.cloudfront.net/730879-Q5rZf5JY6.jpg,1,"2019-10-13 21:28:54",NULL,"2019-10-15 02:38:03",NULL
6095,734501,1,https://dqktdb1dhykn6.cloudfront.net/734501-eUORfj6gs.jpg,0,"2019-10-27 02:46:47","2019-10-28 18:00:32","2019-10-28 18:00:32",NULL
6985,736396,1,https://dqktdb1dhykn6.cloudfront.net/736396-HB44KA9gd.jpg,0,"2019-11-02 04:44:41","2019-11-03 01:44:05","2019-11-03 01:44:05",NULL
5609,740514,1,https://dqktdb1dhykn6.cloudfront.net/740514-lfGHLJsJZ.jpg,1,"2019-10-23 00:22:52",NULL,"2019-10-23 03:20:57",NULL
375013,740514,1,https://dqktdb1dhykn6.cloudfront.net/740514-5L4TKWGLd.image/jpg,1,"2021-02-08 01:52:12",NULL,"2021-02-11 19:04:48",NULL
235478,745038,2,https://dqktdb1dhykn6.cloudfront.net/745038-aIzhDhP7i.image/jpeg,1,"2020-09-01 04:00:09",NULL,"2020-09-03 22:19:02",NULL
16129,747083,1,https://dqktdb1dhykn6.cloudfront.net/747083-yIIo0qJ1E.jpg,1,"2019-11-27 03:06:05",NULL,"2019-12-03 01:48:01",NULL
46021,757160,1,https://dqktdb1dhykn6.cloudfront.net/757160-WOUndvpBk.jpg,1,"2020-01-15 14:02:27",NULL,"2020-01-16 03:39:58",NULL
9294,758807,1,https://dqktdb1dhykn6.cloudfront.net/758807-GYxTLQaUF.jpg,1,"2019-11-10 19:12:30",NULL,"2019-11-11 19:14:36",NULL
22532,758823,2,https://dqktdb1dhykn6.cloudfront.net/758823-POfouGq6W.jpg,1,"2019-12-06 06:07:03",NULL,"2019-12-10 02:28:08",NULL
59849,759671,1,https://dqktdb1dhykn6.cloudfront.net/759671-aGDRSmupS.jpg,0,"2020-02-03 12:33:32","2020-02-06 18:01:11","2020-02-06 18:01:11",NULL
85151,759671,2,https://dqktdb1dhykn6.cloudfront.net/759671-3RiCD1Sap.jpg,1,"2020-03-15 11:26:01",NULL,"2020-03-17 01:02:07",NULL
12425,761555,1,https://dqktdb1dhykn6.cloudfront.net/761555-j6cZJsT57.jpg,0,"2019-11-20 01:31:25","2019-11-23 00:46:07","2019-11-23 00:46:07",NULL
65548,761555,1,https://dqktdb1dhykn6.cloudfront.net/761555-j2ECj31s9.jpg,1,"2020-02-11 03:57:31",NULL,"2020-02-14 04:46:50",NULL
65549,761555,1,https://dqktdb1dhykn6.cloudfront.net/761555-nRUpB45Mm.jpg,1,"2020-02-11 03:57:45",NULL,"2020-02-14 04:46:51",NULL
12614,767576,1,https://dqktdb1dhykn6.cloudfront.net/767576-CuRzfsnIu.jpg,0,"2019-11-20 10:28:33","2019-11-23 01:55:54","2019-11-23 01:55:54",NULL
27940,770639,2,https://dqktdb1dhykn6.cloudfront.net/770639-pPvywYQE7.jpg,1,"2019-12-15 11:37:03",NULL,"2019-12-18 04:59:11",NULL
21340,772433,1,https://dqktdb1dhykn6.cloudfront.net/772433-qFpZj6jdU.jpg,0,"2019-12-04 04:13:12","2019-12-07 18:37:52","2019-12-07 18:37:52",NULL
71668,772433,1,https://dqktdb1dhykn6.cloudfront.net/772433-0kwttOLlx.jpg,0,"2020-02-21 21:08:01","2020-02-21 22:30:27","2020-02-21 22:30:27",NULL
15586,772571,2,https://dqktdb1dhykn6.cloudfront.net/772571-a51dnjbgu.jpg,1,"2019-11-26 05:41:49",NULL,"2019-12-01 01:37:35",NULL
18188,775650,2,https://dqktdb1dhykn6.cloudfront.net/775650-aqeg3Sp7p.jpg,1,"2019-11-29 23:50:55",NULL,"2019-12-06 16:40:36",NULL
21946,779483,1,https://dqktdb1dhykn6.cloudfront.net/779483-ykAN8bq3m.jpg,1,"2019-12-05 04:43:31",NULL,"2019-12-10 01:21:33",NULL
27291,781667,1,https://dqktdb1dhykn6.cloudfront.net/781667-kbzEiGjI1.jpg,1,"2019-12-14 14:33:27",NULL,"2019-12-18 03:40:41",NULL
33677,784718,2,https://dqktdb1dhykn6.cloudfront.net/784718-bJS7SNwKz.jpg,1,"2019-12-26 04:19:33",NULL,"2020-01-02 17:38:30",NULL
33234,786097,1,https://dqktdb1dhykn6.cloudfront.net/786097-xhLZ0NgKk.jpg,1,"2019-12-25 02:19:15",NULL,"2020-01-02 17:13:01",NULL
26308,786479,1,https://dqktdb1dhykn6.cloudfront.net/786479-Ye6ZZtMT5.jpg,1,"2019-12-13 03:28:09",NULL,"2019-12-13 04:49:40",NULL
26309,786479,1,https://dqktdb1dhykn6.cloudfront.net/786479-xxHptmS1s.jpg,1,"2019-12-13 03:28:17",NULL,"2019-12-13 04:49:44",NULL
274415,797109,2,https://dqktdb1dhykn6.cloudfront.net/797109-4S5JmDNn4.image/jpeg,1,"2020-09-30 19:20:23",NULL,"2020-10-01 19:46:35",NULL
34053,797927,2,https://dqktdb1dhykn6.cloudfront.net/797927-ePoZ3WKFC.jpg,1,"2019-12-27 00:30:07",NULL,"2020-01-03 00:20:43",NULL
30857,798765,1,https://dqktdb1dhykn6.cloudfront.net/798765-r0tzsMhkR.jpg,1,"2019-12-20 06:21:20",NULL,"2019-12-28 03:57:08",NULL
31722,800317,2,https://dqktdb1dhykn6.cloudfront.net/800317-j3Yki17mE.jpg,1,"2019-12-22 04:01:14",NULL,"2019-12-28 05:05:17",NULL
32389,801508,2,https://dqktdb1dhykn6.cloudfront.net/801508-AYHoALICE.jpg,1,"2019-12-23 04:21:02",NULL,"2020-01-02 01:23:25",NULL
147413,801599,2,https://dqktdb1dhykn6.cloudfront.net/801599-jwK6TGJfJ.image/jpg,1,"2020-06-08 23:24:41",NULL,"2020-06-10 14:14:04",NULL
32823,802313,1,https://dqktdb1dhykn6.cloudfront.net/802313-O0kQvsca1.jpg,1,"2019-12-24 02:04:38",NULL,"2020-01-02 01:43:15",NULL
58490,803550,2,https://dqktdb1dhykn6.cloudfront.net/803550-BS5gTtqdH.jpg,1,"2020-02-02 04:14:01",NULL,"2020-02-06 04:04:21",NULL
33641,803816,2,https://dqktdb1dhykn6.cloudfront.net/803816-txf9eUKBo.jpg,0,"2019-12-26 03:18:44","2020-01-02 17:36:00","2020-01-02 17:36:00",NULL
173585,804598,2,https://dqktdb1dhykn6.cloudfront.net/804598-86x9o6kp0.image/jpeg,1,"2020-07-04 03:31:34",NULL,"2020-07-04 15:19:57",NULL
35525,807348,1,https://dqktdb1dhykn6.cloudfront.net/807348-XqmB0T4MB.jpg,1,"2019-12-29 18:59:20",NULL,"2020-01-03 02:51:44",NULL
36421,808949,2,https://dqktdb1dhykn6.cloudfront.net/808949-FUdWT0YZ5.jpg,1,"2019-12-31 03:47:24",NULL,"2020-01-04 04:09:06",NULL
128821,813297,1,https://dqktdb1dhykn6.cloudfront.net/813297-27X62UbzC.image/jpeg,1,"2020-05-17 00:20:36",NULL,"2020-05-18 21:36:44",NULL
39503,814263,2,https://dqktdb1dhykn6.cloudfront.net/814263-LONDWhyHN.jpg,1,"2020-01-05 15:12:39",NULL,"2020-01-07 03:34:41",NULL
40557,815945,2,https://dqktdb1dhykn6.cloudfront.net/815945-qzBx0Jq0o.jpg,1,"2020-01-07 02:18:18",NULL,"2020-01-08 21:18:52",NULL
42350,818568,1,https://dqktdb1dhykn6.cloudfront.net/818568-01Lr7kzaM.jpg,0,"2020-01-10 02:03:56","2020-01-10 16:07:01","2020-01-10 16:07:01",NULL
42432,818976,1,https://dqktdb1dhykn6.cloudfront.net/818976-YBLd3fCjy.jpg,1,"2020-01-10 03:36:06",NULL,"2020-01-10 16:13:24",NULL
57457,819366,2,https://dqktdb1dhykn6.cloudfront.net/819366-mSpgro5IV.jpg,1,"2020-01-31 22:14:01",NULL,"2020-02-06 02:59:08",NULL
44640,821298,2,https://dqktdb1dhykn6.cloudfront.net/821298-81uSHm1FJ.jpg,1,"2020-01-13 04:34:27",NULL,"2020-01-15 01:38:31",NULL
71774,823343,2,https://dqktdb1dhykn6.cloudfront.net/823343-HPR3W8Wby.jpg,1,"2020-02-22 00:22:26",NULL,"2020-02-22 19:04:39",NULL
46243,824951,2,https://dqktdb1dhykn6.cloudfront.net/824951-zhWAUj3U8.jpg,1,"2020-01-16 01:00:52",NULL,"2020-01-16 04:01:36",NULL
262226,825150,2,https://dqktdb1dhykn6.cloudfront.net/825150-HmKM6ky7F.image/jpg,1,"2020-09-17 23:19:34",NULL,"2020-09-23 15:29:32",NULL
46871,825954,2,https://dqktdb1dhykn6.cloudfront.net/825954-2XUnq8vcK.jpg,1,"2020-01-17 03:30:39",NULL,"2020-01-17 04:25:08",NULL
125312,827972,2,https://dqktdb1dhykn6.cloudfront.net/827972-HatN6x2jz.image/jpg,1,"2020-05-12 00:22:38",NULL,"2020-05-12 03:28:33",NULL
154918,831672,2,https://dqktdb1dhykn6.cloudfront.net/831672-VxjwtxMRA.image/jpg,1,"2020-06-14 06:10:43",NULL,"2020-06-16 18:12:10","{""isR"":false,""rScore"":0.012496738694608212,""isAdultContent"":false,""adultScore"":0.00929740909487009,""faces"":[{""age"":30,""gender"":""Female"",""faceRectangle"":{""left"":230,""top"":580,""width"":302,""height"":302}}]}"
54408,836437,2,https://dqktdb1dhykn6.cloudfront.net/836437-pLUQXVop9.jpg,1,"2020-01-27 11:29:53",NULL,"2020-01-29 04:56:18",NULL
55004,837123,1,https://dqktdb1dhykn6.cloudfront.net/837123-n1LMAmLFS.jpg,1,"2020-01-28 05:28:10",NULL,"2020-01-30 04:07:33",NULL
55790,838418,2,https://dqktdb1dhykn6.cloudfront.net/838418-znnbFCSoe.jpg,1,"2020-01-29 06:32:32",NULL,"2020-01-30 05:48:19","{""isR"":false,""rScore"":0.02987826056778431,""isAdultContent"":false,""adultScore"":0.025539357215166092,""faces"":[{""age"":22,""gender"":""Male"",""faceRectangle"":{""left"":74,""top"":608,""width"":492,""height"":492}}]}"
55949,838717,2,https://dqktdb1dhykn6.cloudfront.net/838717-3Vt8pAwrR.jpg,1,"2020-01-29 16:18:31",NULL,"2020-01-30 06:09:50",NULL
57624,841094,1,https://dqktdb1dhykn6.cloudfront.net/841094-xg0PYGOOh.jpg,1,"2020-02-01 02:46:00",NULL,"2020-02-06 03:05:46",NULL
58426,842152,2,https://dqktdb1dhykn6.cloudfront.net/842152-pMIM0wlKK.jpg,1,"2020-02-02 02:51:28",NULL,"2020-02-06 03:59:53",NULL
58887,842778,2,https://dqktdb1dhykn6.cloudfront.net/842778-vWrr26n7n.jpg,1,"2020-02-02 17:44:26",NULL,"2020-02-06 04:18:01",NULL
58922,842820,1,https://dqktdb1dhykn6.cloudfront.net/842820-Nm7ETWUVx.jpg,1,"2020-02-02 18:25:19",NULL,"2020-02-06 04:19:11",NULL
106304,843940,2,https://dqktdb1dhykn6.cloudfront.net/843940-v1G7GZVSC.image/jpeg,1,"2020-04-15 03:06:16",NULL,"2020-04-20 05:33:38",NULL
61102,845321,2,https://dqktdb1dhykn6.cloudfront.net/845321-3w36XLpvr.jpg,1,"2020-02-05 04:00:33",NULL,"2020-02-08 17:29:31",NULL
61197,845421,1,https://dqktdb1dhykn6.cloudfront.net/845421-U3VWdki9B.jpg,0,"2020-02-05 05:25:56","2020-02-08 17:49:26","2020-02-08 17:49:26",NULL
66683,845421,1,https://dqktdb1dhykn6.cloudfront.net/845421-TE6lrO817.jpg,1,"2020-02-12 23:50:25",NULL,"2020-02-14 05:56:49",NULL
66685,845421,1,https://dqktdb1dhykn6.cloudfront.net/845421-C8VYIXR8K.jpg,1,"2020-02-12 23:51:23",NULL,"2020-02-14 05:56:53",NULL
273094,846275,1,https://dqktdb1dhykn6.cloudfront.net/846275-qorthXqiL.image/jpeg,0,"2020-09-29 04:04:36",NULL,NULL,NULL
66571,852597,1,https://dqktdb1dhykn6.cloudfront.net/852597-fUMY00BX5.jpg,1,"2020-02-12 20:12:27",NULL,"2020-02-14 05:52:07",NULL
181504,853239,1,https://dqktdb1dhykn6.cloudfront.net/853239-wOX4wYbJp.image/jpg,1,"2020-07-13 21:14:15",NULL,"2020-07-14 03:25:08",NULL
71601,858656,2,https://dqktdb1dhykn6.cloudfront.net/858656-yCJJjufug.jpg,1,"2020-02-21 18:08:40",NULL,"2020-02-21 22:13:50",NULL
159816,858919,2,https://dqktdb1dhykn6.cloudfront.net/858919-vGOQt015Y.image/jpeg,1,"2020-06-18 04:05:00",NULL,"2020-06-20 03:29:08",NULL
72468,859817,1,https://dqktdb1dhykn6.cloudfront.net/859817-eTtpAmVBl.jpg,0,"2020-02-22 22:58:29","2020-02-24 16:22:39","2020-02-24 16:22:39",NULL
78755,859817,1,https://dqktdb1dhykn6.cloudfront.net/859817-Sm2g5gJjU.jpg,1,"2020-03-03 21:00:19",NULL,"2020-03-03 21:02:14",NULL
74392,860144,1,https://dqktdb1dhykn6.cloudfront.net/860144-Nd1mgQLjO.jpg,1,"2020-02-25 14:37:00",NULL,"2020-02-26 04:54:59",NULL
72919,860518,2,https://dqktdb1dhykn6.cloudfront.net/860518-b4HtvniXm.jpg,0,"2020-02-23 13:12:14","2020-02-24 23:28:56","2020-02-24 23:28:56",NULL
73152,860726,1,https://dqktdb1dhykn6.cloudfront.net/860726-mGlV7pIgF.jpg,1,"2020-02-23 21:40:09",NULL,"2020-02-25 05:45:20",NULL
74225,861436,2,https://dqktdb1dhykn6.cloudfront.net/861436-QV34YbhJw.jpg,1,"2020-02-25 05:11:38",NULL,"2020-02-26 04:43:58",NULL
78811,862927,2,https://dqktdb1dhykn6.cloudfront.net/862927-zE6TIbF20.jpg,1,"2020-03-03 22:34:28",NULL,"2020-03-03 22:57:16",NULL
74963,863499,2,https://dqktdb1dhykn6.cloudfront.net/863499-Ntt79ZCe8.jpg,1,"2020-02-26 15:08:36",NULL,"2020-02-27 03:15:05",NULL
75978,865078,2,https://dqktdb1dhykn6.cloudfront.net/865078-T5PbnGPGY.jpg,1,"2020-02-28 14:56:54",NULL,"2020-02-28 22:09:03",NULL
77344,866201,2,https://dqktdb1dhykn6.cloudfront.net/866201-raD1GIx6X.jpg,1,"2020-03-01 19:43:52",NULL,"2020-03-03 04:57:26",NULL
78703,868984,2,https://dqktdb1dhykn6.cloudfront.net/868984-FEgAwxF9i.jpg,1,"2020-03-03 18:47:31",NULL,"2020-04-10 05:28:24",NULL
78937,869201,1,https://dqktdb1dhykn6.cloudfront.net/869201-rb1tTpC3h.jpg,1,"2020-03-04 02:07:43",NULL,"2020-03-19 00:00:42",NULL
78963,869345,1,https://dqktdb1dhykn6.cloudfront.net/869345-OtmJ0kEi1.jpg,1,"2020-03-04 02:55:54",NULL,"2020-03-04 03:36:10",NULL
79536,870278,2,https://dqktdb1dhykn6.cloudfront.net/870278-tE7yxJCCq.jpg,0,"2020-03-05 04:14:38","2020-03-05 21:12:37","2020-03-05 21:12:37",NULL
80196,871277,1,https://dqktdb1dhykn6.cloudfront.net/871277-XWDjavG84.jpg,0,"2020-03-06 07:54:49","2020-03-06 22:10:19","2020-03-06 22:10:19",NULL
80201,871280,2,https://dqktdb1dhykn6.cloudfront.net/871280-R9ioMAOHp.jpg,1,"2020-03-06 08:36:42",NULL,"2020-03-06 22:10:41",NULL
80775,871926,1,https://dqktdb1dhykn6.cloudfront.net/871926-yeeCc9d0r.jpg,1,"2020-03-07 15:22:37",NULL,"2020-03-07 16:01:18",NULL
80728,872144,2,https://dqktdb1dhykn6.cloudfront.net/872144-tpsa94pjI.jpg,1,"2020-03-07 10:10:37",NULL,"2020-03-07 15:49:24",NULL
82241,874384,2,https://dqktdb1dhykn6.cloudfront.net/874384-nTAatFi8n.jpg,1,"2020-03-09 21:18:11",NULL,"2020-03-11 01:32:28",NULL
82371,874575,2,https://dqktdb1dhykn6.cloudfront.net/874575-hMiTSQk72.jpg,1,"2020-03-10 01:23:45",NULL,"2020-03-11 01:46:59",NULL
83641,876620,2,https://dqktdb1dhykn6.cloudfront.net/876620-ZeSTHKhv0.jpg,1,"2020-03-12 16:55:49",NULL,"2020-03-12 21:32:29",NULL
83978,877158,2,https://dqktdb1dhykn6.cloudfront.net/877158-poBmFb53s.jpg,1,"2020-03-13 06:25:17",NULL,"2020-03-13 21:19:49",NULL
84663,878298,2,https://dqktdb1dhykn6.cloudfront.net/878298-rcmkMwJTQ.jpg,1,"2020-03-14 19:12:38",NULL,"2020-03-16 19:09:26",NULL
153308,878873,1,https://dqktdb1dhykn6.cloudfront.net/878873-6Y7wGYRmN.image/jpg,1,"2020-06-13 00:22:01",NULL,"2020-06-13 03:21:46",NULL
354480,878873,1,https://dqktdb1dhykn6.cloudfront.net/878873-9RQxqZ19t.image/jpg,1,"2021-01-12 09:43:41",NULL,"2021-01-15 18:44:47",NULL
85375,879462,1,https://dqktdb1dhykn6.cloudfront.net/879462-6D5ZRyC49.jpg,0,"2020-03-15 21:39:30","2020-03-17 01:21:12","2020-03-17 01:21:12",NULL
85954,880336,2,https://dqktdb1dhykn6.cloudfront.net/880336-HrROV9d52.jpg,1,"2020-03-16 17:23:08",NULL,"2020-03-17 02:03:26",NULL
86949,881901,2,https://dqktdb1dhykn6.cloudfront.net/881901-6ngGXJtIS.jpg,1,"2020-03-18 05:00:19",NULL,"2020-03-19 00:10:06",NULL
87119,882178,2,https://dqktdb1dhykn6.cloudfront.net/882178-we9CmGSy3.jpg,1,"2020-03-18 16:37:01",NULL,"2020-03-19 01:03:47",NULL
87612,882996,1,https://dqktdb1dhykn6.cloudfront.net/882996-aVPoL61yf.jpg,0,"2020-03-19 10:53:51","2020-03-19 20:01:08","2020-03-19 20:01:08",NULL
88152,882996,1,https://dqktdb1dhykn6.cloudfront.net/882996-HlifeqE6p.jpg,0,"2020-03-20 05:08:14","2020-03-21 19:17:04","2020-03-21 19:17:04",NULL
87891,883385,2,https://dqktdb1dhykn6.cloudfront.net/883385-F2Gd6KE2h.jpg,1,"2020-03-19 23:17:36",NULL,"2020-03-20 02:15:11",NULL
88331,884140,1,https://dqktdb1dhykn6.cloudfront.net/884140-WjuBipvcv.jpg,0,"2020-03-20 17:37:48","2020-03-23 04:13:44","2020-03-23 04:13:44",NULL
88572,884471,2,https://dqktdb1dhykn6.cloudfront.net/884471-yRTMmbSGV.jpg,1,"2020-03-21 01:32:20",NULL,"2020-03-24 04:21:52",NULL
89430,885814,2,https://dqktdb1dhykn6.cloudfront.net/885814-ZnEhA4GgF.jpg,1,"2020-03-22 05:57:05",NULL,"2020-03-27 15:42:22",NULL
274885,885814,2,https://dqktdb1dhykn6.cloudfront.net/885814-ONzOOCOWq.image/jpeg,1,"2020-10-01 04:21:24",NULL,"2020-10-02 15:36:49",NULL
91968,887626,2,https://dqktdb1dhykn6.cloudfront.net/887626-Yb9o1ZzUk.jpg,1,"2020-03-26 03:04:26",NULL,"2020-04-01 02:56:11",NULL
106764,888424,2,https://dqktdb1dhykn6.cloudfront.net/888424-w5x1HMIFj.image/jpeg,1,"2020-04-15 20:25:13",NULL,"2020-04-17 05:28:03",NULL
91304,888783,2,https://dqktdb1dhykn6.cloudfront.net/888783-5Nxib28Vz.jpg,0,"2020-03-25 02:44:40","2020-03-31 20:34:42","2020-03-31 20:34:42",NULL
91537,889125,1,https://dqktdb1dhykn6.cloudfront.net/889125-XfPpgxjQb.jpg,1,"2020-03-25 09:42:23",NULL,"2020-03-31 21:44:46",NULL
92810,891207,1,https://dqktdb1dhykn6.cloudfront.net/891207-BhHbnC6o4.jpg,1,"2020-03-27 10:53:29",NULL,"2020-04-03 20:09:38",NULL
93291,891951,2,https://dqktdb1dhykn6.cloudfront.net/891951-nF354bScC.jpg,1,"2020-03-28 03:43:32",NULL,"2020-04-04 13:41:22",NULL
93625,892492,1,https://dqktdb1dhykn6.cloudfront.net/892492-BPN3qcNqA.jpg,1,"2020-03-28 19:29:06",NULL,"2020-04-04 15:30:08",NULL
93654,892544,2,https://dqktdb1dhykn6.cloudfront.net/892544-QyE0woWkV.jpg,1,"2020-03-28 20:08:59",NULL,"2020-04-04 15:38:58",NULL
95942,894837,2,https://dqktdb1dhykn6.cloudfront.net/894837-JBXuqpFVY.jpg,1,"2020-04-01 01:47:45",NULL,"2020-04-08 03:15:59",NULL
100162,898755,1,https://dqktdb1dhykn6.cloudfront.net/898755-ESDUgO9uR.image/jpg,1,"2020-04-06 15:20:41",NULL,"2020-04-16 03:44:38",NULL
98560,900131,2,https://dqktdb1dhykn6.cloudfront.net/900131-rBixQq4qZ.image/jpeg,1,"2020-04-04 23:34:46",NULL,"2020-04-15 02:45:52",NULL
99180,900923,1,https://dqktdb1dhykn6.cloudfront.net/900923-XpAjAYKhb.image/jpeg,1,"2020-04-05 16:00:09",NULL,"2020-04-07 03:34:22",NULL
99258,901014,2,https://dqktdb1dhykn6.cloudfront.net/901014-zMEu4qFzA.image/jpg,1,"2020-04-05 18:11:48",NULL,"2020-04-15 03:35:38",NULL
117746,901121,2,https://dqktdb1dhykn6.cloudfront.net/901121-BOj346m8Z.image/jpeg,1,"2020-05-01 04:05:57",NULL,"2020-05-01 22:38:50",NULL
101694,904431,1,https://dqktdb1dhykn6.cloudfront.net/904431-cPvVLRmm1.image/jpg,1,"2020-04-08 17:26:07",NULL,"2020-04-09 05:51:25",NULL
101695,904431,1,https://dqktdb1dhykn6.cloudfront.net/904431-dr1YiBlka.image/jpg,1,"2020-04-08 17:26:08",NULL,"2020-04-17 20:04:07",NULL
104749,909208,1,https://dqktdb1dhykn6.cloudfront.net/909208-17COfzxEY.image/jpg,0,"2020-04-13 00:23:02",NULL,NULL,NULL
105210,909992,2,https://dqktdb1dhykn6.cloudfront.net/909992-IcCFL1jOm.image/jpeg,1,"2020-04-13 16:52:46",NULL,"2020-04-20 00:02:06",NULL
105897,910993,2,https://dqktdb1dhykn6.cloudfront.net/910993-97uThemGv.image/jpg,1,"2020-04-14 13:13:43",NULL,"2020-04-15 01:53:53",NULL
109502,911731,1,https://dqktdb1dhykn6.cloudfront.net/911731-bQhgevb0T.image/jpeg,1,"2020-04-19 18:11:05",NULL,"2020-04-20 08:15:15",NULL
217585,911998,2,https://dqktdb1dhykn6.cloudfront.net/911998-jEAfXCDBJ.image/jpeg,1,"2020-08-23 04:29:56",NULL,"2020-08-25 16:36:24",NULL
281998,911998,2,https://dqktdb1dhykn6.cloudfront.net/911998-kVeHz72Do.image/jpeg,1,"2020-10-08 20:17:54",NULL,"2020-10-14 22:56:03",NULL
106749,912431,2,https://dqktdb1dhykn6.cloudfront.net/912431-MWLVs7IP9.image/jpeg,1,"2020-04-15 20:03:35",NULL,"2020-04-17 19:15:45",NULL
106750,912431,2,https://dqktdb1dhykn6.cloudfront.net/912431-HQ8RPOatQ.image/jpeg,1,"2020-04-15 20:04:09",NULL,"2020-04-17 19:15:44",NULL
109761,914668,2,https://dqktdb1dhykn6.cloudfront.net/914668-7XIv6oXeH.image/jpg,1,"2020-04-20 00:24:47",NULL,"2020-04-20 08:28:37",NULL
108276,914918,2,https://dqktdb1dhykn6.cloudfront.net/914918-fQp1FGzYl.image/jpeg,1,"2020-04-18 00:24:38",NULL,"2020-04-20 07:00:49",NULL
108942,915859,1,https://dqktdb1dhykn6.cloudfront.net/915859-sRBYwxf1K.image/jpg,0,"2020-04-18 23:29:01",NULL,NULL,NULL
109733,915984,1,https://dqktdb1dhykn6.cloudfront.net/915984-wQSYbJNQa.image/jpeg,1,"2020-04-19 23:39:24",NULL,"2020-04-20 08:26:30",NULL
195815,916991,1,https://dqktdb1dhykn6.cloudfront.net/916991-8RqA3NUwC.image/jpg,0,"2020-08-01 19:39:12",NULL,NULL,NULL
195816,916991,1,https://dqktdb1dhykn6.cloudfront.net/916991-1MvVfBa9K.image/jpg,0,"2020-08-01 19:39:16",NULL,NULL,NULL
109651,917070,2,https://dqktdb1dhykn6.cloudfront.net/917070-KIxJEsxan.image/jpeg,1,"2020-04-19 21:42:51",NULL,"2020-04-20 08:22:59",NULL
145861,917727,2,https://dqktdb1dhykn6.cloudfront.net/917727-f5HxguHUK.image/jpg,0,"2020-06-07 16:55:11",NULL,NULL,NULL
356381,917727,2,https://dqktdb1dhykn6.cloudfront.net/917727-gPTVXVnaS.image/jpg,0,"2021-01-15 02:20:40",NULL,NULL,NULL
191851,917830,1,https://dqktdb1dhykn6.cloudfront.net/917830-K5EM9V7WE.image/jpeg,1,"2020-07-27 04:05:50",NULL,"2020-07-28 03:09:26",NULL
110517,918420,2,https://dqktdb1dhykn6.cloudfront.net/918420-d8gPN4p5k.image/jpeg,1,"2020-04-20 23:51:57",NULL,"2020-04-22 02:27:07",NULL
110850,918934,2,https://dqktdb1dhykn6.cloudfront.net/918934-pEwxDi9Vz.image/jpg,1,"2020-04-21 07:49:47",NULL,"2020-04-22 02:43:25",NULL
111100,919445,1,https://dqktdb1dhykn6.cloudfront.net/919445-BfoQDSxxY.image/jpeg,1,"2020-04-21 22:30:48",NULL,"2020-04-22 02:04:34",NULL
111713,920457,1,https://dqktdb1dhykn6.cloudfront.net/920457-n13QhJ1qd.image/jpg,1,"2020-04-22 21:27:03",NULL,"2020-04-23 01:51:04",NULL
111958,920748,1,https://dqktdb1dhykn6.cloudfront.net/920748-95RrtE94H.image/jpeg,0,"2020-04-23 02:32:55",NULL,NULL,NULL
111959,920748,1,https://dqktdb1dhykn6.cloudfront.net/920748-zyaZFFEVE.image/jpeg,0,"2020-04-23 02:33:15",NULL,NULL,NULL
113731,920748,1,https://dqktdb1dhykn6.cloudfront.net/920748-YtNQFqUjn.image/jpeg,0,"2020-04-25 15:14:08",NULL,NULL,NULL
122595,920748,2,https://dqktdb1dhykn6.cloudfront.net/920748-taUvmj2WH.image/jpeg,1,"2020-05-08 01:23:47",NULL,"2020-05-08 03:49:25",NULL
112477,921461,2,https://dqktdb1dhykn6.cloudfront.net/921461-pwPFgUUq6.image/jpg,0,"2020-04-23 21:04:32",NULL,NULL,NULL
113362,921858,2,https://dqktdb1dhykn6.cloudfront.net/921858-wkuKzs32f.image/jpeg,1,"2020-04-25 02:18:08",NULL,"2020-04-27 21:45:50",NULL
114355,924375,1,https://dqktdb1dhykn6.cloudfront.net/924375-UBAasVXkq.image/jpg,1,"2020-04-26 08:54:01",NULL,"2020-04-27 20:28:55",NULL
114783,924482,2,https://dqktdb1dhykn6.cloudfront.net/924482-fVm1azwcf.image/jpeg,1,"2020-04-27 00:43:15",NULL,"2020-04-28 04:48:38",NULL
114923,925166,2,https://dqktdb1dhykn6.cloudfront.net/925166-tnbyVy3U9.image/jpg,1,"2020-04-27 03:07:59",NULL,"2020-04-28 04:55:55",NULL
115685,925166,2,https://dqktdb1dhykn6.cloudfront.net/925166-R8Lkr6TYJ.image/jpg,1,"2020-04-28 03:24:25",NULL,"2020-04-28 05:32:28",NULL
115167,925544,1,https://dqktdb1dhykn6.cloudfront.net/925544-46OuL7c39.image/jpeg,1,"2020-04-27 08:25:44",NULL,"2020-04-28 05:10:09",NULL
115728,926367,1,https://dqktdb1dhykn6.cloudfront.net/926367-5AuaQ2sZx.image/jpg,0,"2020-04-28 04:12:44",NULL,NULL,NULL
116044,926899,1,https://dqktdb1dhykn6.cloudfront.net/926899-NtWR9H6k1.image/jpg,1,"2020-04-28 19:28:19",NULL,"2020-04-29 00:19:58",NULL
116064,926939,1,https://dqktdb1dhykn6.cloudfront.net/926939-KL05IR6t8.image/jpeg,1,"2020-04-28 20:05:51",NULL,"2020-04-29 00:32:42",NULL
194660,927534,2,https://dqktdb1dhykn6.cloudfront.net/927534-Zxzc6StlA.image/jpg,1,"2020-07-31 00:05:48",NULL,"2020-07-31 02:48:20",NULL
285265,927534,2,https://dqktdb1dhykn6.cloudfront.net/927534-CFZAWnuHT.image/jpg,1,"2020-10-12 14:26:41",NULL,"2020-10-16 19:57:15",NULL
116596,927739,2,https://dqktdb1dhykn6.cloudfront.net/927739-bMJwt4LB6.image/jpg,1,"2020-04-29 14:42:59",NULL,"2020-04-29 22:41:48",NULL
118125,930135,2,https://dqktdb1dhykn6.cloudfront.net/930135-QQUUBH1wP.image/jpeg,1,"2020-05-01 22:34:45",NULL,"2020-05-02 01:13:11",NULL
118375,930523,1,https://dqktdb1dhykn6.cloudfront.net/930523-PNasNLT1F.image/jpg,0,"2020-05-02 04:09:27",NULL,NULL,NULL
121684,930523,2,https://dqktdb1dhykn6.cloudfront.net/930523-hfDhPkCEL.image/jpg,1,"2020-05-06 18:08:16",NULL,"2020-05-07 02:46:58",NULL
119323,932068,2,https://dqktdb1dhykn6.cloudfront.net/932068-eAKz5f5KV.image/jpg,1,"2020-05-03 14:22:59",NULL,"2020-05-05 01:08:41",NULL
119431,932256,1,https://dqktdb1dhykn6.cloudfront.net/932256-6A7loMiT2.image/jpeg,1,"2020-05-03 18:49:09",NULL,"2020-05-05 01:13:20",NULL
119933,933018,1,https://dqktdb1dhykn6.cloudfront.net/933018-tumvm58Kp.image/jpeg,1,"2020-05-04 04:40:56",NULL,"2020-05-05 01:49:50",NULL
120785,934245,2,https://dqktdb1dhykn6.cloudfront.net/934245-3s4p3Tx54.image/jpg,1,"2020-05-05 08:27:45",NULL,"2020-05-06 00:50:26",NULL
121383,935210,2,https://dqktdb1dhykn6.cloudfront.net/935210-cAMpz0Evh.image/jpg,1,"2020-05-06 04:39:38",NULL,"2020-05-06 21:39:36",NULL
122977,937705,1,https://dqktdb1dhykn6.cloudfront.net/937705-h3u1u0uxx.image/jpg,0,"2020-05-08 17:26:54",NULL,NULL,NULL
123622,937705,1,https://dqktdb1dhykn6.cloudfront.net/937705-kTX4ZEjgB.image/jpg,1,"2020-05-09 17:04:11",NULL,"2020-05-12 00:45:01",NULL
124077,939384,1,https://dqktdb1dhykn6.cloudfront.net/939384-vU17ql2Lq.image/jpeg,1,"2020-05-10 05:14:26",NULL,"2020-05-12 04:57:43",NULL
252533,939384,1,https://dqktdb1dhykn6.cloudfront.net/939384-u1JuaWoSh.image/jpeg,1,"2020-09-09 06:53:38",NULL,"2020-09-21 17:04:24",NULL
124673,940420,2,https://dqktdb1dhykn6.cloudfront.net/940420-HDPRZBfRX.image/jpeg,1,"2020-05-11 02:57:36",NULL,"2020-05-12 23:31:38",NULL
124733,940510,2,https://dqktdb1dhykn6.cloudfront.net/940510-8OHvOekF9.image/jpg,1,"2020-05-11 03:43:27",NULL,"2020-05-14 00:06:24",NULL
127345,942648,2,https://dqktdb1dhykn6.cloudfront.net/942648-txPzM0myL.image/jpeg,1,"2020-05-14 21:44:18",NULL,"2020-05-15 00:53:23",NULL
127937,945522,2,https://dqktdb1dhykn6.cloudfront.net/945522-uLAQMequZ.image/jpeg,1,"2020-05-15 18:28:29",NULL,"2020-05-16 02:15:27",NULL
128345,946133,1,https://dqktdb1dhykn6.cloudfront.net/946133-UqMskHxFK.image/jpeg,1,"2020-05-16 05:24:32",NULL,"2020-05-16 20:00:44",NULL
128392,946172,2,https://dqktdb1dhykn6.cloudfront.net/946172-Wk3PkWFLz.image/jpeg,1,"2020-05-16 06:22:40",NULL,"2020-05-16 20:06:25",NULL
175131,947658,2,https://dqktdb1dhykn6.cloudfront.net/947658-M3ju37zak.image/jpeg,1,"2020-07-06 01:19:32",NULL,"2020-07-06 22:15:49",NULL
130808,948322,2,https://dqktdb1dhykn6.cloudfront.net/948322-tIisPnCIZ.image/jpeg,1,"2020-05-19 12:42:52",NULL,"2020-05-20 02:56:29",NULL
135029,955194,1,https://dqktdb1dhykn6.cloudfront.net/955194-28Ua0FBKL.image/jpg,1,"2020-05-25 02:01:41",NULL,"2020-05-26 20:54:35",NULL
134677,955658,1,https://dqktdb1dhykn6.cloudfront.net/955658-COmPjwvci.image/jpg,1,"2020-05-24 19:05:12",NULL,"2020-05-26 05:34:40",NULL
134873,955719,2,https://dqktdb1dhykn6.cloudfront.net/955719-67CS1iLMo.image/jpeg,1,"2020-05-24 23:14:08",NULL,"2020-05-25 21:15:22",NULL
288356,956688,1,https://dqktdb1dhykn6.cloudfront.net/956688-76JwMdfpy.image/jpeg,1,"2020-10-16 16:48:40",NULL,"2020-10-21 16:58:03",NULL
135504,956837,2,https://dqktdb1dhykn6.cloudfront.net/956837-rkIS46KQp.image/jpg,1,"2020-05-25 18:07:44",NULL,"2020-05-25 18:12:03",NULL
375851,956837,2,https://dqktdb1dhykn6.cloudfront.net/956837-HPOhe5mZV.image/jpg,1,"2021-02-09 01:38:16",NULL,"2021-02-16 16:06:10",NULL
135764,957167,2,https://dqktdb1dhykn6.cloudfront.net/957167-h8JruhKRE.image/jpeg,1,"2020-05-25 23:47:41",NULL,"2020-05-26 04:15:36",NULL
186750,957706,1,https://dqktdb1dhykn6.cloudfront.net/957706-kBgqIHVtc.image/jpeg,1,"2020-07-20 21:20:41",NULL,"2020-07-21 03:11:35",NULL
216838,959298,1,https://dqktdb1dhykn6.cloudfront.net/959298-ApFqnX91p.image/jpg,0,"2020-08-22 19:48:57",NULL,NULL,NULL
216850,959298,1,https://dqktdb1dhykn6.cloudfront.net/959298-jDoPm64qB.image/jpg,1,"2020-08-22 20:04:02",NULL,"2020-08-24 23:48:59",NULL
216873,959298,1,https://dqktdb1dhykn6.cloudfront.net/959298-cPjJkvYkY.image/jpg,0,"2020-08-22 20:20:33",NULL,NULL,NULL
169210,959598,2,https://dqktdb1dhykn6.cloudfront.net/959598-fN7Q8MtiQ.image/jpg,1,"2020-06-28 14:45:41",NULL,"2020-06-30 18:51:43",NULL
138934,961867,2,https://dqktdb1dhykn6.cloudfront.net/961867-oMxn6h1eh.image/jpeg,1,"2020-05-30 04:58:23",NULL,"2020-06-01 21:15:17",NULL
140364,964070,1,https://dqktdb1dhykn6.cloudfront.net/964070-HnyEE8kmP.image/jpeg,1,"2020-06-01 03:24:29",NULL,"2020-06-01 21:57:58",NULL
140540,964326,2,https://dqktdb1dhykn6.cloudfront.net/964326-1w2UIX0H2.image/jpeg,1,"2020-06-01 06:54:57",NULL,"2020-06-03 00:36:35",NULL
141386,965392,1,https://dqktdb1dhykn6.cloudfront.net/965392-oV0X1wTKD.image/jpeg,1,"2020-06-02 19:58:32",NULL,"2020-06-03 01:55:36",NULL
142038,966654,2,https://dqktdb1dhykn6.cloudfront.net/966654-HObl0wWGa.image/jpeg,1,"2020-06-03 19:56:57",NULL,"2020-06-04 00:22:51",NULL
142518,967073,2,https://dqktdb1dhykn6.cloudfront.net/967073-8fP4ci2Ki.image/jpeg,1,"2020-06-04 06:08:52",NULL,"2020-06-05 03:01:45",NULL
144262,969108,2,https://dqktdb1dhykn6.cloudfront.net/969108-DDpsdjFsW.image/jpg,1,"2020-06-06 03:42:23",NULL,"2020-06-08 23:29:10",NULL
144312,969154,2,https://dqktdb1dhykn6.cloudfront.net/969154-fjnjbFIlE.image/jpg,0,"2020-06-06 04:11:16",NULL,NULL,NULL
147907,969154,1,https://dqktdb1dhykn6.cloudfront.net/969154-cRgoaqKvA.image/jpg,1,"2020-06-09 04:38:52",NULL,"2020-06-09 05:24:29",NULL
144459,969384,2,https://dqktdb1dhykn6.cloudfront.net/969384-OPHyq91ca.image/jpeg,1,"2020-06-06 06:37:08",NULL,"2020-06-08 23:52:24",NULL
145226,970193,2,https://dqktdb1dhykn6.cloudfront.net/970193-ZulwDmv13.image/jpg,1,"2020-06-07 01:40:19",NULL,"2020-06-09 20:34:01",NULL
145429,970379,2,https://dqktdb1dhykn6.cloudfront.net/970379-xrF8IAN3r.image/jpg,1,"2020-06-07 04:10:34",NULL,"2020-06-09 20:46:01",NULL
145500,970454,2,https://dqktdb1dhykn6.cloudfront.net/970454-lPW2HyTsw.image/jpg,1,"2020-06-07 04:57:38",NULL,"2020-06-09 20:50:03",NULL
146576,971593,2,https://dqktdb1dhykn6.cloudfront.net/971593-FTNuMcCwY.image/jpeg,1,"2020-06-08 03:08:57",NULL,"2020-06-10 13:51:31",NULL
150665,974179,1,https://dqktdb1dhykn6.cloudfront.net/974179-qvEiRMeW8.image/jpeg,1,"2020-06-10 21:54:06",NULL,"2020-06-12 02:16:37",NULL
151248,974777,1,https://dqktdb1dhykn6.cloudfront.net/974777-oeBFHj7pS.image/jpg,1,"2020-06-11 04:04:05",NULL,"2020-06-12 03:16:59",NULL
151513,975020,2,https://dqktdb1dhykn6.cloudfront.net/975020-kEwOKmh62.image/jpeg,1,"2020-06-11 07:51:02",NULL,"2020-06-11 21:57:24","{""isR"":false,""rScore"":0.22331847250461578,""isAdultContent"":false,""adultScore"":0.1054970994591713,""faces"":[{""age"":30,""gender"":""Female"",""faceRectangle"":{""left"":1111,""top"":1696,""width"":1318,""height"":1318}}]}"
151767,975210,1,https://dqktdb1dhykn6.cloudfront.net/975210-bT28lMk2q.image/jpeg,1,"2020-06-11 16:27:04",NULL,"2020-06-11 21:31:29","{""isR"":false,""rScore"":0.0953507274389267,""isAdultContent"":false,""adultScore"":0.09081441909074783,""faces"":[{""age"":38,""gender"":""Female"",""faceRectangle"":{""left"":1044,""top"":1467,""width"":975,""height"":975}}]}"
367708,975210,1,https://dqktdb1dhykn6.cloudfront.net/975210-qKUZskaZl.image/jpeg,1,"2021-01-29 16:12:06",NULL,"2021-01-29 20:15:27",NULL
153310,976492,1,https://dqktdb1dhykn6.cloudfront.net/976492-GuzQ5WiOX.image/jpg,1,"2020-06-13 00:25:22",NULL,"2020-06-13 01:32:52","{""isR"":false,""rScore"":0.06908420473337173,""isAdultContent"":false,""adultScore"":0.05588926374912262,""faces"":[{""age"":32,""gender"":""Female"",""faceRectangle"":{""left"":202,""top"":324,""width"":226,""height"":226}}]}"
154449,977629,2,https://dqktdb1dhykn6.cloudfront.net/977629-lhn8ZLrtG.image/jpeg,1,"2020-06-13 23:42:47",NULL,"2020-06-16 17:54:29","{""isR"":false,""rScore"":0.05786712467670441,""isAdultContent"":false,""adultScore"":0.05183640122413635,""faces"":[{""age"":30,""gender"":""Female"",""faceRectangle"":{""left"":782,""top"":640,""width"":987,""height"":987}}]}"
167190,977942,1,https://dqktdb1dhykn6.cloudfront.net/977942-o9wXI3nPr.image/jpg,1,"2020-06-26 01:55:46",NULL,"2020-06-26 19:08:02",NULL
155699,978457,1,https://dqktdb1dhykn6.cloudfront.net/978457-JR0Zx0Ogh.image/jpg,0,"2020-06-15 00:03:15",NULL,NULL,"{""isR"":true,""rScore"":0.4072943329811096,""isAdultContent"":false,""adultScore"":0.29212135076522827,""faces"":[]}"
249318,979362,2,https://dqktdb1dhykn6.cloudfront.net/979362-4voyaAUOT.image/jpeg,1,"2020-09-08 00:21:30",NULL,"2020-09-11 20:25:13",NULL
158919,981337,1,https://dqktdb1dhykn6.cloudfront.net/981337-51Nwuw9ky.image/jpeg,1,"2020-06-17 06:28:15",NULL,"2020-06-19 18:56:01",NULL
231137,981580,2,https://dqktdb1dhykn6.cloudfront.net/981580-Q7piNRi8c.image/jpg,1,"2020-08-30 05:33:19",NULL,"2020-09-03 15:40:19",NULL
159943,982398,2,https://dqktdb1dhykn6.cloudfront.net/982398-Gq4g893cC.image/jpg,0,"2020-06-18 05:47:23",NULL,NULL,"{""isR"":false,""rScore"":0.17857831716537476,""isAdultContent"":false,""adultScore"":0.14382973313331604,""faces"":[]}"
160734,983148,1,https://dqktdb1dhykn6.cloudfront.net/983148-2BRMoblXh.image/jpeg,0,"2020-06-19 03:12:25",NULL,NULL,"{""isR"":false,""rScore"":0.01075095497071743,""isAdultContent"":false,""adultScore"":0.007515422068536282,""faces"":[{""age"":24,""gender"":""Female"",""faceRectangle"":{""left"":621,""top"":1355,""width"":1050,""height"":1050}}]}"
161173,983648,2,https://dqktdb1dhykn6.cloudfront.net/983648-jW2KruBtR.image/jpeg,1,"2020-06-19 17:02:49",NULL,"2020-06-20 01:51:17","{""isR"":false,""rScore"":0.07531732320785522,""isAdultContent"":false,""adultScore"":0.07432819902896881,""faces"":[{""age"":38,""gender"":""Male"",""faceRectangle"":{""left"":444,""top"":910,""width"":1075,""height"":1075}}]}"
162323,984846,1,https://dqktdb1dhykn6.cloudfront.net/984846-CBJuY7SOq.image/jpeg,1,"2020-06-20 21:55:11",NULL,"2020-06-22 17:15:34","{""isR"":false,""rScore"":0.02180570363998413,""isAdultContent"":false,""adultScore"":0.019827360287308693,""faces"":[{""age"":27,""gender"":""Male"",""faceRectangle"":{""left"":813,""top"":1847,""width"":1231,""height"":1231}}]}"
163536,986119,2,https://dqktdb1dhykn6.cloudfront.net/986119-Xb4aeCUwj.image/jpeg,1,"2020-06-22 00:37:52",NULL,"2020-06-24 03:09:56","{""isR"":false,""rScore"":0.1389753222465515,""isAdultContent"":false,""adultScore"":0.13737168908119202,""faces"":[{""age"":27,""gender"":""Male"",""faceRectangle"":{""left"":586,""top"":1254,""width"":1165,""height"":1165}}]}"
163729,986233,2,https://dqktdb1dhykn6.cloudfront.net/986233-Hm53n7ZrR.image/jpeg,1,"2020-06-22 03:05:33",NULL,"2020-06-22 20:02:38","{""isR"":false,""rScore"":0.009974757209420204,""isAdultContent"":false,""adultScore"":0.008083423599600792,""faces"":[{""age"":27,""gender"":""Female"",""faceRectangle"":{""left"":805,""top"":728,""width"":1286,""height"":1286}}]}"
164175,986793,2,https://dqktdb1dhykn6.cloudfront.net/986793-EF19emKUR.image/jpeg,1,"2020-06-22 16:53:22",NULL,"2020-06-22 18:02:51","{""isR"":false,""rScore"":0.05035228282213211,""isAdultContent"":false,""adultScore"":0.029847679659724236,""faces"":[]}"
167486,990529,2,https://dqktdb1dhykn6.cloudfront.net/990529-eJZvoc15E.image/jpg,1,"2020-06-26 07:50:58",NULL,"2020-06-26 19:31:44",NULL
169480,992915,1,https://dqktdb1dhykn6.cloudfront.net/992915-lttZbgVVt.image/jpeg,1,"2020-06-28 20:46:17",NULL,"2020-06-30 19:22:16",NULL
169697,993177,2,https://dqktdb1dhykn6.cloudfront.net/993177-onhykFKTD.image/jpg,1,"2020-06-29 00:31:54",NULL,"2020-06-30 19:34:14",NULL
170825,994528,1,https://dqktdb1dhykn6.cloudfront.net/994528-kd4yfWb3w.image/jpg,0,"2020-06-30 05:04:03",NULL,NULL,NULL
170876,994597,2,https://dqktdb1dhykn6.cloudfront.net/994597-PHMBjFv1G.image/jpeg,0,"2020-06-30 06:23:57",NULL,NULL,NULL
171677,995618,2,https://dqktdb1dhykn6.cloudfront.net/995618-Ri9mhFF3F.image/jpg,0,"2020-07-01 11:33:37",NULL,NULL,NULL
172771,997048,2,https://dqktdb1dhykn6.cloudfront.net/997048-AGZd3kyJI.image/jpeg,1,"2020-07-03 02:19:35",NULL,"2020-07-03 02:26:46",NULL
172772,997048,2,https://dqktdb1dhykn6.cloudfront.net/997048-sJlQ6vReK.image/jpeg,1,"2020-07-03 02:19:50",NULL,"2020-07-03 02:26:47",NULL
172776,997048,2,https://dqktdb1dhykn6.cloudfront.net/997048-clyNQGHk3.image/jpeg,1,"2020-07-03 02:22:36",NULL,"2020-07-03 02:29:51",NULL
381449,997048,2,https://dqktdb1dhykn6.cloudfront.net/997048-OwqZZCxa8.image/jpeg,1,"2021-02-16 15:29:37",NULL,"2021-02-17 19:49:13",NULL
218364,998130,2,https://dqktdb1dhykn6.cloudfront.net/998130-EF4hy73J1.image/jpeg,1,"2020-08-23 19:06:11",NULL,"2020-08-24 15:55:52",NULL
173782,998307,1,https://dqktdb1dhykn6.cloudfront.net/998307-ePIaPOEU3.image/jpeg,0,"2020-07-04 09:04:06",NULL,NULL,NULL
173929,998511,1,https://dqktdb1dhykn6.cloudfront.net/998511-zdWuBZPan.image/jpg,0,"2020-07-04 17:34:04",NULL,NULL,NULL
174500,999192,2,https://dqktdb1dhykn6.cloudfront.net/999192-nG5TD0Ney.image/jpeg,1,"2020-07-05 06:41:36",NULL,"2020-07-06 21:12:48",NULL
175323,1000194,1,https://dqktdb1dhykn6.cloudfront.net/1000194-fJDtR47BU.image/jpg,0,"2020-07-06 04:02:21",NULL,NULL,NULL
176039,1001200,2,https://dqktdb1dhykn6.cloudfront.net/1001200-6M7ox0O1M.image/jpeg,1,"2020-07-06 23:50:51",NULL,"2020-07-07 03:45:25",NULL
177694,1003386,2,https://dqktdb1dhykn6.cloudfront.net/1003386-5X6GUBeUe.image/jpeg,1,"2020-07-08 23:17:39",NULL,"2020-07-09 01:12:55",NULL
177711,1003391,2,https://dqktdb1dhykn6.cloudfront.net/1003391-R2KY9z6vC.image/jpeg,1,"2020-07-08 23:33:13",NULL,"2020-07-09 02:28:15",NULL
177712,1003391,2,https://dqktdb1dhykn6.cloudfront.net/1003391-LucpcubZU.image/jpeg,1,"2020-07-08 23:34:11",NULL,"2020-07-09 01:11:07",NULL
177713,1003391,2,https://dqktdb1dhykn6.cloudfront.net/1003391-zogiz6CCd.image/jpeg,1,"2020-07-08 23:35:05",NULL,"2020-07-09 02:28:19",NULL
251649,1003391,2,https://dqktdb1dhykn6.cloudfront.net/1003391-B4WymgwIV.image/jpeg,1,"2020-09-08 23:36:37",NULL,"2020-09-11 22:30:10",NULL
345174,1003391,2,https://dqktdb1dhykn6.cloudfront.net/1003391-m1J9Pi7ZM.image/jpeg,1,"2021-01-01 13:17:05",NULL,"2021-01-01 19:47:59",NULL
177718,1003402,1,https://dqktdb1dhykn6.cloudfront.net/1003402-uJ0CA4BAV.image/jpeg,1,"2020-07-08 23:44:03",NULL,"2020-07-09 02:28:37",NULL
177719,1003402,2,https://dqktdb1dhykn6.cloudfront.net/1003402-p1pgN7XVg.image/jpeg,1,"2020-07-08 23:45:04",NULL,"2020-07-09 02:28:39",NULL
177715,1003408,2,https://dqktdb1dhykn6.cloudfront.net/1003408-4G0EdKh2j.image/jpeg,1,"2020-07-08 23:39:17",NULL,"2020-07-09 02:28:27",NULL
180249,1006710,1,https://dqktdb1dhykn6.cloudfront.net/1006710-3HXNHiALN.image/jpg,1,"2020-07-12 05:25:24",NULL,"2020-07-14 03:29:55",NULL
181954,1008936,2,https://dqktdb1dhykn6.cloudfront.net/1008936-lYop8N13u.image/jpg,1,"2020-07-14 09:18:25",NULL,"2020-07-14 16:13:04",NULL
272261,1008936,2,https://dqktdb1dhykn6.cloudfront.net/1008936-kTH2MltY0.image/jpg,1,"2020-09-28 04:47:25",NULL,"2020-09-29 16:40:47",NULL
182827,1010121,2,https://dqktdb1dhykn6.cloudfront.net/1010121-9DfrTaOEF.image/jpeg,1,"2020-07-15 19:11:38",NULL,"2020-07-15 21:28:21",NULL
184479,1012156,2,https://dqktdb1dhykn6.cloudfront.net/1012156-JBHzaE1AO.image/jpeg,1,"2020-07-18 01:22:32",NULL,"2020-07-18 14:15:44",NULL
186309,1014300,2,https://dqktdb1dhykn6.cloudfront.net/1014300-HUpUzITAe.image/jpg,1,"2020-07-20 04:04:57",NULL,"2020-07-20 23:55:58",NULL
187553,1015679,1,https://dqktdb1dhykn6.cloudfront.net/1015679-dTnHx0IIo.image/jpeg,1,"2020-07-21 22:39:46",NULL,"2020-07-22 03:28:04",NULL
187554,1015679,1,https://dqktdb1dhykn6.cloudfront.net/1015679-uaTEfge4A.image/jpeg,1,"2020-07-21 22:40:10",NULL,"2020-07-22 03:28:05",NULL
188239,1016755,2,https://dqktdb1dhykn6.cloudfront.net/1016755-1wIS03zUP.image/jpg,1,"2020-07-22 20:57:06",NULL,"2020-07-22 22:52:45",NULL
188542,1017153,2,https://dqktdb1dhykn6.cloudfront.net/1017153-pcPPwhj1K.image/jpg,1,"2020-07-23 04:16:52",NULL,"2020-07-23 04:35:04",NULL
189160,1017924,1,https://dqktdb1dhykn6.cloudfront.net/1017924-chP45BtAg.image/jpeg,0,"2020-07-24 02:51:33",NULL,NULL,NULL
270186,1017924,2,https://dqktdb1dhykn6.cloudfront.net/1017924-2nxOLE3Xd.image/jpeg,1,"2020-09-26 05:07:17",NULL,"2020-09-28 18:02:23",NULL
189319,1018105,1,https://dqktdb1dhykn6.cloudfront.net/1018105-AE7dcsRCj.image/jpeg,1,"2020-07-24 05:51:07",NULL,"2020-07-24 15:57:49",NULL
190156,1019142,2,https://dqktdb1dhykn6.cloudfront.net/1019142-zoVKOM2EY.image/jpeg,1,"2020-07-25 06:47:18",NULL,"2020-07-27 19:38:31",NULL
190919,1020083,1,https://dqktdb1dhykn6.cloudfront.net/1020083-QJYMVkjzQ.image/jpeg,1,"2020-07-26 06:08:34",NULL,"2020-07-27 22:12:35",NULL
190921,1020083,1,https://dqktdb1dhykn6.cloudfront.net/1020083-4aH8hHhse.image/jpeg,1,"2020-07-26 06:09:33",NULL,"2020-07-27 22:12:41",NULL
190923,1020083,1,https://dqktdb1dhykn6.cloudfront.net/1020083-h2K7ydD0r.image/jpeg,1,"2020-07-26 06:10:37",NULL,"2020-07-27 22:13:08",NULL
190925,1020083,1,https://dqktdb1dhykn6.cloudfront.net/1020083-XqgIMDvcw.image/jpeg,1,"2020-07-26 06:10:51",NULL,"2020-07-27 22:13:12",NULL
372801,1020083,1,https://dqktdb1dhykn6.cloudfront.net/1020083-mN6IoLF24.image/jpeg,1,"2021-02-05 05:26:31",NULL,"2021-02-09 22:33:59",NULL
193840,1020597,1,https://dqktdb1dhykn6.cloudfront.net/1020597-AM5oNp1Sd.image/jpeg,0,"2020-07-29 21:19:17",NULL,NULL,NULL
256774,1020597,1,https://dqktdb1dhykn6.cloudfront.net/1020597-A9Q2kOWOZ.image/jpeg,0,"2020-09-12 21:18:07",NULL,NULL,NULL
267708,1020597,1,https://dqktdb1dhykn6.cloudfront.net/1020597-mZ41i8DnP.image/jpeg,1,"2020-09-23 17:04:42",NULL,"2020-09-23 18:13:36",NULL
191696,1020975,2,https://dqktdb1dhykn6.cloudfront.net/1020975-lCNoeTPrX.image/jpg,1,"2020-07-27 01:53:53",NULL,"2020-07-28 04:06:01",NULL
191864,1021075,2,https://dqktdb1dhykn6.cloudfront.net/1021075-uNq3qgYaN.image/jpg,1,"2020-07-27 04:17:04",NULL,"2020-07-28 17:15:45",NULL
191852,1021163,2,https://dqktdb1dhykn6.cloudfront.net/1021163-oFQmL1njG.image/jpg,1,"2020-07-27 04:06:09",NULL,"2020-07-28 17:14:54",NULL
191865,1021189,1,https://dqktdb1dhykn6.cloudfront.net/1021189-NJyBeCDD5.image/jpg,0,"2020-07-27 04:17:18",NULL,NULL,NULL
193713,1021998,2,https://dqktdb1dhykn6.cloudfront.net/1021998-TBFI1r2Gf.image/jpg,1,"2020-07-29 16:52:28",NULL,"2020-07-29 22:29:50",NULL
193224,1022827,2,https://dqktdb1dhykn6.cloudfront.net/1022827-xNtzNpksq.image/jpg,1,"2020-07-29 00:42:37",NULL,"2020-07-29 02:23:30",NULL
198790,1029822,2,https://dqktdb1dhykn6.cloudfront.net/1029822-q4kV5Sbec.image/jpeg,1,"2020-08-05 05:07:49",NULL,"2020-08-05 14:41:41",NULL
199840,1030769,2,https://dqktdb1dhykn6.cloudfront.net/1030769-aLm0UKgYz.image/jpeg,1,"2020-08-06 20:08:40",NULL,"2020-08-06 20:14:48",NULL
258449,1030769,2,https://dqktdb1dhykn6.cloudfront.net/1030769-ZRIzyivNc.image/jpeg,1,"2020-09-14 02:00:32",NULL,"2020-09-22 16:23:29",NULL
200344,1031080,2,https://dqktdb1dhykn6.cloudfront.net/1031080-ce9KM58eL.image/jpeg,1,"2020-08-07 08:05:17",NULL,"2020-08-07 13:25:24",NULL
201523,1033158,1,https://dqktdb1dhykn6.cloudfront.net/1033158-3DlYaMJZC.image/jpeg,0,"2020-08-09 01:48:54",NULL,NULL,NULL
201524,1033158,2,https://dqktdb1dhykn6.cloudfront.net/1033158-AKPcR67ub.image/jpeg,1,"2020-08-09 01:49:13",NULL,"2020-08-10 17:13:44",NULL
202063,1033800,1,https://dqktdb1dhykn6.cloudfront.net/1033800-BWBgTlJG3.image/jpg,0,"2020-08-09 18:14:36",NULL,NULL,NULL
202214,1033969,1,https://dqktdb1dhykn6.cloudfront.net/1033969-Yma8YUoCv.image/jpeg,1,"2020-08-09 21:12:01",NULL,"2020-08-11 21:40:38",NULL
203191,1035043,1,https://dqktdb1dhykn6.cloudfront.net/1035043-fP9kEZat0.image/jpeg,1,"2020-08-10 21:52:13",NULL,"2020-08-12 16:39:27",NULL
204060,1036131,1,https://dqktdb1dhykn6.cloudfront.net/1036131-nezm40Wc4.image/jpeg,1,"2020-08-11 23:38:25",NULL,"2020-08-12 18:00:26",NULL
358705,1036131,2,https://dqktdb1dhykn6.cloudfront.net/1036131-ZTpXefRtt.image/jpeg,1,"2021-01-17 22:28:08",NULL,"2021-01-19 20:51:00",NULL
204628,1036832,1,https://dqktdb1dhykn6.cloudfront.net/1036832-a6q32pGay.image/jpeg,1,"2020-08-12 18:07:32",NULL,"2020-08-12 18:41:52",NULL
207021,1038886,1,https://dqktdb1dhykn6.cloudfront.net/1038886-iF4WYcm2e.image/jpg,1,"2020-08-14 22:56:25",NULL,"2020-08-17 18:18:54",NULL
208530,1039154,2,https://dqktdb1dhykn6.cloudfront.net/1039154-uE1TV7tbW.image/jpeg,1,"2020-08-16 05:00:29",NULL,"2020-08-17 20:03:43",NULL
208532,1039154,2,https://dqktdb1dhykn6.cloudfront.net/1039154-sI3hNVzjm.image/jpeg,1,"2020-08-16 05:00:51",NULL,"2020-08-17 20:03:44",NULL
381313,1039154,1,https://dqktdb1dhykn6.cloudfront.net/1039154-uhlxLtVk1.image/jpeg,0,"2021-02-16 06:47:55",NULL,NULL,NULL
209083,1040558,2,https://dqktdb1dhykn6.cloudfront.net/1040558-9XrksiYQV.image/jpg,0,"2020-08-16 17:05:52",NULL,NULL,NULL
261225,1040558,2,https://dqktdb1dhykn6.cloudfront.net/1040558-f9fBe39pr.image/jpg,0,"2020-09-16 21:55:00",NULL,NULL,NULL
211866,1042696,1,https://dqktdb1dhykn6.cloudfront.net/1042696-lnyV6ZLMG.image/jpeg,1,"2020-08-18 15:59:07",NULL,"2020-08-19 19:47:43",NULL
212097,1042861,2,https://dqktdb1dhykn6.cloudfront.net/1042861-T6Gj37lvM.image/jpeg,1,"2020-08-18 20:30:30",NULL,"2020-08-18 21:22:03",NULL
212623,1043293,2,https://dqktdb1dhykn6.cloudfront.net/1043293-KOGuWWIZ1.image/jpg,1,"2020-08-19 03:22:14",NULL,"2020-08-19 20:18:50",NULL
213465,1043920,2,https://dqktdb1dhykn6.cloudfront.net/1043920-25ScNeTzI.image/jpeg,1,"2020-08-19 21:25:52",NULL,"2020-08-19 22:12:31",NULL
214623,1045086,1,https://dqktdb1dhykn6.cloudfront.net/1045086-19jfYeOhD.image/jpeg,1,"2020-08-20 21:29:39",NULL,"2020-08-20 21:35:48",NULL
215275,1045756,1,https://dqktdb1dhykn6.cloudfront.net/1045756-vEtorDlTm.image/jpg,1,"2020-08-21 08:54:17",NULL,"2020-08-21 21:01:10",NULL
215305,1045756,1,https://dqktdb1dhykn6.cloudfront.net/1045756-nMl7rbRKk.image/jpg,1,"2020-08-21 09:59:48",NULL,"2020-08-21 21:03:10",NULL
215312,1045756,1,https://dqktdb1dhykn6.cloudfront.net/1045756-kGOfhZjsk.image/jpg,1,"2020-08-21 10:25:36",NULL,"2020-08-21 21:03:47",NULL
215324,1045783,2,https://dqktdb1dhykn6.cloudfront.net/1045783-k03nCWvKu.image/jpeg,1,"2020-08-21 10:55:50",NULL,"2020-08-21 21:04:28",NULL
218720,1048557,1,https://dqktdb1dhykn6.cloudfront.net/1048557-VELCcCll6.image/jpeg,1,"2020-08-23 22:18:38",NULL,"2020-08-26 20:55:21",NULL
219126,1048814,1,https://dqktdb1dhykn6.cloudfront.net/1048814-OZisZaDaI.image/jpg,1,"2020-08-24 01:50:21",NULL,"2020-08-26 21:38:32",NULL
222569,1048814,1,https://dqktdb1dhykn6.cloudfront.net/1048814-Qw3AT1Vx3.image/jpg,1,"2020-08-25 23:21:02",NULL,"2020-08-28 21:28:23",NULL
221171,1049060,2,https://dqktdb1dhykn6.cloudfront.net/1049060-52O5JwDVB.image/jpeg,1,"2020-08-25 04:02:36",NULL,"2020-08-27 22:12:42",NULL
219430,1049074,1,https://dqktdb1dhykn6.cloudfront.net/1049074-37u1olhG6.image/jpeg,1,"2020-08-24 04:32:10",NULL,"2020-08-26 21:59:58",NULL
223316,1050634,1,https://dqktdb1dhykn6.cloudfront.net/1050634-OayZVddBn.image/jpg,1,"2020-08-26 05:11:06",NULL,"2020-08-28 22:23:02",NULL
231075,1051411,1,https://dqktdb1dhykn6.cloudfront.net/1051411-wEh4sryN9.image/jpeg,1,"2020-08-30 04:56:43",NULL,"2020-09-03 15:38:11",NULL
266209,1051411,2,https://dqktdb1dhykn6.cloudfront.net/1051411-NuFNwEpZT.image/jpeg,1,"2020-09-22 00:58:04",NULL,"2020-09-23 17:34:59",NULL
224194,1051857,2,https://dqktdb1dhykn6.cloudfront.net/1051857-RdaRQLioX.image/jpeg,1,"2020-08-26 19:08:30",NULL,"2020-08-27 19:25:47",NULL
228886,1054839,1,https://dqktdb1dhykn6.cloudfront.net/1054839-g2TRFDdaI.image/jpeg,1,"2020-08-29 03:58:01",NULL,"2020-08-29 13:50:01",NULL
229112,1054890,1,https://dqktdb1dhykn6.cloudfront.net/1054890-blInOKEgm.image/jpg,1,"2020-08-29 06:07:15",NULL,"2020-09-02 21:22:00",NULL
230238,1054890,2,https://dqktdb1dhykn6.cloudfront.net/1054890-MiPKsKA1W.image/jpg,1,"2020-08-29 22:18:25",NULL,"2020-09-02 22:42:29",NULL
231923,1054890,2,https://dqktdb1dhykn6.cloudfront.net/1054890-vefs5qtGu.image/jpg,1,"2020-08-30 17:28:41",NULL,"2020-09-03 16:35:29",NULL
262131,1054890,2,https://dqktdb1dhykn6.cloudfront.net/1054890-J4n6msAvm.image/jpg,1,"2020-09-17 20:42:52",NULL,"2020-09-23 15:27:43",NULL
275032,1057634,2,https://dqktdb1dhykn6.cloudfront.net/1057634-6Ty3Z7DJ2.image/jpeg,1,"2020-10-01 08:23:09",NULL,"2020-10-01 16:24:26",NULL
378758,1057634,1,https://dqktdb1dhykn6.cloudfront.net/1057634-Ev2uofeDh.image/jpeg,0,"2021-02-13 05:25:47",NULL,NULL,NULL
236078,1059023,2,https://dqktdb1dhykn6.cloudfront.net/1059023-NrnsgnCON.image/jpeg,1,"2020-09-01 14:30:26",NULL,"2020-09-03 22:38:00",NULL
236518,1059222,1,https://dqktdb1dhykn6.cloudfront.net/1059222-zHxEPN3LP.image/jpg,1,"2020-09-01 20:14:50",NULL,"2020-09-01 21:34:58",NULL
236530,1059222,1,https://dqktdb1dhykn6.cloudfront.net/1059222-9Jcp53CHT.image/jpg,1,"2020-09-01 20:20:56",NULL,"2020-09-04 17:20:05",NULL
242958,1062951,1,https://dqktdb1dhykn6.cloudfront.net/1062951-W2wFOiFd5.image/jpg,0,"2020-09-05 03:52:46",NULL,NULL,NULL
243858,1062951,1,https://dqktdb1dhykn6.cloudfront.net/1062951-XLWBHtmzk.image/jpg,1,"2020-09-05 18:50:38",NULL,"2020-09-09 21:31:39",NULL
245811,1064599,2,https://dqktdb1dhykn6.cloudfront.net/1064599-BGO55vzce.image/jpg,0,"2020-09-06 16:23:32",NULL,NULL,NULL
246140,1064599,1,https://dqktdb1dhykn6.cloudfront.net/1064599-DZpXBSccZ.image/jpg,0,"2020-09-06 18:55:25",NULL,NULL,NULL
247895,1065768,1,https://dqktdb1dhykn6.cloudfront.net/1065768-qJ1nSgSdI.image/jpg,0,"2020-09-07 08:42:35",NULL,NULL,NULL
247962,1065806,2,https://dqktdb1dhykn6.cloudfront.net/1065806-ngwVqqc25.image/jpg,1,"2020-09-07 10:20:44",NULL,"2020-09-10 19:51:58",NULL
247975,1065806,2,https://dqktdb1dhykn6.cloudfront.net/1065806-lLwzBG2Zh.image/jpg,1,"2020-09-07 10:39:37",NULL,"2020-09-10 19:52:17",NULL
247984,1065806,2,https://dqktdb1dhykn6.cloudfront.net/1065806-J8SBFOpry.image/jpg,1,"2020-09-07 11:00:59",NULL,"2020-09-10 19:52:33",NULL
248050,1065806,2,https://dqktdb1dhykn6.cloudfront.net/1065806-U1Lnezq1Y.image/jpg,1,"2020-09-07 12:10:12",NULL,"2020-09-10 19:53:47",NULL
248055,1065806,2,https://dqktdb1dhykn6.cloudfront.net/1065806-dqEN8mBDo.image/jpg,1,"2020-09-07 12:16:04",NULL,"2020-09-07 14:23:50",NULL
248150,1065806,2,https://dqktdb1dhykn6.cloudfront.net/1065806-1Nv3VkWNk.image/jpg,1,"2020-09-07 14:08:58",NULL,"2020-09-10 19:55:22",NULL
250881,1065806,1,https://dqktdb1dhykn6.cloudfront.net/1065806-worokZYj5.image/jpg,1,"2020-09-08 17:33:24",NULL,"2020-09-11 21:37:28",NULL
251015,1065806,2,https://dqktdb1dhykn6.cloudfront.net/1065806-7cHgNBt5w.image/jpg,1,"2020-09-08 18:40:05",NULL,"2020-09-11 21:41:26",NULL
248124,1065883,1,https://dqktdb1dhykn6.cloudfront.net/1065883-Jc6WLBIR7.image/jpg,0,"2020-09-07 13:43:19",NULL,NULL,NULL
251238,1065883,1,https://dqktdb1dhykn6.cloudfront.net/1065883-GuE4c6BrB.image/jpg,0,"2020-09-08 20:26:20",NULL,NULL,NULL
252361,1066978,2,https://dqktdb1dhykn6.cloudfront.net/1066978-097Aei9H5.image/jpeg,1,"2020-09-09 04:45:12",NULL,"2020-09-16 20:00:30",NULL
255259,1070531,1,https://dqktdb1dhykn6.cloudfront.net/1070531-6crnAdb1M.image/jpg,0,"2020-09-11 07:17:22",NULL,NULL,NULL
256243,1071007,1,https://dqktdb1dhykn6.cloudfront.net/1071007-94Gn386nn.image/jpeg,1,"2020-09-12 05:43:54",NULL,"2020-09-21 19:36:10",NULL
260152,1071180,2,https://dqktdb1dhykn6.cloudfront.net/1071180-wo8ofMDjC.image/jpeg,1,"2020-09-15 18:24:04",NULL,"2020-09-22 18:24:27",NULL
356636,1071180,2,https://dqktdb1dhykn6.cloudfront.net/1071180-R371vtXOx.image/jpeg,0,"2021-01-15 08:48:08",NULL,NULL,NULL
365283,1071180,2,https://dqktdb1dhykn6.cloudfront.net/1071180-MRAuD6TC6.image/jpeg,1,"2021-01-26 02:35:26",NULL,"2021-01-27 19:35:51",NULL
256968,1072240,2,https://dqktdb1dhykn6.cloudfront.net/1072240-t6U2eorfA.image/jpeg,1,"2020-09-13 00:12:11",NULL,"2020-09-21 19:54:08",NULL
257869,1073144,2,https://dqktdb1dhykn6.cloudfront.net/1073144-qtHnfgBxr.image/jpeg,1,"2020-09-13 19:06:23",NULL,"2020-09-22 16:01:33",NULL
353295,1073144,2,https://dqktdb1dhykn6.cloudfront.net/1073144-c0DLIvhr8.image/jpeg,1,"2021-01-11 02:50:25",NULL,"2021-01-13 18:30:43",NULL
258000,1073253,2,https://dqktdb1dhykn6.cloudfront.net/1073253-y7H0p640E.image/jpeg,1,"2020-09-13 20:46:52",NULL,"2020-09-14 14:46:22",NULL
258230,1073397,1,https://dqktdb1dhykn6.cloudfront.net/1073397-u2peeaGKD.image/jpeg,0,"2020-09-13 23:28:09",NULL,NULL,NULL
299578,1073397,2,https://dqktdb1dhykn6.cloudfront.net/1073397-UufTSmfMj.image/jpeg,1,"2020-10-31 02:44:57",NULL,"2020-11-02 21:32:52",NULL
260262,1075256,1,https://dqktdb1dhykn6.cloudfront.net/1075256-ec8h2GG7k.image/jpeg,1,"2020-09-15 21:04:36",NULL,"2020-09-22 18:29:53",NULL
259942,1075329,2,https://dqktdb1dhykn6.cloudfront.net/1075329-hi9oFvnE6.image/jpg,0,"2020-09-15 08:41:25",NULL,NULL,NULL
261032,1076450,2,https://dqktdb1dhykn6.cloudfront.net/1076450-jCUOa5kug.image/jpeg,0,"2020-09-16 17:00:46",NULL,NULL,NULL
261148,1076450,2,https://dqktdb1dhykn6.cloudfront.net/1076450-iscJUmwy9.image/jpeg,1,"2020-09-16 19:57:48",NULL,"2020-09-22 22:53:32",NULL
261519,1076949,1,https://dqktdb1dhykn6.cloudfront.net/1076949-Kbj09XuUj.image/jpeg,1,"2020-09-17 03:00:55",NULL,"2020-09-17 16:23:32",NULL
262441,1078056,1,https://dqktdb1dhykn6.cloudfront.net/1078056-ShlKVQVbd.image/jpg,1,"2020-09-18 02:49:24",NULL,"2020-09-23 15:35:13",NULL
263059,1078764,2,https://dqktdb1dhykn6.cloudfront.net/1078764-tkXK5C3m8.image/jpg,1,"2020-09-18 21:11:26",NULL,"2020-09-23 16:00:53",NULL
356891,1078764,2,https://dqktdb1dhykn6.cloudfront.net/1078764-hIp9mmkSd.image/jpg,1,"2021-01-15 22:18:13",NULL,"2021-01-18 18:57:42",NULL
263855,1079631,1,https://dqktdb1dhykn6.cloudfront.net/1079631-mtmS22Upn.image/jpeg,1,"2020-09-19 18:02:11",NULL,"2020-09-23 16:19:05",NULL
359997,1079631,1,https://dqktdb1dhykn6.cloudfront.net/1079631-xGEek826i.image/jpeg,1,"2021-01-19 05:01:04",NULL,"2021-01-22 18:35:51",NULL
265051,1080961,1,https://dqktdb1dhykn6.cloudfront.net/1080961-h5RBVJT4R.image/jpg,0,"2020-09-20 22:15:16",NULL,NULL,NULL
289239,1080961,2,https://dqktdb1dhykn6.cloudfront.net/1080961-IXewDuxu0.image/jpg,0,"2020-10-17 21:13:19",NULL,NULL,NULL
329998,1080961,1,https://dqktdb1dhykn6.cloudfront.net/1080961-QE8HDrPGc.image/jpg,0,"2020-12-09 19:06:44",NULL,NULL,NULL
266043,1082013,2,https://dqktdb1dhykn6.cloudfront.net/1082013-iYOAjOMhp.image/jpeg,1,"2020-09-21 21:56:14",NULL,"2020-09-23 17:31:38",NULL
266780,1082032,1,https://dqktdb1dhykn6.cloudfront.net/1082032-vD7yjQxhz.image/jpeg,1,"2020-09-22 16:19:03",NULL,"2020-09-23 17:45:56",NULL
268874,1084539,2,https://dqktdb1dhykn6.cloudfront.net/1084539-lVhnegJhK.image/jpeg,1,"2020-09-24 23:33:58",NULL,"2020-09-25 16:30:25",NULL
268718,1084917,1,https://dqktdb1dhykn6.cloudfront.net/1084917-VqOEGY9rR.image/jpeg,1,"2020-09-24 20:17:40",NULL,"2020-09-25 14:03:56",NULL
269984,1086176,2,https://dqktdb1dhykn6.cloudfront.net/1086176-jCW9nq4RV.image/jpg,1,"2020-09-26 02:00:56",NULL,"2020-09-28 17:53:11",NULL
273234,1089775,2,https://dqktdb1dhykn6.cloudfront.net/1089775-he6kWCvvl.image/jpg,1,"2020-09-29 05:59:38",NULL,"2020-09-29 17:29:09",NULL
274093,1090657,2,https://dqktdb1dhykn6.cloudfront.net/1090657-EWQod55dF.image/jpeg,1,"2020-09-30 05:34:50",NULL,"2020-09-30 14:47:39",NULL
274889,1091171,2,https://dqktdb1dhykn6.cloudfront.net/1091171-2TlBsIgV0.image/jpeg,1,"2020-10-01 04:25:07",NULL,"2020-10-02 15:38:27",NULL
316737,1091171,2,https://dqktdb1dhykn6.cloudfront.net/1091171-AMNawDAjY.image/jpeg,1,"2020-11-22 07:32:54",NULL,"2020-11-23 19:59:47",NULL
274732,1091393,1,https://dqktdb1dhykn6.cloudfront.net/1091393-Wf5YVO8kj.image/jpeg,0,"2020-10-01 02:06:20",NULL,NULL,NULL
276225,1093021,1,https://dqktdb1dhykn6.cloudfront.net/1093021-jZ2xPF4g5.image/jpeg,0,"2020-10-02 21:12:17",NULL,NULL,NULL
279258,1093021,1,https://dqktdb1dhykn6.cloudfront.net/1093021-MVjvvnKoy.image/jpg,1,"2020-10-05 17:57:27",NULL,"2020-10-05 18:09:07",NULL
276350,1093185,1,https://dqktdb1dhykn6.cloudfront.net/1093185-UhRQM4Oja.image/jpg,1,"2020-10-03 00:12:12",NULL,"2020-10-05 16:08:54",NULL
277291,1094228,2,https://dqktdb1dhykn6.cloudfront.net/1094228-9mJ7mFBJX.image/jpg,0,"2020-10-03 23:53:24",NULL,NULL,NULL
278442,1095463,2,https://dqktdb1dhykn6.cloudfront.net/1095463-KdOYPkh64.image/jpeg,1,"2020-10-04 22:58:31",NULL,"2020-10-05 17:52:15",NULL
279549,1096655,2,https://dqktdb1dhykn6.cloudfront.net/1096655-YJfWpt27H.image/jpg,1,"2020-10-06 00:13:05",NULL,"2020-10-06 17:43:03",NULL
279749,1096679,2,https://dqktdb1dhykn6.cloudfront.net/1096679-3g2Gip1ty.image/jpeg,1,"2020-10-06 03:11:03",NULL,"2020-10-06 17:54:29",NULL
280579,1097768,2,https://dqktdb1dhykn6.cloudfront.net/1097768-Zqw8UPirq.image/jpg,1,"2020-10-07 02:28:26",NULL,"2020-10-14 20:14:40",NULL
345672,1097768,2,https://dqktdb1dhykn6.cloudfront.net/1097768-JJdCFqMdh.image/jpeg,1,"2021-01-02 02:50:20",NULL,"2021-01-04 20:01:43",NULL
280637,1097820,1,https://dqktdb1dhykn6.cloudfront.net/1097820-sUcTVJqgp.image/jpeg,1,"2020-10-07 03:22:13",NULL,"2020-10-07 16:44:57",NULL
282354,1099795,1,https://dqktdb1dhykn6.cloudfront.net/1099795-Y4ch8nagN.image/jpg,0,"2020-10-09 03:51:52",NULL,NULL,NULL
283105,1100563,2,https://dqktdb1dhykn6.cloudfront.net/1100563-tpoF0VOd4.image/jpg,1,"2020-10-10 02:52:11",NULL,"2020-10-15 22:57:22",NULL
284571,1102333,1,https://dqktdb1dhykn6.cloudfront.net/1102333-8bTH8Uo1C.image/jpg,0,"2020-10-11 22:00:07",NULL,NULL,NULL
286228,1104227,2,https://dqktdb1dhykn6.cloudfront.net/1104227-MwkHTucsc.image/jpeg,1,"2020-10-13 19:42:38",NULL,"2020-10-20 17:27:30",NULL
286298,1104334,1,https://dqktdb1dhykn6.cloudfront.net/1104334-5fb3gleZM.image/jpg,1,"2020-10-13 21:32:42",NULL,"2020-10-20 17:29:43",NULL
286664,1104697,2,https://dqktdb1dhykn6.cloudfront.net/1104697-teucu3rg2.image/jpeg,1,"2020-10-14 04:53:53",NULL,"2020-10-20 19:39:30",NULL
286696,1104776,2,https://dqktdb1dhykn6.cloudfront.net/1104776-Hs30p05ue.image/jpg,0,"2020-10-14 05:27:11",NULL,NULL,NULL
292280,1104776,2,https://dqktdb1dhykn6.cloudfront.net/1104776-HMdwhtO5z.image/jpg,1,"2020-10-21 15:44:56",NULL,"2020-10-26 22:27:16",NULL
324045,1104776,2,https://dqktdb1dhykn6.cloudfront.net/1104776-xk4xtU9NU.image/jpg,0,"2020-12-01 19:40:45",NULL,NULL,NULL
324876,1104776,2,https://dqktdb1dhykn6.cloudfront.net/1104776-J8HgUFc43.image/jpg,1,"2020-12-02 21:49:06",NULL,"2020-12-03 17:39:02",NULL
364457,1104776,2,https://dqktdb1dhykn6.cloudfront.net/1104776-cikMOSEzt.image/jpg,1,"2021-01-25 01:03:07",NULL,"2021-01-27 19:04:52",NULL
287202,1105356,2,https://dqktdb1dhykn6.cloudfront.net/1105356-LD0EI2OCl.image/jpg,1,"2020-10-15 01:05:51",NULL,"2020-10-20 19:57:51",NULL
288201,1106512,2,https://dqktdb1dhykn6.cloudfront.net/1106512-GxCSx2sYx.image/jpeg,1,"2020-10-16 07:06:48",NULL,"2020-10-21 16:32:11",NULL
288333,1106646,1,https://dqktdb1dhykn6.cloudfront.net/1106646-q0qBjOZkk.image/jpeg,1,"2020-10-16 15:30:14",NULL,"2020-10-21 16:54:12","{""isR"":false,""rScore"":0.22762064635753632,""isAdultContent"":false,""adultScore"":0.2142181247472763,""faces"":[]}"
289391,1107806,1,https://dqktdb1dhykn6.cloudfront.net/1107806-3CJaY8dEQ.image/jpeg,0,"2020-10-18 01:08:08",NULL,NULL,NULL
289542,1107952,2,https://dqktdb1dhykn6.cloudfront.net/1107952-WBUbntzJF.image/jpeg,0,"2020-10-18 03:33:31",NULL,NULL,NULL
292528,1107952,2,https://dqktdb1dhykn6.cloudfront.net/1107952-3Bn3yg6nA.image/jpeg,1,"2020-10-22 00:11:08",NULL,"2020-10-26 22:47:36",NULL
289621,1108061,2,https://dqktdb1dhykn6.cloudfront.net/1108061-yqwLtx5K1.image/jpeg,0,"2020-10-18 04:57:50",NULL,NULL,NULL
299724,1108061,1,https://dqktdb1dhykn6.cloudfront.net/1108061-wnh7HwUU2.image/jpeg,1,"2020-10-31 05:27:06",NULL,"2020-11-02 21:42:26",NULL
290082,1108598,1,https://dqktdb1dhykn6.cloudfront.net/1108598-xwLBhB0sM.image/jpg,1,"2020-10-18 21:16:19",NULL,"2020-10-21 19:51:37",NULL
290690,1109280,2,https://dqktdb1dhykn6.cloudfront.net/1109280-IwKtWr7MK.image/jpeg,1,"2020-10-19 06:47:54",NULL,"2020-10-23 18:26:01",NULL
